관리코드,스마트스토어,자사몰,ESM,배민상회,식봄,올웨이즈,캐시노트,쿠팡,토마토,알리
45-20-+01,0.04,0.05,0.04,0.05,0.05,0.05,0.04,0.04,0.04,0.04
45-08,0.03,0.04,0.04,0.04,0.04,0.04,0.03,0.03,0.03,0.03
45-12-04,0.04,0.06,0.04,0.06,0.06,0.06,0.04,0.04,0.04,0.04
45-10-01,0.03,0.03,0.03,0.04,0.0463,0.04,0.03,0.03,0.03,0.03
45-05,0.03,0.04,0.04,0.04,0.04,0.04,0.04,0.03,0.03,0.04
50-32,0.03,0.06,0.03,0.06,0.06,0.06,0.04,0.03,0.03,0.03
50-21-01,0.04,0.04,0.04,0.04,0.04,0.04,0.04,0.04,0.04,0.04
50-20-01,0.035,0.04,0.035,0.04,0.06,0.06,0.035,0.035,0.035,-0.045
50-75-02,0.03,0.04,0.03,0.04,0.035,0.04,0.03,0.03,0.03,0.03
45-12-06,0.03,0.03,0.03,0.05,0.05,0.05,0.03,0.03,0.03,0.03
45-10-09,0.035,0.035,0.045,0.045,0.045,0.045,0.035,0.035,0.03,0.035
10-02,0.043,0.04,0.04,0.04,0.04,0.04,0.09,0.05,0.05,0.05
46-04,0.059,0.043,0.043,0.043,0.043,0.043,0.065,0.043,0.0555,0.063
11-16,0.054,0.05,0.05,0.05,0.05,0.05,0.05,0.05,0.05,0.05
23-31,0.0859,0.15,0.0827,0.15,0.0882,0.15,0.08,0.15,0.15,0.087
26-12,0.0511,0.1363,0.065,0.1363,0.0603,0.1363,0.06,0.136,0.1362,0.0674
26-27-02,0.061,0.1706,0.0851,0.17,0.091,0.17,0.106,0.1196,0.1575,0.1424
23-333-01,0.1239,0.1865,0.1253,0.18,0.1004,0.18,0.108,0.2,0.1858,0.1113
26-27-04,0.038,0.1706,0.102,0.17,0.091,0.17,0.106,0.1359,0.0815,0.1424
23-05,0.064,0.115,0.12,0.115,0.115,0.115,0.064,0.119,0.116,0.064
29-00,0.0423,0.09,0.0697,0.09,0.0616,0.09,0.068,0.09,0.09,0.09
25-40,0.12,0.16,0.092,0.16,0.0973,0.16,0.088,0.16,0.15,0.16
20-10,0.1061,0.1161,0.1238,0.1361,0.1166,0.1361,0.12,0.14,0.1371,0.1361
BT10EA-20-10,0.1,0.1,0.0843,0.1,0.1,0.1,0.1,0.1,0.1,0.1
15-04-01,0.07,0.07,0.2711,0.07,0.07,0.07,0.059,0.07,0.07,0.07
08-28,0.056,0.045,0.045,0.045,0.045,0.045,0.035,0.045,0.0569,0.045
10-01,0.046,0.05,0.05,0.05,0.05,0.1,0.036,0.1,0.1,0.1
24-12-10,0.053,0.04,0.04,0.04,0.04,0.04,0.03,0.04,0.04,0.04
14-02-02,0.043,0.07,0.07,0.07,0.07,0.07,0.03,0.07,0.07,0.07
23-05-01,0.0518,0.0718,0.0803,0.072,0.072,0.072,0.06,0.0803,0.0741,0.072
46-04-01,0.064,0.05,0.05,0.05,0.05,0.05,0.057,0.05,0.05,0.05
BT10EA-20-04,0.08,0.08,0.08,0.08,0.08,0.08,0.08,0.08,0.08,0.08
FH6-11-17,0.07,0.1,0.1,0.1,0.1,0.1,0.1064,0.1064,0.1064,0.1064
11-17,0.05,0.05,0.05,0.05,0.05,0.05,0.046,0.05,0.05,0.05
GB140G12EA-10-02,0.04,0.04,0.04,0.04,0.04,0.04,0.09,0.05,0.05,0.05
22-10,0.0341,0.0459,0.0476,0.0459,0.0459,0.0459,0.0359,0.0665,0.051,0.0459
22-11,0.0341,0.0459,0.0365,0.0459,0.0459,0.0459,0.0359,0.0545,0.048,0.0459
22-13,0.0435,0.0558,0.0487,0.0558,0.0558,0.0558,0.0418,0.0665,0.0585,0.0558
20-90-11,0.064,0.08,0.0613,0.08,0.08,0.08,0.08,0.08,0.08,0.08
35-07,0.03,0.0466,0.04,0.0466,0.0466,0.0466,0.03,0.0621,0.0504,0.0466
23-16,0.1124,0.2,0.2503,0.2,0.2465,0.2,0.2,0.2,0.2,0.2565
23-18,0.076,0.076,0.2837,0.076,0.1328,0.076,0.076,0.232,0.115,0.1446
23-08,0.0622,0.0622,0.1558,0.062,0.1566,0.062,0.062,0.0664,0.0631,0.1581
23-40.,0.0383,0.0383,0.1719,0.04,0.062,0.04,0.04,0.1587,0.0695,0.0753
29-17,0.0471,0.0471,0.0893,0.0471,0.0958,0.0471,0.0471,0.0574,0.0497,0.0758
11-75-04,0.107,0.23,0.1047,0.23,0.1009,0.08,0.23,0.23,0.23,0.1103
23-19,0.0103,0.213,0.1706,0.0924,0.0924,0.0924,0.0054,0.1314,0.1172,0.1319
26-27-03,0.061,0.1706,0.0851,0.17,0.13,0.17,0.106,0.1196,0.1575,0.1424
23-34-01,0.15,0.15,0.2632,0.15,0.15,0.15,0.15,0.15,0.15,0.2671
20-02-02,0.05,0.05,0.0889,0.05,0.0655,0.05,0,0.05,0.05,0.05
26-04,0.1216,0.15,0.0515,0.15,0.0558,0.15,0.112,0.15,0.15,0.15
26-09-01,0.0592,0.0997,0.1682,0.1,0.0597,0.1,0.1,0.2107,0.1276,0.1
23-28,0.078,0.15,0.1112,0.1543,0.1071,0.1543,0.127,0.154,0.1537,0.1543
23-29,0.0584,0.1595,0.0894,0.1595,0.098,0.1595,0.112,0.159,0.1593,0.1595
31-03-08-CB-31-03-01,0.06,0.06,0.0331,0.06,0.0384,0.06,0.06,0.06,0.06,0.06
FH6-14-01,0.0554,0.0741,0.0533,0.0741,0.0741,0.0741,0.0741,0.0741,0.0741,0.0741
22-12,0.03,0.0406,0.0324,0.04,0.04,0.04,0.04,0.0501,0.0426,0.04
22-13-01,0.03,0.0459,0.0342,0.0459,0.0459,0.0459,0.0459,0.0536,0.0478,0.0459
MGG1EA-67-74-01,0.217,0.08,0.1566,0.08,0.08,0.08,0.08,0.08,0.08,0.08
MGG1EA-67-74,0.217,0.08,0.1566,0.08,0.08,0.08,0.08,0.08,0.08,0.08
BT10EA-28-50,0.0733,0.1,0.0652,0.1,0.1,0.1,0.1,0.1,0.1,0.1
40-09-02,0.1057,0.15,0.1094,0.15,0.15,0.15,0.108,0.15,0.15,0.15
31-03-07-CB-31-03-01,0.06,0.06,0.0435,0.06,0.06,0.06,0.06,0.06,0.06,0.06
20-01-01,0.057,0.08,0.1251,0.08,0.08,0.08,0.08,0.08,0.08,0.08
29-01-03,0.03,0.03,0.1482,0.03,0.03,0.03,0.03,0.03,0.03,0.03
29-30.,0.0414,0.0414,0.0678,0.04,0.04,0.04,0.04,0.0537,0.0436,0.04
22-11-01,0.0459,0.0459,0.0345,0.0459,0.0459,0.0459,0.0359,0.0545,0.048,0.0459
23-17,0.0944,0.0944,0.2424,0.094,0.094,0.094,0.094,0.1198,0.1005,0.094
67-74,0,0.08,0.1136,0.08,0.08,0.08,0.08,0.08,0.08,0.08
23-40,0.03,0.04,0.0755,0.04,0.04,0.04,0.04,0.04,0.04,0.04
67-74-01,0,0.08,0.1136,0.08,0.08,0.08,0.08,0.08,0.08,0.08
11-75-01,0.183,0.22,0.1493,0.22,0.22,0.22,0.196,0.22,0.22,0.22
KRPY1EA-67-73-01,0.15,0.15,0.17,0.15,0.15,0.15,0.15,0.15,0.15,0.15
KRPY1EA-67-73,0.15,0.15,0.174,0.15,0.15,0.15,0.15,0.15,0.15,0.15
54-100,0.1495,0.1495,0.225,0.15,0.15,0.15,0.15,0.15,0.1499,0.15
23-15,0.1184,0.192,0.0915,0.192,0.192,0.192,0.192,0.0915,0.1669,0.192
26-01,0.1075,0.1201,0.1093,0.12,0.12,0.12,0.12,0.1093,0.1173,0.12
23-48.,0.1157,0.2,0.2,0.2,0.2,0.2,0.2,0.2,0.2,0.2
35-18-05,0.03,0.06,0.06,0.06,0.0422,0.06,0.03,0.06,0.06,0.06
35-27,0.0356,0.0656,0.0765,0.0656,0.0422,0.0656,0,0.0765,0.0683,0.0656
35-18-10,0.0456,0.08,0.08,0.08,0.08,0.08,0.0584,0.08,0.08,0.08
52-55.,0.0495,0.06,0.06,0.06,0.06,0.06,0.0323,0.06,0.06,0.06
11-03,0.0424,0.0354,0.035,0.0354,0.0354,0.0354,0.0251,0.035,0.0273,0.0354
31-03-01,0.03,0.03,0.03,0.03,0.03,0.03,0.03,0.03,0.03,0.03
31-03-06,0.03,0.03,0.03,0.03,0.03,0.03,0.03,0.03,0.03,0.03
35-06,0.207,0.08,0.08,0.08,0.08,0.08,0.0451,0.08,0.08,0.08
35-27-02,0.058,0.06,0.06,0.06,0.06,0.06,0.0422,0.06,0.06,0.06
35-18-09,0.05,0.06,0.06,0.06,0.06,0.06,0.0422,0.06,0.06,0.06
22-08,0.03,0.05,0.05,0.05,0.05,0.05,0.03,0.05,0.05,0.05
24-34,0.05,0.05,0.05,0.05,0.05,0.05,0.0349,0.05,0.05,0.05
22-01-04,0.035,0.04,0.04,0.04,0.04,0.04,0.03,0.04,0.04,0.04
31-03-09,0.03,0.03,0.03,0.03,0.03,0.03,0.0192,0.03,0.03,0.03
31-03-08,0.03,0.03,0.03,0.03,0.03,0.03,0.03,0.03,0.03,0.03
27-36,0.0304,0.0304,0.0474,0.03,0.03,0.03,0.03,0.0474,0.0344,0.03
31-03-10,0.03,0.03,0.03,0.03,0.03,0.03,0.03,0.03,0.03,0.03
29-04-02,0.044,0.044,0.0558,0.044,0.044,0.044,0.0335,0.0558,0.0469,0.044
31-50-03,0.0452,0.0452,0.05,0.0452,0.0452,0.0452,0.03,0.05,0.0464,0.0452
27-04,0.0474,0.0474,0.0526,0.0474,0.0474,0.0474,0.03,0.0526,0.0487,0.0474
28-12,0.04,0.04,0.0529,0.04,0.04,0.04,0.03,0.0529,0.0432,0.04
25-50-06,0.0336,0.0436,0.044,0.0436,0.0436,0.0436,0.0335,0.044,0.0437,0.0436
81-30,0.0537,0.0537,0.057,0.057,0.057,0.057,0.0469,0.057,0.0566,0.057
31-44,0.0604,0.0704,0.0741,0.0854,0.0654,0.0704,0.03,0.0741,0.0732,0.0704
27-014,0.03,0.03,0.03,0.03,0.03,0.03,0.03,0.03,0.03,0.03
32-16-04,0.088,0.07,0.07,0.07,0.07,0.07,0.03,0.07,0.07,0.07
24-02,0.0378,0.0378,0.0471,0.04,0.04,0.04,0.03,0.0471,0.0415,0.04
27-25,0.045,0.045,0.0486,0.045,0.045,0.045,0.03,0.0486,0.0459,0.045
28-20,0.0625,0.0625,0.0685,0.0625,0.0625,0.0625,0.0419,0.0685,0.064,0.0625
12-18-11,0.04,0.04,0.04,0.04,0.04,0.04,0.03,0.04,0.04,0.04
39-80..,0.0547,0.0547,0.055,0.0547,0.0547,0.0547,0.0545,0.065,0.0648,0.0547
25-273,0.16,0.16,0.16,0.16,0.16,0.16,0.16,0.16,0.16,0.0589
23-333,0.115,0.115,0.19,0.115,0.115,0.115,0.115,0.19,0.1338,0.1674
21-09,0.0378,0.0478,0.0571,0.0478,0.0478,0.0478,0.0478,0.0571,0.0501,0.0478
23-39..,0.1865,0.1865,0.1553,0.18,0.18,0.18,0.18,0.1553,0.1746,0.18
50-24-01,0.05,0.05,0.05,0.05,0.05,0.05,0.05,0.05,0.05,0.05
21-103,0.038,0.08,0.08,0.08,0.0576,0.08,0.08,0.08,0.08,0.08
17-02,0.0797,0.0797,0.08,0.08,0.0637,0.08,0.08,0.08,0.08,0.08
35-01,0.076,0.08,0.08,0.08,0.0641,0.08,0.064,0.08,0.08,0.08
SP340G6EA-57-04,0.1,0.1,0.1,0.1,0.0797,0.1,0.1,0.1,0.1,0.1
21-91,0.068,0.1574,0.1625,0.1574,0.1192,0.1574,0.13,0.1625,0.1587,0.1574
22-04-00,0.07,0.07,0.07,0.07,0.0471,0.07,0.039,0.07,0.07,0.05
28-13-05,0.0882,0.09,0.09,0.09,0.09,0.09,0.08,0.09,0.09,0.09
PC002764,0.0487,0.08,0.08,0.08,0.08,0.08,0.08,0.08,0.08,0.08
PC001074,0.0511,0.08,0.08,0.08,0.08,0.08,0.08,0.08,0.08,0.08
PC001083,0.0579,0.08,0.08,0.08,0.08,0.08,0.08,0.08,0.08,0.08
PC001069,0.0535,0.08,0.08,0.08,0.08,0.08,0.08,0.08,0.08,0.08
26-03,0.1013,0.1141,0.114,0.1141,0.1141,0.1141,0.1141,0.114,0.1141,0.1141
23-18-01,0.065,0.1475,0.15,0.15,0.125,0.15,0.112,0.15,0.1497,0.15
23-34-05,0.1194,0.2,0.2,0.2,0.2,0.2,0.2,0.2,0.2,0.2
23-35-01,0,0.1865,0.0637,0.18,0.18,0.18,0.18,0.0637,0.1517,0.18
23-23-01,0.0285,0.0988,0.099,0.099,0.099,0.099,0.099,0.099,0.099,0.099
26-06,0.064,0.211,0.082,0.211,0.211,0.211,0.126,0.082,0.1788,0.211
26-27-06,0.039,0.1706,0.2322,0.17,0.13,0.17,0.13,0.2322,0.1856,0.17
26-27-05,0.061,0.1706,0.2322,0.17,0.13,0.17,0.13,0.2322,0.1856,0.17
21-91-01,0.0888,0.17,0.17,0.17,0.17,0.17,0.16,0.17,0.17,0.17
24-52,0.0357,0.0357,0.0375,0.0357,0.0357,0.0357,0.0357,0.0375,0.0362,0.0357
21-108-110-13,0.033,0.033,0.033,0.033,0.033,0.033,0.033,0.033,-0.007,0.033
21-108-110-11,0.043,0.035,0.035,0.035,0.035,0.035,0.03,0.035,0.035,0.035
21-108-110-07,0.039,0.035,0.035,0.035,0.035,0.035,0.035,0.035,0.035,0.035
CMN200T1EA-21-108-110-13,0.035,0.035,0.035,0.035,0.035,0.035,0.035,0.035,0.035,0.035
53-01,0.06,0.06,0.06,0.06,0.06,0.06,0.06,0.06,0.06,0.06
OIL1P8L6EA-53-01,0.09,0.09,0.09,0.09,0.09,0.09,0.09,0.09,0.09,0.09
15-05,0.03,0.035,0.03,0.015,0.03,0.03,0.03,0.035,0.045,0.045
14-01,0.05,0.05,0.05,0.04,0.04,0.05,0.044,0.05,0.0475,0.05
46-04-02,0.0461,0.0401,0.0413,0.0401,0.0401,0.0401,0.0401,0.0413,0.0404,0.04
GB130G12EA-10-07,0.06,0.06,0.06,0.06,0.06,0.06,0.06,0.06,0.06,0.06
TU200G6EA-11-03,0.0404,0.0404,0.0404,0.0404,0.0404,0.0404,0.0404,0.0404,0.0404,0.0404
TU200G6EA-15-07,0.0402,0.0402,0.0402,0.0402,0.0402,0.0402,0.0402,0.0402,0.0402,0.0402
15-07,0.0402,0.0402,0.0414,0.0402,0.0402,0.0402,0.0402,0.0414,0.0405,0.0402
10-04,0.05,0.05,0.05,0.05,0.05,0.05,0.04,0.05,0.0411,0.05
GB230G6EA-10-01,0.06,0.06,0.06,0.06,0.06,0.06,0.06,0.06,0.06,0.06
10-07,0.045,0.04,0.04,0.04,0.04,0.04,0.04,0.04,0.05,0.04
GB140G12EA-46-04-02,0.0601,0.0601,0.0601,0.0601,0.0601,0.0601,0.0601,0.0601,0.0601,0.0601
FH6-10-04,0.0805,0.0805,0.0805,0.0805,0.0805,0.0805,0.0805,0.0805,0.0805,0.0805
28-53-03,0.07,0.07,0.07,0.07,0.07,0.07,0.07,0.07,0.07,0.07
55-01-02,0.07,0.1,0.1,0.1,0.1,0.1,0.1,0.1,0.1,0.1
38-09-03,0.08,0.1,0.1054,0.12,0.12,0.12,0.12,0.1054,0.1589,0.12
28-52,0.165,0.2123,0.1296,0.0803,0.0803,0.0803,0.0803,0.1296,0.1154,0.0803
28-50,0.0946,0.1246,0.1561,0.15,0.15,0.15,0.15,0.1561,0.1509,0.15
25-59-03,0.06,0.06,0.07,0.07,0.07,0.07,0.07,0.07,0.07,0.07
28-13,0.108,0.09,0.09,0.09,0.09,0.09,0.09,0.09,0.09,0.09
20-04,0.15,0.15,0.15,0.15,0.15,0.15,0.15,0.15,0.15,0.15
28-51,0.0996,0.0996,0.1,0.1836,0.0576,0.0576,0.0576,0.1,0.1007,0.0576
28-52-02,0.107,0.1,0.1,0.1,0.1,0.1,0.03,0.1,0.1,0.1
22-56,0.069,0.089,0.0964,0.089,0.089,0.089,0.089,0.0964,0.0908,0.089
55-01,0.137,0.1,0.1,0.1,0.1,0.1,0.12,0.12,0.105,0.12
28-31,0.0797,0.0797,0.0879,0.08,0.08,0.08,0.08,0.0879,0.0819,0.08
22-57,0.1,0.1,0.1,0.1,0.1,0.1,0.09,0.1,0.1,0.1
28-52-01,0.244,0.244,0.145,0.237,0.08,0.08,0.08,0.145,0.1426,0.08
55-09,0.0957,0.0957,0.0984,0.0957,0.0957,0.0957,0.0957,0.0984,0.0964,0.0957
20-12-01,0.0246,0.0896,0.0938,0.09,0.09,0.09,0.09,0.0938,0.0909,0.09
20-05,0.07,0.07,0.0505,0.08,0.08,0.08,0.08,0.0505,0.0726,0.08
28-24-01,0.055,0.08,0.1,0.1,0.1,0.1,0.067,0.1,0.0975,0.1
28-06,0.17,0.17,0.17,0.17,0.17,0.17,0.17,0.17,0.17,0.17
38-09,0.3079,0.3079,0.1,0.1,0.1,0.1,0.1,0.1,0.126,0.1
28-53,0.0567,0.0567,0.4581,0.0567,0.0567,0.0567,0.0567,0.4581,0.1571,0.0567
28-60-04,0.13,0.13,0.13,0.13,0.13,0.13,0.13,0.13,0.13,0.13
81-40,0.1,0.1,0.15,0.15,0.15,0.15,0.15,0.15,0.15,0.15
10-29,0.0467,0.0397,0.0424,0.0397,0.0397,0.0397,0.0397,0.0424,0.0404,0.0397
11-74-04,0.04,0.04,0.04,0.04,0.049,0.04,0.04,0.04,0.04,0.04
11-74-01,0.06,0.07,0.05,0.07,0.07,0.07,0.06,0.07,0.07,0.07
24-35-01,0.024,0.02,0.01,0.02,0.02,0.02,0.03,0.02,0.02,0.01
24-35-03,0.01,0.02,0.01,0.02,0.02,0.02,0.011,0.02,0.02,0.01
24-35-02,0.01,0.02,0.01,0.02,0.02,0.02,0.03,0.02,0.02,0.01
45-27,0.04,0.04,0.04,0.04,0.04,0.04,0.04,0.04,0.04,0.04
SC500G4EA-08-47-01,0.12,0.12,0.12,0.12,0.12,0.12,0.12,0.12,0.12,0.12
OIL500ML6EA-08-20-03,0.25,0.25,0.25,0.25,0.25,0.25,0.25,0.25,0.25,0.25
PC003744,0.05,0.05,0.05,0.05,0.05,0.05,0.05,0.05,0.05,0.05
PC003742,0.08,0.08,0.08,0.08,0.08,0.08,0.08,0.08,0.08,0.08
PC003739,0.08,0.08,0.08,0.08,0.08,0.08,0.08,0.08,0.08,0.08
PC002759,0.06,0.06,0.06,0.06,0.06,0.06,0.06,0.06,0.06,0.06
PC002653,0.07,0.07,0.07,0.07,0.07,0.07,0.07,0.07,0.07,0.07
PC001082,0.07,0.07,0.07,0.07,0.07,0.07,0.07,0.07,0.07,0.07
PC001059,0.06,0.06,0.06,0.06,0.06,0.06,0.06,0.06,0.06,0.06
PC000669,0.06,0.06,0.06,0.06,0.06,0.06,0.06,0.06,0.06,0.06
PC000363,0.07,0.07,0.07,0.07,0.07,0.07,0.07,0.07,0.07,0.07
PC003913,0.08,0.08,0.08,0.08,0.08,0.08,0.08,0.08,0.08,0.08
PC003695,0.08,0.08,0.08,0.08,0.08,0.08,0.08,0.08,0.08,0.08
PC003422,0.08,0.08,0.08,0.08,0.08,0.08,0.08,0.08,0.08,0.08
PC003265,0.08,0.08,0.08,0.08,0.08,0.08,0.08,0.08,0.08,0.08
PC002668,0.08,0.08,0.08,0.08,0.08,0.08,0.08,0.08,0.08,0.08
PC002652,0.08,0.08,0.08,0.08,0.08,0.08,0.08,0.08,0.08,0.08
PC002510,0.08,0.08,0.08,0.08,0.08,0.08,0.08,0.08,0.08,0.08
PC002457,0.08,0.08,0.08,0.08,0.08,0.08,0.08,0.08,0.08,0.08
PC002456,0.08,0.08,0.08,0.08,0.08,0.08,0.08,0.08,0.08,0.08
PC002390,0.08,0.08,0.08,0.08,0.08,0.08,0.08,0.08,0.08,0.08
PC001958,0.08,0.08,0.08,0.08,0.08,0.08,0.08,0.08,0.08,0.08
PC001767,0.08,0.08,0.08,0.08,0.08,0.08,0.08,0.08,0.08,0.08
PC001765,0.08,0.08,0.08,0.08,0.08,0.08,0.08,0.08,0.08,0.08
PC001081,0.08,0.08,0.08,0.08,0.08,0.08,0.08,0.08,0.08,0.08
PC001080,0.08,0.08,0.08,0.08,0.08,0.08,0.08,0.08,0.08,0.08
PC001070,0.08,0.08,0.08,0.08,0.08,0.08,0.08,0.08,0.08,0.08
PC001065,0.08,0.08,0.08,0.08,0.08,0.08,0.08,0.08,0.08,0.08
PC000362,0.08,0.08,0.08,0.08,0.08,0.08,0.08,0.08,0.08,0.08
PC000359,0.08,0.08,0.08,0.08,0.08,0.08,0.08,0.08,0.08,0.08
PC000356,0.08,0.08,0.08,0.08,0.08,0.08,0.08,0.08,0.08,0.08
PC000351,0.08,0.08,0.08,0.08,0.08,0.08,0.08,0.08,0.08,0.08
PC000346,0.08,0.08,0.08,0.08,0.08,0.08,0.08,0.08,0.08,0.08
PC000345,0.08,0.08,0.08,0.08,0.08,0.08,0.08,0.08,0.08,0.08
PC003582,0.08,0.08,0.08,0.08,0.08,0.08,0.08,0.08,0.08,0.08
PC001066,0.08,0.08,0.08,0.08,0.08,0.08,0.08,0.08,0.08,0.08
51-31,0.05,0.05,0.05,0.05,0.05,0.05,0.05,0.05,0.05,0.05
50-71-03,0.04,0.04,0.04,0.06,0.06,0.06,0.04,0.04,0.04,0.04
01-19-06,0.03,0.05,0.03,0.05,0.05,0.05,0.03,0.03,0.035,0.03
45-18-02,0.05,0.05,0.07,0.05,0.05,0.05,0.06,0.05,0.05,0.05
01-19-02,0.1,0.1,0.1,0.1,0.1,0.1,0.1,0.1,0.1,0.1
45-20-02,0.08,0.08,0.08,0.08,0.08,0.08,0.08,0.08,0.08,0.1
51-30,0.045,0.045,0.045,0.06,0.06,0.045,0.045,0.045,0.045,0.045
45-06,0.06,0.06,0.06,0.06,0.06,0.06,0.05,0.06,0.05,0.07
45-07,0.05,0.05,0.05,0.06,0.06,0.06,0.05,0.05,0.05,0.05
01-19-04,0.08,0.08,0.08,0.08,0.08,0.08,0.08,0.08,0.08,0.08
51-30-03,0.06,0.06,0.06,0.06,0.06,0.06,0.05,0.06,0.05,0.08
51-30-01,0.06,0.06,0.06,0.06,0.06,0.06,0.06,0.06,0.06,0.06
45-09-01,0.06,0.06,0.06,0.06,0.06,0.06,0.06,0.06,0.06,0.06
50-72-01,0.04,0.04,0.04,0.04,0.04,0.04,0.04,0.04,0.04,0.07
45-21,0.05,0.05,0.05,0.05,0.05,0.05,0.05,0.05,0.05,0.05
50-72,0.04,0.04,0.04,0.04,0.04,0.04,0.04,0.04,0.04,0.04
45-10-05,0.04,0.04,0.04,0.04,0.04,0.04,0.03,0.04,0.03,0.04
45-07-03,0.05,0.05,0.05,0.05,0.05,0.05,0.05,0.05,0.05,0.05
50-71-02,0.03,0.03,0.03,0.04,0.04,0.03,0.03,0.03,0.03,0.03
51-30-02,0.05,0.05,0.05,0.05,0.05,0.05,0.05,0.05,0.05,0.05
16-31-02,0.06,0.06,0.06,0.06,0.06,0.06,0.06,0.06,0.06,0.06
45-11,0.04,0.04,0.04,0.04,0.04,0.04,0.04,0.04,0.04,0.04
01-19-10,0.03,0.03,0.03,0.06,0.06,0.06,0.03,0.03,0.03,0.03
24-28-03,0.01,0.01,0.01,0.01,0.01,0.01,0.01,0.01,0.01,0.01
24-28-01,0.01,0.01,0.01,0.01,0.01,0.01,0.01,0.01,0.01,0.01
GB280G6EA-10-29,0.0657,0.0657,0.0657,0.0657,0.0657,0.0657,0.0657,0.0657,0.0657,0.0657
GB130G12EA-19-17,0.07,0.07,0.07,0.07,0.07,0.07,0.07,0.07,0.07,0.07
GB280G6EA-10-14,0.07,0.07,0.07,0.07,0.07,0.07,0.07,0.07,0.07,0.07
GB130G12EA-14-15,0.06,0.06,0.06,0.06,0.06,0.06,0.06,0.06,0.06,0.06
GB280G6EA-10-14-02,0.0756,0.0756,0.0756,0.0756,0.0756,0.0756,0.0756,0.0756,0.0756,0.0756
25-11,0.035,0.08,0.08,0.08,0.08,0.08,0.08,0.08,0.08,0.08
31-47-03,0.04,0.05,0.05,0.05,0.05,0.05,0.05,0.05,0.05,0.05
31-47-05,0.05,0.05,0.05,0.05,0.05,0.05,0.05,0.05,0.05,0.05
80-06,0.03,0.025,0.025,0.025,0.025,0.025,0.03,0.025,0.025,0.025
80-07,0.054,0.025,0.025,0.025,0.025,0.025,0.03,0.025,0.025,0.025
80-08,0.025,0.025,0.025,0.025,0.025,0.025,0.03,0.025,0.025,0.025
80-09,0.08,0.025,0.025,0.025,0.025,0.025,0.03,0.025,0.025,0.025
55-08,0.03,0.05,0.05,0.05,0.05,0.05,0.05,0.05,0.05,0.05
31-17,0.03,0.03,0.03,0.03,0.03,0.03,0.037,0.03,0.03,0.03
10-14-02,0.0486,0.0396,0.0429,0.0396,0.0396,0.0396,0.0396,0.0429,0.0479,0.0396
31-03-07-CB-31-03-08,0.06,0.06,0.06,0.06,0.06,0.06,0.06,0.06,0.06,0.06
31-22-02-CB-31-03-05,0.07,0.07,0.07,0.07,0.07,0.07,0.07,0.07,0.07,0.07
31-03-05-CB-27-16,0.07,0.07,0.07,0.07,0.07,0.07,0.07,0.07,0.07,0.07
31-03-05-CB-31-17,0.07,0.07,0.07,0.07,0.06,0.07,0.07,0.07,0.07,0.07
24-07-CB-24-07-01,0.03,0.03,0.03,0.03,0.03,0.03,0.03,0.03,0.03,0.02
24-07-CB-24-07-03,0.03,0.03,0.03,0.03,0.03,0.03,0.03,0.03,0.03,0.02
24-07-01-CB-24-07-03,0.03,0.03,0.03,0.03,0.03,0.03,0.03,0.03,0.03,0.02
24-28-02-CB-24-28-01,0.04,0.04,0.04,0.04,0.04,0.04,0.04,0.04,0.04,0.03
24-28-02-CB-24-28-03,0.04,0.04,0.04,0.04,0.04,0.04,0.04,0.04,0.04,0.03
24-28-01-CB-24-28-03,0.04,0.04,0.04,0.04,0.04,0.04,0.04,0.04,0.04,0.03
25-01-CB-25-01-01,0.15,0.15,0.15,0.15,0.15,0.15,0.15,0.15,0.15,0.15
25-01-CB-25-02,0.15,0.15,0.15,0.15,0.15,0.15,0.15,0.15,0.15,0.15
25-01-01-CB-25-02,0.15,0.15,0.15,0.15,0.15,0.15,0.15,0.15,0.15,0.15
11-40-001-CB-11-40-112,0.1,0.1,0.1,0.1,0.1,0.1,0.1,0.1,0.1,0.1
31-47-13-CB-31-47-12,0.07,0.07,0.07,0.07,0.07,0.07,0.07,0.07,0.07,0.07
31-47-13-CB-31-17,0.05,0.05,0.05,0.05,0.05,0.05,0.05,0.05,0.05,0.05
31-22-02-CB-31-17,0.07,0.07,0.07,0.07,0.07,0.07,0.07,0.07,0.07,0.07
31-22-02-CB-31-47-13,0.07,0.07,0.07,0.07,0.07,0.07,0.07,0.07,0.07,0.07
65-02,0.08,0.08,0.08,0.08,0.08,0.08,0.08,0.08,0.08,0.08
31-03-02,0.03,0.03,0.03,0.03,0.03,0.03,0.03,0.03,0.03,0.03
35-05,0.071,0.08,0.08,0.08,0.08,0.08,0.068,0.08,0.08,0.08
20-07-04,0.08,0.08,0.08,0.08,0.08,0.08,0.08,0.08,0.08,0.08
35-14,0.08,0.08,0.08,0.08,0.08,0.08,0.03,0.08,0.08,0.08
35-18-06,0.06,0.08,0.08,0.08,0.08,0.08,0.08,0.08,0.08,0.08
35-18-07,0.032,0.08,0.08,0.08,0.08,0.08,0.08,0.08,0.08,0.08
35-18-08,0.026,0.08,0.08,0.08,0.08,0.08,0.002,0.08,0.08,0.08
RC850G6EA-11-74-02,0.06,0.06,0.06,0.06,0.06,0.06,0.06,0.06,0.06,0.06
20-09-01,0.07,0.07,0.07,0.07,0.07,0.07,0.07,0.07,0.07,0.07
31-03-07,0.036,0.03,0.03,0.03,0.03,0.03,0.03,0.03,0.03,0.03
27-01-02,0.059,0.05,0.05,0.05,0.05,0.05,0.05,0.05,0.05,0.05
11-39-05,0.05,0.05,0.05,0.05,0.05,0.05,0.05,0.05,0.05,0.05
29-01,0.05,0.05,0.05,0.05,0.05,0.05,0.04,0.05,0.05,0.05
15-15-06,0.066,0.05,0.05,0.05,0.05,0.05,0.05,0.05,0.05,0.05
FH6-10-00,0.09,0.1,0.09,0.09,0.09,0.11,0.11,0.11,0.11,0.11
11-19,0.08,0.08,0.08,0.08,0.08,0.08,0.08,0.08,0.08,0.08
31-11,0.039,0.05,0.05,0.05,0.05,0.05,0.032,0.05,0.05,0.05
29-02,0.05,0.05,0.05,0.05,0.05,0.05,0.05,0.05,0.05,0.05
57-04,0.04,0.06,0.06,0.07,0.06,0.06,0.04,0.06,0.0587,0.06
31-13-01,0.05,0.05,0.05,0.05,0.05,0.05,0.03,0.05,0.05,0.05
22-01-06,0,0.05,0.05,0.05,0.05,0.05,0.05,0.05,0.05,0.05
31-42,0.05,0.05,0.05,0.05,0.05,0.05,0.05,0.05,0.05,0.05
21-08,0.04,0.05,0.05,0.05,0.05,0.05,0.04,0.05,0.05,0.05
29-07,0.05,0.05,0.05,0.05,0.05,0.05,0.05,0.05,0.05,0.05
31-03-05,0.03,0.03,0.03,0.03,0.03,0.03,0.03,0.03,0.03,0.03
31-22-02,0.03,0.03,0.03,0.03,0.03,0.03,0.03,0.03,0.03,0.03
31-13-03,0.04,0.05,0.05,0.05,0.05,0.05,0.04,0.05,0.05,0.05
29-19,0.066,0.05,0.05,0.05,0.05,0.05,0.05,0.05,0.05,0.05
10-21-04,0.0651,0.0651,0.0661,0.0651,0.0651,0.0651,0.0651,0.0661,0.0654,0.0651
27-16,0.03,0.03,0.03,0.03,0.03,0.03,0.038,0.03,0.03,0.03
24-05,0.04,0.04,0.04,0.04,0.04,0.04,0.03,0.04,0.04,0.04
31-01-04,0.051,0.03,0.03,0.03,0.03,0.03,0.03,0.03,0.03,0.03
31-04-02,0.03,0.045,0.0251,0.045,0.045,0.045,0.03,0.0251,0.0275,0.02
31-47-01,0.03,0.03,0.03,0.03,0.03,0.03,0.036,0.03,0.03,0.03
31-05-01,0.035,0.045,0.035,0.045,0.045,0.045,0.03,0.035,0.03,0.02
31-03-11,0.03,0.03,0.03,0.03,0.03,0.03,0.03,0.03,0.03,0.03
31-03-04,0.03,0.03,0.03,0.03,0.03,0.03,0.03,0.03,0.03,0.03
27-37,0.035,0.035,0.035,0.035,0.035,0.035,0.03,0.035,0.035,0.035
27-07-02,0.03,0.03,0.03,0.03,0.03,0.03,0.03,0.03,0.03,0.03
25-01,0.134,0.134,0.134,0.134,0.134,0.134,0.039,0.134,0.134,0.134
24-174,0.01,0.01,0.01,0.01,0.01,0.01,0.01,0.01,0.01,0.01
24-175,0.01,0.01,0.01,0.01,0.01,0.01,0.01,0.01,0.01,0.01
27-64,0.0326,0.0326,0.0322,0.04,0.04,0.03,0.03,0.0322,0.0434,0.02
24-173,0.01,0.01,0.01,0.01,0.01,0.01,0.01,0.01,0.01,0.01
24-08-02,0.0381,0.0381,0.038,0.038,0.038,0.038,0.038,0.038,0.038,0.028
31-01-01,0.045,0.045,0.0449,0.045,0.045,0.045,0.036,0.0449,0.0438,0.036
39-91,0.0307,0.0407,0.0449,0.0407,0.0407,0.0407,0.0407,0.0449,0.0417,0.0407
24-07-03,0.01,0.01,0.01,0.01,0.01,0.01,0.01,0.01,0.01,0.01
25-50-01,0.0354,0.0454,0.0488,0.0454,0.0454,0.0454,0.0454,0.0488,0.0463,0.0454
24-07-01,0.01,0.01,0.01,0.01,0.01,0.01,0.01,0.01,0.01,0.01
31-03-03,0.03,0.03,0.03,0.03,0.03,0.03,0.03,0.03,0.03,0.03
21-100,0.0301,0.0431,0.04,0.043,0.043,0.043,0.043,0.04,0.0577,0.043
24-07,0.01,0.01,0.01,0.01,0.01,0.01,0.01,0.01,0.01,0.01
14-10,0.062,0.062,0.067,0.062,0.062,0.062,0.062,0.067,0.0632,0.062
24-08,0.043,0.043,0.043,0.043,0.043,0.043,0.043,0.043,0.043,0.033
24-28-02,0.02,0.02,0.02,0.02,0.02,0.02,0.02,0.02,0.02,0.02
39-29..,0.08,0.08,0.08,0.08,0.08,0.08,0.08,0.08,0.08,0.08
11-21,0.045,0.045,0.0462,0.055,0.055,0.055,0.055,0.0462,0.0366,0.055
15-04,0.0856,0.0856,0.086,0.0856,0.0656,0.0856,0.0896,0.086,0.0895,0.0856
12-30,0.08,0.08,0.08,0.08,0.08,0.08,0.08,0.08,0.08,0.08
31-10,0.035,0.035,0.0329,0.035,0.035,0.035,0.045,0.0329,0.047,0.025
YZ285G6EA-11-28-02,0.0748,0.0748,0.0748,0.0748,0.0748,0.0748,0.0748,0.0748,0.0748,0.0748
TU250G6EA-11-21,0.08,0.08,0.08,0.08,0.08,0.08,0.08,0.08,0.08,0.08
30-05,0.0472,0.0472,0.0619,0.0472,0.0472,0.0472,0.0372,0.0619,0.0509,0.0472
08-37-05,0.08,0.08,0.08,0.08,0.08,0.08,0.08,0.08,0.08,0.08
65-03,0.105,0.105,0.105,0.105,0.105,0.105,0.095,0.105,0.105,0.105
31-28-01,0.0379,0.0349,0.0393,0.0349,0.0349,0.0349,0.0349,0.0393,0.036,0.0349
16-05,0.05,0.06,0.07,0.07,0.07,0.07,0.06,0.07,0.07,0.07
39-126-06,0.07,0.07,0.07,0.07,0.07,0.05,0.03,0.07,0.0675,0.05
21-114,0.0478,0.0478,0.0571,0.0478,0.0478,0.0478,0.0478,0.0571,0.0501,0.0478
22-04-01,0.0319,0.0419,0.0481,0.043,0.043,0.043,0.043,0.0481,0.0441,0.043
11-04,0.067,0.045,0.045,0.045,0.045,0.045,0.045,0.045,0.045,0.045
YZ285G6EA-11-28,0.0554,0.0554,0.0554,0.0554,0.0554,0.0554,0.0554,0.0554,0.0554,0.0554
YZ285G6EA-11-24,0.0754,0.0754,0.0754,0.0754,0.0754,0.0754,0.0754,0.0754,0.0754,0.0754
11-05,0.04,0.05,0.05,0.05,0.05,0.05,0.05,0.05,0.05,0.05
11-74-02,0.036,0.04,0.04,0.04,0.04,0.04,0.035,0.04,0.04,0.05
YZ285G6EA-11-23,0.0612,0.0612,0.0612,0.0612,0.0612,0.0612,0.0612,0.0612,0.0612,0.0612
14-12,0.0694,0.0624,0.075,0.0554,0.0724,0.0724,0.0674,0.075,0.0709,0.0724
39-91-01,0.0407,0.0407,0.0449,0.0407,0.0407,0.0407,0.0307,0.0449,0.0417,0.0407
31-47,0.03,0.03,0.03,0.03,0.03,0.03,0.03,0.03,0.03,0.03
29-29-05,0.083,0.1001,0.1038,0.1001,0.1001,0.1001,0.071,0.1038,0.101,0.1001
TU200G6EA-11-04,0.0851,0.0851,0.0851,0.0851,0.0851,0.0851,0.0851,0.0851,0.0851,0.0851
54-10,0.0471,0.0471,0.0517,0.0471,0.0471,0.0471,0.0471,0.0517,0.0483,0.0471
35-10,0.042,0.042,0.06,0.04,0.04,0.04,0.03,0.06,0.0753,0.04
14-13,0.1213,0.1123,0.1123,0.1123,0.1123,0.1123,0.1123,0.137,0.1185,0.1123
31-13,0.0682,0.0682,0.0517,0.0682,0.0682,0.0682,0.0682,0.0517,0.0641,0.0682
27-01-01,0.04,0.04,0.04,0.04,0.04,0.04,0.0459,0.0511,0.0421,0.0459
11-21-02,0.06,0.06,0.05,0.053,0.055,0.065,0.058,0.102,0.0728,0.065
16-01,0.032,0.06,0.07,0.07,0.07,0.07,0.039,0.07,0.07,0.07
57-02,0.07,0.07,0.07,0.07,0.07,0.07,0.07,0.07,0.07,0.07
54-01,0.0414,0.0514,0.0413,0.0514,0.0514,0.0514,0.0514,0.0413,0.0601,0.0514
17-01,0.0738,0.0898,0.09,0.0898,0.0898,0.0898,0.0898,0.09,0.1398,0.0898
29-10-01,0.0475,0.0475,0.0581,0.0475,0.0475,0.0475,0.0475,0.0581,0.0502,0.0475
11-09,0.07,0.08,0.08,0.08,0.08,0.08,0.08,0.08,0.08,0.08
10-21,0.0598,0.0598,0.0914,0.06,0.06,0.06,0.06,0.0914,0.0678,0.06
24-06-09,0.04,0.04,0.04,0.04,0.03,0.04,0.04,0.04,0.04,0.03
11-11-02,0.055,0.055,0.055,0.055,0.055,0.055,0.055,0.055,0.055,0.055
30-04,0.0485,0.0485,0.0609,0.0485,0.0485,0.0485,0.0385,0.0609,0.0516,0.0485
TU250G6EA-11-11-02,0.065,0.065,0.065,0.065,0.065,0.065,0.065,0.065,0.065,0.065
32-01,0.0596,0.0596,0.0673,0.06,0.06,0.06,0.06,0.0673,0.0618,0.06
24-06-08,0.04,0.04,0.04,0.04,0.03,0.04,0.04,0.04,0.04,0.03
25-50-04,0.0462,0.0462,0.052,0.0462,0.0462,0.0462,0.0462,0.052,0.0477,0.0462
26-02,0.03,0.0316,0.0338,0.0316,0.0316,0.0316,0.0316,0.0338,0.0322,0.0316
01-50,0.0662,0.0662,0.0729,0.0662,0.0662,0.0662,0.0662,0.0729,0.0679,0.0662
35-16-02,0.03,0.03,0.0601,0.03,0.03,0.03,0,0.0601,0.0375,0.03
32-02,0.061,0.061,0.0645,0.06,0.06,0.06,0.06,0.0645,0.0612,0.06
11-04-05,0.055,0.065,0.065,0.065,0.065,0.065,0.055,0.065,0.065,0.065
35-02,0.0491,0.0491,0.05,0.0491,0.0491,0.0491,0.0491,0.05,0.0493,0.0491
31-03,0.0349,0.0349,0.0348,0.0349,0.0349,0.0349,0.03,0.0348,0.0349,0.0349
23-09,0.0763,0.0763,0.0625,0.0763,0.0763,0.0763,0.0763,0.0625,0.0728,0.0763
17-12,0.0451,0.0551,0.0656,0.0551,0.0551,0.0551,0.0551,0.0656,0.0577,0.0551
31-05,0.032,0.032,0.032,0.032,0.032,0.032,0.032,0.032,0.032,0.032
16-06,0.07,0.07,0.07,0.07,0.07,0.07,0.07,0.07,0.07,0.07
15-43-03,0.1,0.1,0.1,0.1,0.1,0.1,0.1,0.1,0.1,0.1
11-13-02,0.0448,0.0548,0.0578,0.055,0.055,0.055,0.055,0.0578,0.0557,0.055
35-27-01,0.041,0.042,0.0601,0.042,0.042,0.042,0.03,0.0601,0.0465,0.042
22-05.,0.0481,0.0481,0.0544,0.0481,0.0481,0.0481,0.0381,0.0544,0.0497,0.0481
32-05,0.0596,0.0596,0.0695,0.06,0.06,0.06,0.06,0.0695,0.0623,0.06
14-52-02,0.0551,0.0551,0.207,0.0551,0.0551,0.0551,0.0551,0.207,0.0931,0.0551
27-07,0.045,0.045,0.049,0.045,0.045,0.045,0.035,0.049,0.046,0.045
28-01,0.055,0.055,0.055,0.055,0.055,0.055,0.055,0.055,0.055,0.055
12-01-01,0.0536,0.0536,0.0934,0.0536,0.0536,0.0536,0.0536,0.0934,0.0635,0.0536
35-08,0.0559,0.0559,0.0598,0.0559,0.0559,0.0559,0.03,0.0598,0.0568,0.0559
11-22,0.0558,0.0558,0.0592,0.0558,0.0558,0.0558,0.0558,0.0592,0.0567,0.0558
TU250G6EA-11-04-05,0.08,0.08,0.08,0.08,0.08,0.08,0.08,0.08,0.08,0.08
11-40,0.07,0.07,0.07,0.07,0.07,0.07,0.07,0.07,0.07,0.07
27-06,0.038,0.038,0.0503,0.04,0.04,0.04,0.04,0.0503,0.0423,0.04
31-01-011,0.03,0.03,0.03,0.03,0.03,0.03,0.03,0.03,0.03,0.03
11-05-04,0.0471,0.0601,0.0611,0.06,0.06,0.06,0.047,0.0611,0.0603,0.06
TU250G6EA-11-05-04,0.0601,0.0601,0.0601,0.0601,0.0601,0.0601,0.0601,0.0601,0.0601,0.0601
27-01,0.0468,0.0468,0.0561,0.0468,0.0468,0.0468,0.03,0.0561,0.0491,0.0468
15-03-03,0.083,0.06,0.07,0.07,0.07,0.07,0.06,0.07,0.07,0.06
11-26,0.0215,0.0215,0.0258,0.0215,0.0215,0.0215,0.0215,0.0258,0.0226,0.0215
03-18-09,0.06,0.07,0.07,0.04,0.07,0.07,0.07,0.07,0.0662,0.07
35-16-01,0.0558,0.0468,0.0601,0.0468,0.0468,0.0468,0.03,0.0601,0.0502,0.0468
29-24,0.05,0.06,0.06,0.06,0.06,0.06,0.06,0.06,0.06,0.06
24-06-07,0.04,0.04,0.04,0.04,0.03,0.04,0.04,0.04,0.04,0.03
37-02,0.06,0.06,0.06,0.06,0.06,0.06,0.06,0.06,0.06,0.06
26-11,0.062,0.062,0.0419,0.1,0.1,0.1,0.1,0.0419,0.0807,0.1
27-02,0.0374,0.0474,0.0496,0.0474,0.0474,0.0474,0.0374,0.0496,0.0479,0.0474
34-21,0.1,0.1,0.1,0.1,0.1,0.1,0.1,0.1,0.1,0.1
31-24,0.0434,0.0434,0.0517,0.043,0.043,0.043,0.032,0.0517,0.0452,0.043
82-01,0.05,0.05,0.05,0.05,0.05,0.05,0.05,0.05,0.05,0.05
40-09,0.15,0.15,0.15,0.15,0.15,0.15,0.15,0.15,0.15,0.15
12-04-01,0.0404,0.0404,0.3134,0.04,0.04,0.04,0.04,0.3134,0.1084,0.04
31-01-05,0.037,0.037,0.0374,0.037,0.037,0.037,0.03,0.0374,0.0371,0.037
12-34,0.046,0.06,0.06,0.06,0.06,0.06,0.06,0.06,0.06,0.06
01-40,0.1291,0.0481,0.0492,0.0481,0.0481,0.0481,0.0481,0.0492,0.0483,0.0481
40-09-01,0.14,0.15,0.15,0.15,0.15,0.15,0.15,0.15,0.15,0.15
RC850G6EA-11-74-04,0.1,0.1,0.1,0.1,0.1,0.1,0.1,0.1,0.1,0.1
11-05-02,0.08,0.08,0.08,0.08,0.08,0.08,0.08,0.08,0.08,0.08
TU150G12EA-11-05-02,0.08,0.08,0.08,0.08,0.08,0.08,0.08,0.08,0.08,0.08
29-04,0.06,0.06,0.06,0.06,0.06,0.06,0.06,0.06,0.06,0.06
29-05,0.0348,0.0398,0.0978,0.0398,0.0398,0.0398,0.0358,0.0978,0.0543,0.0398
14-03.,0.0663,0.0663,0.0703,0.0663,0.0663,0.0663,0.0663,0.0703,0.0673,0.0663
11-11,0.065,0.065,0.065,0.065,0.065,0.065,0.065,0.065,0.065,0.065
11-38-02,0.06,0.06,0.06,0.06,0.06,0.06,0.06,0.06,0.06,0.06
31-01-08,0.04,0.04,0.04,0.03,0.03,0.04,0.03,0.04,0.04,0.04
27-44,0.0405,0.0565,0.062,0.0565,0.0565,0.0565,0.0405,0.062,0.0579,0.0565
03-22-01,0.06,0.07,0.07,0.07,0.07,0.07,0.07,0.07,0.07,0.07
SS500G2EA-15-19,0.12,0.12,0.12,0.12,0.12,0.12,0.12,0.12,0.12,0.12
20-18,0.135,0.1991,0.209,0.1991,0.1991,0.1991,0.1991,0.209,0.2016,0.1991
25-02,0.064,0.064,0.064,0.064,0.064,0.064,0.064,0.064,0.064,0.064
SS1P2KG3EA-15-87-04,0.1,0.1,0.1,0.1,0.1,0.1,0.1,0.1,0.1,0.1
37-01,0.0572,0.0572,0.062,0.057,0.057,0.057,0.057,0.062,0.0583,0.057
08-32,0.0698,0.0698,0.0707,0.0698,0.0698,0.0698,0.0698,0.0707,0.0701,0.0698
20-13,0.0695,0.0695,0.07,0.0705,0.0705,0.0705,0.0375,0.07,0.0701,0.0705
27-24,0.0585,0.0685,0.0472,0.0685,0.0685,0.0685,0.0585,0.0472,0.0632,0.0685
15-40,0.13,0.13,0.13,0.13,0.13,0.13,0.13,0.13,0.13,0.13
11-28,0.0254,0.0254,0.0664,0.0254,0.0254,0.0254,0.0254,0.0664,0.0356,0.0254
31-16,0.0389,0.0389,0.0446,0.04,0.04,0.04,0.03,0.0446,0.041,0.04
TU200G6EA-11-11,0.08,0.08,0.08,0.08,0.08,0.08,0.08,0.08,0.08,0.08
24-704-04,0.0466,0.0466,0.053,0.0466,0.0466,0.0466,0.0466,0.053,0.0482,0.0466
10-15,0.078,0.078,0.078,0.058,0.078,0.078,0.068,0.078,0.078,0.078
21-07,0.0509,0.0609,0.071,0.0609,0.0609,0.0609,0.0609,0.071,0.0634,0.0609
28-03,0.035,0.045,0.045,0.045,0.045,0.045,0.035,0.045,0.045,0.045
18-02,0.0605,0.0605,0.0572,0.0605,0.0605,0.0605,0.0605,0.0572,0.0596,0.0605
SS1P2KG3EA-15-87-03,0.12,0.12,0.12,0.12,0.12,0.12,0.12,0.12,0.12,0.12
27-01-05,0.05,0.05,0.05,0.05,0.05,0.05,0.03,0.05,0.05,0.05
29-05-02,0.05,0.06,0.06,0.06,0.06,0.06,0.06,0.06,0.06,0.06
20-15,0.03,0.03,0.1127,0.03,0.03,0.03,0.03,0.1127,0.0507,0.03
SS1KG1EA-15-20,0.1,0.1,0.1,0.1,0.1,0.1,0.1,0.1,0.1,0.1
SPS340G4EA-15-04-03,0.1023,0.1023,0.1023,0.1023,0.1023,0.1023,0.1023,0.1023,0.1023,0.1023
31-24-01,0.07,0.07,0.07,0.07,0.07,0.07,0.07,0.07,0.07,0.07
SPS200G6EA-15-03-06,0.073,0.073,0.073,0.073,0.073,0.073,0.073,0.073,0.073,0.073
31-29,0.0469,0.0469,0.0605,0.0469,0.0469,0.0469,0.0369,0.0605,0.0503,0.0469
31-04-03,0.04,0.04,0.04,0.04,0.04,0.04,0.04,0.04,0.04,0.04
25-50-07,0.05,0.05,0.05,0.05,0.05,0.05,0.05,0.05,0.05,0.05
24-701,0.08,0.08,0.08,0.08,0.08,0.08,0.08,0.08,0.08,0.08
SPCM340G5EA-15-04-02,0.09,0.09,0.09,0.09,0.09,0.09,0.09,0.09,0.09,0.09
27-15-02,0.03,0.0303,0.0405,0.0303,0.0303,0.0303,0.03,0.0405,0.0329,0.0303
12-01-04,0.06,0.06,0.06,0.06,0.06,0.06,0.06,0.06,0.06,0.06
26-13,0.13,0.13,0.13,0.13,0.13,0.13,0.13,0.13,0.13,0.13
11-27,0.0154,0.0254,0.0279,0.0254,0.0254,0.0254,0.0254,0.0279,0.026,0.0254
31-09-01,0.03,0.0358,0.0525,0.0358,0.0358,0.0358,0.03,0.0525,0.0399,0.0358
26-10,0.1075,0.1075,0.204,0.1,0.1,0.1,0.06,0.204,0.1269,0.1
24-05-02,0.0344,0.0344,0.043,0.0344,0.0344,0.0344,0.0344,0.043,0.0366,0.0344
65-01,0.135,0.135,0.135,0.135,0.135,0.135,0.135,0.135,0.135,0.135
24-702,0.0667,0.0767,0.0814,0.0767,0.0767,0.0767,0.0767,0.0814,0.0778,0.0767
SPCM340G5EA-15-04,0.0856,0.0856,0.0856,0.0856,0.0856,0.0856,0.0856,0.0856,0.0856,0.0856
11-28-02,0.0548,0.0548,0.0578,0.0548,0.0548,0.0548,0.0548,0.0578,0.0556,0.0548
32-21,0.0584,0.0584,0.0333,0.0584,0.0584,0.0584,0.0434,0.0333,0.0521,0.0584
15-03,0.0558,0.0558,0.0678,0.0658,0.0558,0.0658,0.1698,0.0678,0.0663,0.0558
27-08-01,0.05,0.05,0.05,0.05,0.05,0.05,0.04,0.05,0.05,0.05
25-50-08,0.0644,0.0454,0.0534,0.0454,0.0454,0.0454,0.0704,0.0534,0.0474,0.0454
SP340G6EA-23-84,0.0956,0.0956,0.0956,0.0956,0.0956,0.0956,0.0956,0.0956,0.0956,0.0956
31-42-04,0.06,0.06,0.06,0.06,0.06,0.06,0.05,0.06,0.06,0.06
31-40,0.047,0.047,0.0549,0.047,0.047,0.047,0.047,0.0549,0.049,0.047
27-25-01,0.04,0.04,0.0473,0.04,0.04,0.04,0.03,0.0473,0.0418,0.04
27-11,0.03,0.0297,0.0461,0.0297,0.0297,0.0297,0.057,0.033,0.0322,0.0297
02-23,0.0653,0.0653,0.0843,0.0653,0.0653,0.0653,0.0653,0.0843,0.07,0.0653
12-11-02,0.05,0.06,0.06,0.06,0.06,0.06,0.06,0.06,0.06,0.06
32-30,0.0449,0.0449,0.0529,0.0449,0.0449,0.0449,0.0349,0.0529,0.0469,0.0449
23-23,0.1543,0.1543,0.15,0.15,0.15,0.15,0.15,0.15,0.1505,0.15
27-03-01,0.0486,0.0486,0.049,0.0486,0.0486,0.0486,0.0386,0.049,0.0487,0.0486
24-49,0.03,0.048,0.048,0.048,0.048,0.048,0.048,0.048,0.048,0.048
29-05-01,0.0386,0.0486,0.0463,0.0486,0.0486,0.0486,0.0486,0.0463,0.048,0.0486
SP340G6EA-16-05,0.09,0.09,0.09,0.09,0.09,0.09,0.09,0.09,0.09,0.09
24-05-01,0.0396,0.0396,0.0476,0.0396,0.0396,0.0396,0.0296,0.0476,0.0416,0.0396
03-17-02,0.07,0.07,0.07,0.07,0.07,0.07,0.07,0.07,0.07,0.07
31-04,0.07,0.07,0.07,0.07,0.07,0.07,0.07,0.07,0.07,0.07
31-23,0.03,0.0391,0.0485,0.04,0.04,0.04,0.03,0.0485,0.042,0.04
02-16,0.0675,0.0675,0.0708,0.0675,0.0675,0.0675,0.0675,0.0708,0.0683,0.0675
02-21,0.0896,0.0996,0.0997,0.1,0.1,0.1,0.1,0.0997,0.0999,0.1
01-41,0.0356,0.0356,0.0492,0.0356,0.0356,0.0356,0.0356,0.0492,0.039,0.0356
31-50-01,0.0474,0.0474,0.0448,0.0474,0.0474,0.0474,0.0374,0.0448,0.0468,0.0474
08-32-02,0.06,0.06,0.06,0.06,0.06,0.06,0.05,0.06,0.06,0.06
31-28,0.0308,0.0308,0.0265,0.0308,0.0308,0.0308,0.03,0.0265,0.0298,0.0308
28-02,0.045,0.055,0.055,0.055,0.055,0.055,0.045,0.055,0.055,0.055
32-19-01,0.0394,0.0394,0.0475,0.0394,0.0394,0.0394,0.0394,0.0475,0.0414,0.0394
27-15-10,0.03,0.03,0.03,0.03,0.03,0.03,0.03,0.03,0.03,0.03
08-52,0.0865,0.0865,0.0898,0.0865,0.0865,0.0865,0.0865,0.0898,0.0873,0.0865
SP340G6EA-16-01,0.08,0.08,0.08,0.08,0.08,0.08,0.08,0.08,0.08,0.08
25-50-02,0.0418,0.0418,0.0303,0.0418,0.0418,0.0418,0.0418,0.0303,0.0389,0.0418
29-22,0.03,0.046,0.0577,0.046,0.046,0.046,0.046,0.0577,0.0489,0.046
28-04,0.055,0.055,0.055,0.055,0.055,0.055,0.055,0.055,0.055,0.055
14-13-01,0.0976,0.0646,0.0927,0.0646,0.0646,0.0646,0.0896,0.0927,0.0716,0.0646
27-03,0.0452,0.0452,0.049,0.0452,0.0452,0.0452,0.0352,0.049,0.0462,0.0452
29-17-01,0.06,0.06,0.06,0.06,0.06,0.06,0.06,0.06,0.06,0.06
12-01-05,0.06,0.06,0.06,0.06,0.06,0.06,0.06,0.06,0.06,0.06
22-06,0.0485,0.0485,0.0797,0.05,0.05,0.05,0.05,0.0797,0.0572,0.05
23-13,0.0384,0.0384,0.0419,0.0384,0.0384,0.0384,0.0384,0.0419,0.0392,0.0384
SP200G6EA-57-02,0.08,0.08,0.08,0.08,0.08,0.08,0.08,0.08,0.08,0.08
31-05-001,0.044,0.03,0.03,0.02,0.02,0.03,0.03,0.03,0.03,0.03
30-12,0.0453,0.0453,0.0361,0.0453,0.0453,0.0453,0.0453,0.0361,0.043,0.0453
19-20,0.0732,0.0692,0.0714,0.0692,0.0692,0.0692,0.0592,0.0714,0.0698,0.0692
14-51,0.0472,0.0472,0.3028,0.047,0.047,0.047,0.047,0.3028,0.111,0.047
50-72-02,0.08,0.08,0.08,0.08,0.08,0.08,0.08,0.08,0.09,0.11
81-29,0.083,0.083,0.057,0.083,0.083,0.083,0.039,0.057,0.0765,0.083
37-06,0.0384,0.0584,0.0622,0.0584,0.0584,0.0584,0.0584,0.0622,0.0594,0.0584
SP200G6EA-23-85-01,0.066,0.066,0.066,0.066,0.066,0.066,0.066,0.066,0.066,0.066
15-87-03,0.09,0.1,0.1,0.1,0.1,0.1,0.1,0.1,0.1,0.1
31-40-10,0.055,0.055,0.055,0.055,0.055,0.055,0.055,0.055,0.055,0.055
22-04-06,0.07,0.07,0.07,0.07,0.07,0.07,0.07,0.07,0.07,0.05
SP200G6EA-16-06,0.09,0.09,0.09,0.09,0.09,0.09,0.09,0.09,0.09,0.09
SP200G6EA-16-02,0.0502,0.0502,0.0502,0.0502,0.0502,0.0502,0.0502,0.0502,0.0502,0.0502
480,0.0415,0.0415,0.3015,0.035,0.035,0.035,0.035,0.3015,0.1024,0.035
02-22,0.0459,0.0659,0.0704,0.0659,0.0659,0.0659,0.0659,0.0704,0.067,0.0659
15-61,0.1,0.1,0.1,0.1,0.1,0.1,0.1,0.1,0.1,0.1
SP200G5EA-15-03-03,0.09,0.09,0.09,0.09,0.09,0.09,0.09,0.09,0.09,0.08
32-19-06,0.046,0.046,0.046,0.046,0.046,0.046,0.03,0.046,0.046,0.046
54-21,0.03,0.05,0.05,0.05,0.05,0.05,0.03,0.05,0.05,0.05
21-17-03,0.0328,0.0588,0.065,0.0588,0.0588,0.0588,0.0508,0.065,0.0603,0.0588
SP200G5EA-15-03,0.0758,0.0758,0.0758,0.0758,0.0758,0.0758,0.0758,0.0758,0.0758,0.0658
11-24,0.0554,0.0554,0.0579,0.0554,0.0554,0.0554,0.0554,0.0579,0.056,0.0554
27-04-01,0.0377,0.0477,0.0562,0.0477,0.0477,0.0477,0.0377,0.0562,0.0498,0.0477
20-03-01,0.1,0.1,0.1,0.1,0.1,0.1,0.1,0.1,0.1,0.1
31-18,0.1,0.1,0.1,0.1,0.1,0.1,0.1,0.1,0.1,0.1
27-15,0.036,0.04,0.0475,0.04,0.04,0.04,0.04,0.0475,0.0419,0.04
15-03-06,0,0.053,0.0541,0.053,0.053,0.053,0.053,0.0541,0.0533,0.053
32-01.,0.07,0.07,0.07,0.07,0.07,0.07,0.07,0.07,0.07,0.07
SGB3KG1EA-15-60-02,0.13,0.13,0.13,0.13,0.13,0.13,0.13,0.13,0.13,0.13
27-26-01,0.0392,0.0392,0.0531,0.0392,0.0392,0.0392,0.0392,0.04,0.0411,0.0392
32-30-02,0.07,0.07,0.07,0.07,0.07,0.07,0.07,0.07,0.07,0.07
02-17.,0.0946,0.0946,0.0987,0.0946,0.0946,0.0946,0.0946,0.0987,0.0956,0.0946
27-91-03,0.1,0.1,0.1,0.1,0.1,0.1,0.1,0.1,0.1,0.1
12-01-13,0.1,0.1,0.1,0.1,0.1,0.1,0.1,0.1,0.1,0.1
37-09,0.0453,0.0653,0.0708,0.0653,0.0653,0.0653,0.0653,0.0708,0.0666,0.0653
81-27,0.06,0.06,0.06,0.06,0.06,0.06,0.06,0.06,0.06,0.06
81-28,0.0537,0.0537,0.057,0.057,0.057,0.057,0.057,0.057,0.0566,0.057
81-25,0.0664,0.0664,0.0644,0.0664,0.0664,0.0664,0.0624,0.0644,0.0659,0.0664
31-17-01,0.0461,0.0461,0.0541,0.0461,0.0461,0.0461,0.0371,0.0541,0.0481,0.0461
11-41-05,0.06,0.06,0.06,0.06,0.06,0.06,0.06,0.06,0.06,0.06
100-100,0.08,0.08,0.08,0.08,0.08,0.08,0.08,0.08,0.08,0.08
12-04,0.0512,0.0512,0.3243,0.05,0.05,0.05,0.05,0.3243,0.1187,0.05
27-28-01,0.0464,0.0464,0.0515,0.0464,0.0464,0.0464,0.0464,0.0515,0.0477,0.0464
40-10-01,0.15,0.15,0.15,0.15,0.15,0.15,0.15,0.15,0.15,0.15
01-43,0.0406,0.0406,0.0426,0.0406,0.0406,0.0406,0.0406,0.0426,0.0411,0.0406
31-55,0.0369,0.0469,0.0485,0.0469,0.0469,0.0469,0.0369,0.0485,0.0473,0.0469
30-12-02,0.0572,0.0572,0.0626,0.0572,0.0572,0.0572,0.0572,0.0626,0.0585,0.0572
12-37-02,0.0643,0.0743,0.0846,0.084,0.084,0.074,0.074,0.0746,0.0792,0.074
32-19-02,0.0405,0.0405,0.0516,0.041,0.041,0.041,0.031,0.0516,0.0436,0.041
100-100-02,0.08,0.08,0.08,0.08,0.08,0.08,0.08,0.08,0.08,0.08
31-47-06,0.06,0.06,0.06,0.06,0.06,0.06,0.06,0.06,0.06,0.06
15-87-04,0.09,0.09,0.09,0.09,0.09,0.09,0.09,0.09,0.09,0.09
SGB3KG1EA-15-42-02,0.15,0.15,0.15,0.15,0.15,0.15,0.15,0.15,0.15,0.15
SG3KG1EA-15-60,0.14,0.14,0.14,0.14,0.14,0.14,0.14,0.14,0.14,0.14
27-39-01,0.058,0.058,0.0738,0.058,0.058,0.058,0.058,0.0738,0.0619,0.058
32-19-03,0.0459,0.0459,0.0516,0.0459,0.0459,0.0459,0.0359,0.0516,0.0473,0.0459
40-10-02,0.15,0.15,0.15,0.15,0.15,0.15,0.15,0.15,0.15,0.15
39-33,0.09,0.1,0.1,0.1,0.1,0.1,0.1,0.1,0.1,0.1
27-20-01,0.054,0.054,0.05,0.054,0.054,0.054,0.044,0.05,0.053,0.054
SG1KG5EA-15-47-02,0.15,0.15,0.15,0.15,0.15,0.15,0.15,0.15,0.15,0.15
SG1KG5EA-15-47,0.15,0.15,0.15,0.15,0.15,0.15,0.15,0.15,0.15,0.15
27-28,0.0427,0.0427,0.0519,0.0427,0.0427,0.0427,0.0427,0.0519,0.045,0.0427
32-18,0.0588,0.0588,0.0673,0.0588,0.0588,0.0588,0.0588,0.0673,0.0609,0.0588
SG1KG4EA-15-63,0.15,0.15,0.15,0.15,0.15,0.15,0.15,0.15,0.15,0.15
27-15-03,0.0419,0.0419,0.0482,0.0419,0.032,0.0419,0.0319,0.0482,0.0435,0.0419
SG1KG4EA-15-40-03,0.15,0.15,0.15,0.15,0.15,0.15,0.15,0.15,0.15,0.15
31-45,0.0765,0.0765,0.0771,0.0765,0.0565,0.0765,0.0765,0.0771,0.0766,0.0765
20-08-04,0.1,0.1,0.1,0.1,0.1,0.1,0.051,0.1,0.1,0.1
40-10,0.15,0.15,0.15,0.15,0.15,0.15,0.15,0.15,0.15,0.15
SC500G4EA-08-47-04,0.0764,0.0764,0.0764,0.0764,0.0764,0.0764,0.0764,0.0764,0.0764,0.0764
SC500G4EA-08-47-03,0.1252,0.1252,0.1252,0.1252,0.1252,0.1252,0.1252,0.1252,0.1252,0.1252
SC500G4EA-08-47-02,0.12,0.12,0.12,0.12,0.12,0.12,0.12,0.12,0.12,0.12
29-23,0.0483,0.0483,0.059,0.0483,0.0483,0.0483,0.0383,0.059,0.051,0.0483
01-42,0.06,0.06,0.06,0.06,0.06,0.06,0.06,0.06,0.06,0.06
18-01,0.0598,0.0598,0.1051,0.06,0.06,0.06,0.06,0.1051,0.0712,0.06
39-94-01,0.0492,0.0492,0.0567,0.0492,0.0492,0.0492,0.0492,0.0567,0.0511,0.0492
03-05.,0.1168,0.1268,0.1243,0.1268,0.1268,0.1268,0.1268,0.1243,0.1262,0.1268
28-18,0.03,0.05,0.05,0.05,0.05,0.05,0.05,0.05,0.05,0.05
23-15-01,0.0396,0.0396,0.0865,0.04,0.04,0.04,0.04,0.0865,0.0516,0.04
14-52-01,0.131,0.131,0.185,0.131,0.131,0.131,0.131,0.185,0.1445,0.131
31-22,0.0375,0.0375,0.0423,0.0375,0.0375,0.0375,0.0375,0.0423,0.0387,0.0375
31-09-06,0.03,0.03,0.0446,0.036,0.036,0.036,0.03,0.0446,0.0374,0.036
27-05,0.0451,0.0451,0.0537,0.0451,0.0451,0.0451,0.0361,0.0537,0.0473,0.0451
31-04-01,0.0449,0.0449,0.0448,0.0449,0.0449,0.0449,0.0449,0.0448,0.0449,0.0449
29-03,0.0638,0.0738,0.0834,0.0738,0.0738,0.0738,0.0638,0.0834,0.0762,0.0738
27-20-03,0.0397,0.0497,0.049,0.0497,0.0497,0.0497,0.0467,0.049,0.0496,0.0497
16-51-03,0.072,0.072,0.0846,0.07,0.07,0.07,0.07,0.0846,0.0739,0.07
32-13,0.0773,0.0773,0.0872,0.0773,0.0773,0.0773,0.0773,0.0872,0.0798,0.0773
03-05,0.0685,0.0685,0.0743,0.0685,0.0685,0.0685,0.0685,0.0743,0.07,0.0685
31-50-02,0.0303,0.0413,0.05,0.0413,0.0413,0.0413,0.0413,0.05,0.0434,0.0413
12-01-12,0.1,0.1,0.1,0.1,0.1,0.1,0.1,0.1,0.1,0.1
32-01-02,0.0481,0.0481,0.0516,0.0481,0.0481,0.0481,0.0381,0.0516,0.049,0.0481
24-49-04,0.05,0.05,0.05,0.05,0.05,0.05,0.05,0.05,0.05,0.05
23-012,0.12,0.12,0.12,0.12,0.12,0.12,0.12,0.12,0.12,0.12
23-54-02,0.0587,0.0587,0.0652,0.059,0.059,0.059,0.049,0.0652,0.0605,0.059
30-12-01,0.0342,0.0342,0.046,0.0342,0.0342,0.0342,0.03,0.046,0.0372,0.0342
28-22,0.07,0.07,0.07,0.07,0.07,0.07,0.07,0.07,0.07,0.07
31-46,0.0765,0.0765,0.0691,0.0765,0.0565,0.0765,0.0765,0.0691,0.0746,0.0765
21-108-02,0.03,0.0472,0.0502,0.0472,0.0472,0.0472,0.0472,0.0502,0.0479,0.0472
25-50-10,0.045,0.045,0.045,0.045,0.045,0.045,0.045,0.045,0.045,0.045
11-74-03,0.05,0.05,0.05,0.05,0.05,0.05,0.05,0.05,0.05,0.05
23-54-01,0.08,0.08,0.0433,0.08,0.08,0.08,0.07,0.0433,0.0708,0.08
11-74-05,0.065,0.075,0.075,0.075,0.075,0.075,0.065,0.075,0.075,0.075
11-75-03,0.197,0.22,0.22,0.22,0.22,0.22,0.197,0.22,0.2172,0.22
25-01-01,0.134,0.134,0.134,0.134,0.134,0.134,0.134,0.134,0.134,0.134
08-47,0.0648,0.0648,0.0681,0.0648,0.0648,0.0648,0.0648,0.0681,0.0656,0.0648
31-44-08,0.05,0.06,0.06,0.06,0.06,0.06,0.06,0.06,0.06,0.06
27-21-01,0.0596,0.0596,0.062,0.0596,0.0596,0.0596,0.0596,0.062,0.0602,0.0596
28-17,0.05,0.07,0.07,0.07,0.07,0.07,0.07,0.07,0.07,0.07
31-44-01,0.077,0.077,0.077,0.077,0.057,0.077,0.077,0.077,0.077,0.077
29-08-01,0.0451,0.0451,0.055,0.0451,0.0451,0.0451,0.03,0.055,0.0476,0.0451
35-18-01,0.0666,0.0666,0.0685,0.0666,0.0666,0.0666,0.0666,0.0685,0.0671,0.0666
31-17-02,0.04,0.04,0.04,0.04,0.04,0.04,0.03,0.04,0.04,0.04
RAM86G8EA-81-04,0.09,0.09,0.09,0.09,0.09,0.09,0.09,0.09,0.09,0.09
11-75-02,0.19,0.19,0.19,0.19,0.19,0.19,0.17,0.19,0.19,0.19
RAM5EA-54-21,0.07,0.07,0.07,0.07,0.07,0.07,0.07,0.07,0.07,0.07
21-108-110-02,0.066,0.061,0.061,0.061,0.061,0.061,0.061,0.061,0.061,0.061
23-54-03,0.0477,0.0477,0.0555,0.0477,0.0477,0.0477,0.0377,0.0555,0.0497,0.0477
27-04-02,0.0467,0.0467,0.0604,0.0467,0.0467,0.0467,0.0357,0.0604,0.0501,0.0467
27-24-01,0.0352,0.0452,0.0586,0.0452,0.0452,0.0452,0.0452,0.0586,0.0485,0.0452
RAM5EA-54-10,0.0971,0.0971,0.0971,0.0971,0.0971,0.0971,0.0971,0.0971,0.0971,0.0971
RAM5EA-54-07,0.0881,0.0881,0.0881,0.0881,0.0881,0.0881,0.0881,0.0881,0.0881,0.0881
RAM5EA-54-01,0.1164,0.1164,0.1164,0.1164,0.1164,0.1164,0.1164,0.1164,0.1164,0.1164
32-01-03,0.0562,0.0562,0.0563,0.0562,0.0562,0.0562,0.0362,0.0563,0.0562,0.0562
32-19,0.07,0.07,0.07,0.07,0.07,0.07,0.06,0.07,0.07,0.07
15-61-03,0.17,0.17,0.17,0.17,0.17,0.17,0.17,0.17,0.11,0.17
RAM5EA-39-91-01,0.0907,0.0907,0.0907,0.0907,0.0907,0.0907,0.0907,0.0907,0.0907,0.0907
15-04-03,0.0673,0.0673,0.0612,0.0673,0.0673,0.0673,0.0673,0.0612,0.0583,0.0603
22-04-05,0.0476,0.0476,0.0569,0.0476,0.0476,0.0476,0.0476,0.0569,0.0499,0.0476
RAM5EA-39-91,0.0907,0.0907,0.0907,0.0907,0.0907,0.0907,0.0907,0.0907,0.0907,0.0907
14-53-01,0.03,0.0461,0.2578,0.0461,0.0461,0.0461,0.0461,0.2578,0.099,0.0461
20-90-01,0.103,0.12,0.12,0.12,0.12,0.12,0.12,0.12,0.12,0.12
27-28-02,0.0399,0.0399,0.0531,0.04,0.04,0.04,0.04,0.0531,0.0433,0.04
10-00,0.06,0.06,0.06,0.06,0.06,0.09,0.084,0.09,0.09,0.07
RAM120G10EA-22-51,0.05,0.05,0.05,0.05,0.05,0.05,0.05,0.05,0.05,0.05
31-17-03,0.04,0.04,0.04,0.04,0.04,0.04,0.04,0.04,0.04,0.04
32-18-01,0.0519,0.0519,0.0402,0.05,0.05,0.05,0.04,0.0402,0.0478,0.05
PD1KG5EA-08-46,0.1,0.1,0.1,0.1,0.1,0.1,0.1,0.1,0.1,0.1
31-44-02,0.0585,0.0685,0.055,0.0685,0.0485,0.0685,0.0685,0.055,0.0651,0.0685
27-330,0.0376,0.0476,0.0562,0.0476,0.0476,0.0476,0.0376,0.0562,0.0498,0.0476
24-49-02,0.048,0.048,0.048,0.048,0.048,0.048,0.048,0.048,0.048,0.048
20-13-01,0.069,0.069,0.07,0.07,0.07,0.07,0.07,0.07,0.0698,0.07
32-11,0.05,0.05,0.0563,0.05,0.05,0.05,0.05,0.0563,0.0516,0.05
32-30-01,0.0478,0.0478,0.0522,0.0478,0.0478,0.0478,0.0478,0.0522,0.0489,0.0478
35-16,0.0377,0.0467,0.0598,0.0467,0.0467,0.0467,0.0467,0.0598,0.05,0.0467
PD1KG5EA-08-45,0.1,0.1,0.1,0.1,0.1,0.1,0.1,0.1,0.1,0.1
100-100-01,0.08,0.08,0.08,0.08,0.08,0.08,0.08,0.08,0.08,0.08
OILO450ML2EA-39-80..,0.0847,0.0847,0.0847,0.0847,0.0847,0.0847,0.0847,0.0847,0.0847,0.0847
OILO450ML2EA-08-37-02,0.095,0.095,0.095,0.095,0.095,0.095,0.095,0.095,0.095,0.095
29-08,0.0524,0.0524,0.0626,0.05,0.05,0.05,0.05,0.0626,0.0535,0.05
12-11-01,0.04,0.05,0.05,0.05,0.05,0.05,0.04,0.05,0.05,0.05
23-40-04,0.1,0.1,0.1,0.1,0.1,0.1,0.1,0.1,0.1,0.1
20-90,0.103,0.12,0.12,0.12,0.12,0.12,0.12,0.12,0.12,0.12
22-04-03,0.08,0.08,0.08,0.08,0.08,0.08,0.08,0.08,0.08,0.06
OIL900ML4EA-08-32-02,0.1,0.1,0.1,0.1,0.1,0.1,0.1,0.1,0.1,0.1
24-49-01,0.048,0.048,0.048,0.048,0.048,0.048,0.048,0.048,0.048,0.048
81-63,0.0668,0.0668,0.0664,0.0668,0.0668,0.0668,0.0668,0.0664,0.0667,0.0668
32,0.0568,0.0668,0.0599,0.0668,0.0668,0.0668,0.0668,0.0599,0.0651,0.0668
28-15,0.0462,0.0462,0.0528,0.0462,0.0462,0.0462,0.0462,0.0528,0.0479,0.0462
OIL900ML4EA-08-32,0.0998,0.0998,0.0998,0.1,0.0998,0.0998,0.0998,0.1198,0.1024,0.0998
OIL500ML6EA-08-20-05,0.08,0.08,0.08,0.08,0.08,0.08,0.08,0.08,0.08,0.08
11-74-07,0.07,0.07,0.07,0.07,0.07,0.07,0.07,0.07,0.07,0.07
32-16-08,0.08,0.1,0.1,0.1,0.1,0.1,0.1,0.1,0.1,0.1
03-76-03,0.1,0.1,0.1,0.085,0.1,0.1,0.1,0.1,0.1,0.1
29-07-01,0.0433,0.0523,0.0563,0.0523,0.0523,0.0523,0.0523,0.0563,0.0533,0.0523
30-12-03,0.04,0.04,0.04,0.04,0.04,0.04,0.04,0.04,0.04,0.04
27-04-03,0.0356,0.0466,0.0531,0.0466,0.0466,0.0466,0.0466,0.0531,0.0483,0.0466
22-51-05,0.03,0.04,0.04,0.04,0.04,0.04,0.04,0.04,0.04,0.04
28-24-06,0.0382,0.0382,0.0492,0.04,0.04,0.04,0.04,0.0492,0.0421,0.04
22-22,0.0253,0.0353,0.0479,0.0353,0.0353,0.0353,0.0353,0.0479,0.0385,0.0353
28-20-01,0.0473,0.0473,0.0629,0.05,0.05,0.05,0.04,0.0629,0.0529,0.05
OIL500ML6EA-08-20-04,0.25,0.25,0.25,0.25,0.25,0.25,0.25,0.25,0.25,0.25
08-49,0.0675,0.0675,0.0714,0.068,0.068,0.068,0.068,0.0714,0.0688,0.068
39-03,0.09,0.1,0.1,0.1,0.1,0.1,0.09,0.1,0.1,0.1
22-51-03,0.04,0.04,0.04,0.04,0.04,0.04,0.04,0.04,0.04,0.04
27-16-01,0.06,0.06,0.06,0.06,0.06,0.06,0.06,0.06,0.06,0.06
08-01,0.0846,0.0946,0.097,0.0946,0.0946,0.0946,0.0946,0.097,0.0952,0.0946
27-04-05,0.0626,0.0626,0.063,0.0626,0.0626,0.0626,0.0526,0.063,0.0627,0.0626
31-50,0.0473,0.0473,0.0499,0.0473,0.0473,0.0473,0.0473,0.0499,0.0479,0.0473
22-23-01,0.04,0.04,0.04,0.04,0.04,0.04,0.03,0.04,0.04,0.04
12-02,0.0494,0.0494,0.0595,0.0494,0.0494,0.0494,0.0494,0.0595,0.0519,0.0494
29-06,0.06,0.06,0.06,0.06,0.06,0.06,0.06,0.06,0.06,0.06
27-26,0.0476,0.0476,0.0538,0.0476,0.0476,0.0476,0.0376,0.0538,0.0491,0.0476
21-108-01,0.0401,0.0401,0.0442,0.04,0.04,0.04,0.04,0.0442,0.0411,0.04
28-24-05,0.0382,0.0382,0.0492,0.04,0.04,0.04,0.03,0.0492,0.0421,0.04
27-17,0.0559,0.0559,0.025,0.0559,0.0559,0.0559,0.0559,0.025,0.0482,0.0559
22-23-05,0.01,0.03,0.0557,0.03,0.03,0.03,0.03,0.0557,0.0364,0.03
OIL500ML6EA-08-20-01,0.13,0.13,0.13,0.13,0.13,0.13,0.13,0.13,0.13,0.13
31-47-02,0.0597,0.0787,0.0459,0.0787,0.0587,0.0787,0.0787,0.0459,0.0705,0.0787
22-51,0.03,0.03,0.034,0.03,0.03,0.03,0.03,0.034,0.031,0.03
23-12,0.11,0.11,0.11,0.11,0.11,0.11,0.11,0.11,0.11,0.11
OIL1P8L5EA-08-28,0.14,0.14,0.14,0.14,0.14,0.14,0.14,0.14,0.14,0.14
23-35,0.108,0.186,0.115,0.115,0.115,0.115,0.115,0.115,0.1239,0.115
21-108-05,0.0431,0.0431,0.0466,0.0431,0.0431,0.0431,0.0431,0.0466,0.044,0.0431
15-63,0.17,0.17,0.17,0.17,0.17,0.17,0.17,0.17,0.17,0.17
28-09,0.0355,0.0355,0.0387,0.0355,0.0355,0.0355,0.0355,0.0387,0.0363,0.0355
20-14-02,0.0493,0.0493,0.0554,0.0493,0.0493,0.0493,0.0493,0.0554,0.0509,0.0493
15-40-03,0.18,0.18,0.18,0.18,0.18,0.18,0.18,0.18,0.18,0.18
81-04,0.04,0.04,0.04,0.04,0.04,0.04,0.04,0.04,0.04,0.04
23-101,0.16,0.16,0.16,0.16,0.16,0.16,0.16,0.16,0.16,0.16
12-13,0.05,0.05,0.05,0.05,0.05,0.05,0.05,0.05,0.05,0.05
54-102,0.1655,0.1655,0.1486,0.1655,0.1655,0.1655,0.1655,0.1486,0.1613,0.1655
23-30,0.15,0.15,0.15,0.15,0.15,0.15,0.15,0.15,0.15,0.15
27-17-05,0.0466,0.0466,0.06,0.0466,0.0466,0.0466,0.0466,0.06,0.0499,0.0466
35-18-02,0.081,0.1,0.1,0.1,0.1,0.1,0.1,0.1,0.1,0.1
23-22,0.085,0.115,0.115,0.115,0.115,0.115,0.115,0.115,0.115,0.115
54-21-03,0.04,0.04,0.04,0.04,0.04,0.04,0.04,0.04,0.04,0.04
08-46,0.089,0.1,0.1,0.1,0.1,0.1,0.089,0.1,0.1,0.1
21-003-02,0.06,0.06,0.06,0.06,0.06,0.06,0.06,0.06,0.06,0.06
40-10-06,0.15,0.15,0.15,0.15,0.15,0.15,0.15,0.15,0.15,0.15
21-003,0.06,0.06,0.06,0.06,0.06,0.06,0.06,0.06,0.06,0.06
15-42-02,0.13,0.13,0.13,0.13,0.13,0.13,0.13,0.13,0.13,0.13
11-18,0.06,0.07,0.07,0.07,0.07,0.07,0.07,0.07,0.07,0.07
KL600G12EA-01-18,0.07,0.07,0.07,0.07,0.07,0.07,0.07,0.07,0.07,0.07
HB200G10EA-15-15-06,0.0649,0.0649,0.0649,0.0649,0.0649,0.0649,0.0649,0.0649,0.0649,0.0649
10-14,0.043,0.04,0.04,0.04,0.04,0.04,0.034,0.04,0.04,0.04
11-40-112,0.05,0.06,0.06,0.06,0.06,0.06,0.06,0.06,0.06,0.05
15-44,0.13,0.13,0.13,0.11,0.13,0.13,0.13,0.13,0.1225,0.13
10-13,0.026,0.06,0.06,0.06,0.06,0.06,0.06,0.06,0.08,0.06
FH6-10-08-02,0.1041,0.1041,0.1041,0.1041,0.1041,0.1041,0.1041,0.1041,0.1041,0.1041
21-003-01,0.06,0.06,0.06,0.06,0.06,0.06,0.06,0.06,0.06,0.06
GB280G6EA-10-21,0.0698,0.0698,0.0698,0.0698,0.0698,0.0698,0.0698,0.0698,0.0698,0.0698
35-18,0.076,0.1,0.1,0.1,0.1,0.1,0.1,0.1,0.1,0.1
81-12-02,0.2,0.2,0.2,0.2,0.2,0.2,0.2,0.2,0.2,0.2
20-07,0.0383,0.0383,0.104,0.0383,0.0383,0.0383,0.0383,0.104,0.0547,0.0383
20-09,0.0428,0.0428,0.0427,0.0428,0.0428,0.0428,0.0428,0.0427,0.0428,0.0428
31-11-01,0.06,0.06,0.06,0.06,0.06,0.06,0.06,0.06,0.06,0.06
59-01-01,0.1,0.1,0.1,0.1,0.1,0.1,0.1,0.1,0.1,0.1
01-18,0.357,0.058,0.0773,0.058,0.058,0.058,0.058,0.0773,0.0628,0.058
15-03-09,0.07,0.07,0.07,0.07,0.07,0.07,0.07,0.07,0.07,0.07
23-13-01,0.1,0.1,0.1,0.1,0.1,0.1,0.1,0.1,0.1,0.1
48-01,0.1,0.1,0.1,0.1,0.1,0.1,0.1,0.1,0.1,0.1
21-02,0.0473,0.0473,0.0568,0.05,0.05,0.05,0.05,0.0568,0.0514,0.05
53-03,0.1,0.1,0.1,0.1,0.1,0.1,0.1,0.1,0.1,0.1
53-03-01,0.1,0.1,0.1,0.1,0.1,0.1,0.1,0.1,0.1,0.1
48-01-01,0.1,0.1,0.1,0.1,0.1,0.1,0.1,0.1,0.1,0.1
58-01,0.1,0.1,0.1,0.1,0.1,0.1,0.1,0.1,0.1,0.1
59-01,0.1,0.1,0.1,0.1,0.1,0.1,0.1,0.1,0.1,0.1
53-02-01,0.1,0.1,0.1,0.1,0.1,0.1,0.1,0.1,0.1,0.1
64-01,0.1,0.1,0.1,0.1,0.1,0.1,0.1,0.1,0.1,0.1
64-01-01,0.1,0.1,0.1,0.1,0.1,0.1,0.1,0.1,0.1,0.1
53-02,0.1,0.1,0.1,0.1,0.1,0.1,0.1,0.1,0.1,0.1
53-01-01,0.1,0.1,0.1,0.1,0.1,0.1,0.1,0.1,0.1,0.1
11-40-07,0.08,0.08,0.08,0.08,0.08,0.08,0.08,0.08,0.08,0.08
11-25,0.1,0.1,0.1,0.1,0.1,0.1,0.1,0.1,0.1,0.1
41-05,0.09,0.09,0.09,0.06,0.09,0.09,0.09,0.09,0.0862,0.09
41-05-01,0.09,0.09,0.09,0.06,0.09,0.09,0.09,0.09,0.0862,0.09
12-14,0.0491,0.0491,0.0622,0.0491,0.0491,0.0491,0.0491,0.0622,0.0523,0.0491
08-20,0.2,0.2,0.2,0.15,0.15,0.13,0.15,0.2,0.1725,0.13
79-01-01,0.1,0.1,0.1,0.1,0.1,0.1,0.1,0.1,0.1,0.1
58-01-01,0.15,0.15,0.15,0.15,0.15,0.15,0.15,0.15,0.15,0.15
31-09,0.0382,0.0382,0.0506,0.0382,0.0382,0.0382,0.0382,0.0506,0.0413,0.0382
11-40-001,0.06,0.06,0.0558,0.06,0.06,0.06,0.06,0.0558,0.059,0.055
45-07-01,0.06,0.06,0.06,0.06,0.06,0.06,0.06,0.06,0.07,0.07
11-03-05,0.1,0.1,0.1,0.1,0.1,0.1,0.1,0.1,0.1,0.1
50-71-01,0.06,0.06,0.06,0.06,0.06,0.06,0.06,0.06,0.07,0.09
01-17-03,0.06,0.06,0.06,0.06,0.06,0.06,0.06,0.06,0.07,0.09
50-71,0.045,0.045,0.045,0.045,0.045,0.045,0.045,0.045,0.055,0.075
50-75,0.06,0.06,0.06,0.06,0.06,0.06,0.06,0.06,0.07,0.09
11-07-02,0.0755,0.0755,0.0769,0.0755,0.0755,0.0755,0.0755,0.0769,0.0758,0.0755
08-25-01,0.06,0.06,0.06,0.06,0.06,0.06,0.06,0.06,0.07,0.09
07-31,0.08,0.08,0.08,0.08,0.08,0.08,0.08,0.08,0.09,0.11
50-18,0.06,0.06,0.06,0.06,0.06,0.06,0.06,0.06,0.07,0.09
79-01-05,0.1,0.1,0.1,0.1,0.1,0.1,0.1,0.1,0.1,0.1
12-41,0.08,0.08,0.08,0.08,0.06,0.04,0.08,0.08,0.08,0.08
12-41-01,0.08,0.08,0.08,0.08,0.06,0.04,0.08,0.08,0.08,0.08
08-20-05,0.2,0.2,0.2,0.15,0.15,0.13,0.15,0.2,0.1725,0.13
15-19,0.07,0.08,0.08,0.08,0.08,0.08,0.08,0.08,0.08,0.08
24-15-05,0.08,0.08,0.08,0.08,0.08,0.08,0.08,0.08,0.08,0.08
22-13-03,0.1,0.1,0.1,0.1,0.1,0.1,0.1,0.1,0.1,0.1
15-08-05,0.04,0.05,0.05,0.05,0.05,0.05,0.05,0.05,0.05,0.05
22-03,0.0468,0.0468,0.0615,0.0468,0.0468,0.0468,0.0468,0.0615,0.0505,0.0468
54-21-01,0.05,0.05,0.05,0.05,0.05,0.05,0.05,0.05,0.05,0.05
12-16,0.0558,0.0558,0.0602,0.0558,0.0558,0.0558,0.0558,0.0602,0.0569,0.0558
31-43,0.0684,0.0684,0.0723,0.0684,0.0584,0.0684,0.0684,0.0723,0.0694,0.0684
27-44-01,0.0518,0.0518,0.058,0.0518,0.0518,0.0518,0.0418,0.058,0.0533,0.0518
54-07,0.0381,0.0381,0.0418,0.04,0.04,0.04,0.04,0.0418,0.0402,0.04
31-42-01,0.0753,0.0753,0.053,0.0753,0.0653,0.0753,0.0753,0.053,0.0697,0.0753
23-85-01,0.056,0.056,0.0955,0.056,0.056,0.056,0.056,0.0955,0.0659,0.056
23-84,0.1056,0.0556,0.0984,0.0656,0.0656,0.0756,0.0756,0.0984,0.0813,0.0656
FH6-19-20,0.0861,0.0861,0.0861,0.0861,0.0861,0.0861,0.0861,0.0861,0.0861,0.0861
27-39,0.06,0.06,0.06,0.06,0.06,0.06,0.06,0.06,0.06,0.06
FH6-14-13-01,0.0951,0.0951,0.0951,0.0951,0.0951,0.0951,0.0951,0.0951,0.0951,0.0951
100-99,0.1,0.1,0.1,0.1,0.1,0.1,0.1,0.1,0.1,0.1
11-23,0.0412,0.0412,0.0437,0.0412,0.0412,0.0412,0.0412,0.0437,0.0418,0.0412
FH6-14-13,0.1408,0.1408,0.1408,0.1408,0.1408,0.1408,0.1408,0.1408,0.1408,0.1408
23-07,0.128,0.17,0.0625,0.05,0.05,0.05,0.05,0.0625,0.075,0.05
14-53-02,0.0342,0.0342,0.2638,0.0342,0.0342,0.0342,0.0342,0.2638,0.0916,0.0342
22-10-14,0.07,0.07,0.07,0.07,0.07,0.07,0.07,0.07,0.07,0.07
FH6-14-12,0.1014,0.1014,0.1014,0.1014,0.1014,0.1014,0.1014,0.1014,0.1014,0.1014
15-07-02,0.1,0.1,0.1,0.1,0.1,0.1,0.1,0.1,0.1,0.1
20-90-02,0.12,0.12,0.12,0.12,0.088,0.12,0.065,0.12,0.12,0.12
27-45-07-02,0.06,0.06,0.06,0.06,0.06,0.06,0.06,0.06,0.06,0.06
30-12-01.,0.02,0.03,0.046,0.03,0.03,0.03,0.03,0.046,0.034,0.03
32-71,0.08,0.08,0.08,0.08,0.08,0.08,0.08,0.08,0.08,0.08
32-72,0.08,0.08,0.08,0.08,0.08,0.08,0.08,0.08,0.08,0.08
55-04,0.038,0.038,0.0453,0.04,0.04,0.04,0.04,0.0453,0.0411,0.04
16-02,0.0502,0.0502,0.0515,0.0502,0.0502,0.0502,0.0502,0.0515,0.0505,0.0502
39-23,0.0606,0.0606,0.0643,0.06,0.06,0.06,0.06,0.0643,0.0611,0.06
15-47,0.2,0.2,0.2,0.2,0.2,0.2,0.2,0.2,0.2,0.2
FH6-14-10,0.0946,0.0946,0.0946,0.0946,0.0946,0.0946,0.0946,0.0946,0.0946,0.0946
20-07-01,0.08,0.08,0.08,0.08,0.08,0.08,0.1,0.08,0.0825,0.08
15-04-10,0.1,0.1,0.1,0.1,0.1,0.1,0.1,0.1,0.1,0.1
20-90-04,0.1,0.1,0.1,0.1,0.1,0.1,0.1,0.1,0.1,0.1
29-07-02,0.1,0.1,0.1,0.1,0.1,0.1,0.1,0.1,0.1,0.1
20-03,0.0453,0.0453,0.0599,0.0453,0.0453,0.0453,0.0453,0.0599,0.0489,0.0453
FH6-14-02-02,0.0993,0.0993,0.0993,0.0993,0.0993,0.0993,0.0993,0.0993,0.0993,0.0993
20-123,0.04,0.04,0.04,0.04,0.04,0.04,0.04,0.04,0.04,0.04
11-75-05,0.055,0.055,0.055,0.055,0.055,0.055,0.075,0.055,0.055,0.055
23-27,0.152,0.152,0.0508,0.15,0.15,0.15,0.15,0.0508,0.1254,0.15
03-76-02,0.1,0.1,0.1,0.085,0.1,0.1,0.1,0.1,0.1,0.1
15-60,0.12,0.12,0.12,0.12,0.12,0.12,0.12,0.12,0.12,0.12
23-36-01,0.2,0.2,0.2,0.2,0.2,0.2,0.2,0.2,0.2,0.2
15-60-02,0.17,0.17,0.17,0.17,0.17,0.17,0.17,0.17,0.17,0.17
15-47-02,0.2,0.2,0.2,0.2,0.2,0.2,0.2,0.2,0.2,0.2
22-13-05,0.1,0.1,0.1,0.1,0.1,0.1,0.1,0.1,0.1,0.1
21-004,0.1,0.1,0.1,0.1,0.1,0.1,0.1,0.1,0.1,0.1
22-13-04,0.09,0.1,0.1,0.1,0.1,0.1,0.1,0.1,0.1,0.1
03-76-01,0.1,0.1,0.1,0.085,0.1,0.1,0.1,0.1,0.1,0.1
81-44-01,0.07,0.07,0.07,0.07,0.07,0.07,0.07,0.07,0.07,0.07
12-10,0.048,0.048,0.0576,0.048,0.048,0.048,0.048,0.0576,0.0504,0.048
21-01,0.0473,0.0473,0.0568,0.0473,0.0473,0.0473,0.0473,0.0568,0.0497,0.0473
03-01.,0.0848,0.0848,0.102,0.0848,0.0848,0.0848,0.0848,0.102,0.0891,0.0848
20-124,0.0607,0.0607,0.0528,0.06,0.06,0.06,0.06,0.0528,0.0583,0.06
GB230G6EA-46-04-01,0.1,0.1,0.1,0.1,0.1,0.1,0.1,0.1,0.1,0.1
81-44,0.12,0.12,0.12,0.1,0.12,0.12,0.12,0.12,0.1175,0.12
21-004-01,0.1,0.1,0.1,0.1,0.1,0.1,0.1,0.1,0.1,0.1
50-40,0.08,0.08,0.08,0.08,0.08,0.08,0.08,0.08,0.08,0.11
15-62,0.17,0.17,0.17,0.17,0.17,0.17,0.17,0.17,0.17,0.17
12-21,0.0755,0.0755,0.075,0.0755,0.0755,0.0755,0.0755,0.075,0.0754,0.0755
09-74-02,0.1,0.1,0.1,0.085,0.1,0.1,0.1,0.1,0.1,0.1
15-20,0.08,0.08,0.08,0.08,0.08,0.08,0.08,0.08,0.08,0.08
23-36-02,0.2,0.2,0.2,0.2,0.2,0.2,0.2,0.2,0.2,0.2
79-01-04,0.1,0.1,0.1,0.1,0.1,0.1,0.1,0.1,0.1,0.1
08-71,0.07,0.07,0.07,0.07,0.07,0.07,0.07,0.07,0.07,0.07
20-08,0.0343,0.0343,0.0415,0.0343,0.0343,0.0343,0.0343,0.0415,0.0361,0.0343
25-50-12,0.05,0.05,0.05,0.05,0.05,0.05,0.05,0.05,0.05,0.05
14-15,0.06,0.06,0.06,0.06,0.06,0.06,0.06,0.06,0.06,0.06
CMR30T1EA-21-108-05,0.0531,0.0531,0.0531,0.0531,0.0531,0.0531,0.0531,0.0531,0.0531,0.0531
CMR30T1EA-21-108-02,0.0572,0.0572,0.0572,0.0572,0.0572,0.0572,0.0572,0.0572,0.0572,0.0572
CMN200T1EA-24-12-10,0.0856,0.0856,0.0856,0.0856,0.0856,0.0856,0.0856,0.0856,0.0856,0.0856
27-17-06,0.0466,0.0466,0.06,0.0466,0.0466,0.0466,0.0466,0.06,0.0499,0.0466
15-06-04,0.057,0.057,0.057,0.057,0.057,0.057,0.057,0.057,0.057,0.057
15-06-05,0.05,0.05,0.05,0.05,0.05,0.05,0.05,0.05,0.05,0.05
53-01-03,0.1,0.1,0.1,0.1,0.1,0.1,0.1,0.1,0.1,0.1
79-01-02,0.1,0.1,0.1,0.1,0.1,0.1,0.1,0.1,0.1,0.1
59-01-03,0.1,0.1,0.1,0.1,0.1,0.1,0.1,0.1,0.1,0.1
09-71-01,0.1,0.1,0.1,0.085,0.1,0.1,0.1,0.1,0.1,0.1
09-57-01,0.1,0.1,0.1,0.085,0.1,0.1,0.1,0.1,0.1,0.1
09-57-02,0.1,0.1,0.1,0.085,0.1,0.1,0.1,0.1,0.1,0.1
09-57-03,0.1,0.1,0.1,0.085,0.1,0.1,0.1,0.1,0.1,0.1
09-57-04,0.1,0.1,0.1,0.085,0.1,0.1,0.1,0.1,0.1,0.1
15-07-06,0.1,0.1,0.1,0.1,0.1,0.1,0.1,0.1,0.1,0.1
15-07-03,0.1,0.1,0.1,0.1,0.1,0.1,0.1,0.1,0.1,0.1
15-07-04,0.1,0.1,0.1,0.1,0.1,0.1,0.1,0.1,0.1,0.1
09-51-07,0.1,0.1,0.1,0.085,0.1,0.1,0.1,0.1,0.1,0.1
15-09-02,0.1,0.1,0.1,0.1,0.1,0.1,0.1,0.1,0.1,0.1
15-09-01,0.1,0.1,0.1,0.1,0.1,0.1,0.1,0.1,0.1,0.1
15-09-03,0.1,0.1,0.1,0.1,0.1,0.1,0.1,0.1,0.1,0.1
15-07-05,0.1,0.1,0.1,0.1,0.1,0.1,0.1,0.1,0.1,0.1
38-02,0.1,0.1,0.1,0.1,0.1,0.1,0.1,0.1,0.1,0.1
15-07-10,0.1,0.1,0.1,0.1,0.1,0.1,0.1,0.1,0.1,0.1
15-07-09,0.1,0.1,0.1,0.1,0.1,0.1,0.1,0.1,0.1,0.1
15-07-07,0.1,0.1,0.1,0.1,0.1,0.1,0.1,0.1,0.1,0.1
15-07-08,0.1,0.1,0.1,0.1,0.1,0.1,0.1,0.1,0.1,0.1
09-51-05,0.1,0.1,0.1,0.085,0.1,0.1,0.1,0.1,0.1,0.1
09-56-01,0.1,0.1,0.1,0.085,0.1,0.1,0.1,0.1,0.1,0.1
79-01,0.1,0.1,0.1,0.1,0.1,0.1,0.1,0.1,0.1,0.1
09-51-01,0.1,0.1,0.1,0.085,0.1,0.1,0.1,0.1,0.1,0.1
53-01-06,0.1,0.1,0.1,0.1,0.1,0.1,0.1,0.1,0.1,0.1
53-01-09,0.1,0.1,0.1,0.1,0.1,0.1,0.1,0.1,0.1,0.1
53-01-07,0.1,0.1,0.1,0.1,0.1,0.1,0.1,0.1,0.1,0.1
38-01,0.1,0.1,0.1,0.1,0.1,0.1,0.1,0.1,0.1,0.1
53-01-05,0.1,0.1,0.1,0.1,0.1,0.1,0.1,0.1,0.1,0.1
59-01-02,0.1,0.1,0.1,0.1,0.1,0.1,0.1,0.1,0.1,0.1
53-01-10,0.1,0.1,0.1,0.1,0.1,0.1,0.1,0.1,0.1,0.1
79-01-03,0.1,0.1,0.1,0.1,0.1,0.1,0.1,0.1,0.1,0.1
09-74-03,0.1,0.1,0.1,0.085,0.1,0.1,0.1,0.1,0.1,0.1
53-01-11,0.1,0.1,0.1,0.1,0.1,0.1,0.1,0.1,0.1,0.1
09-51-06,0.1,0.1,0.1,0.085,0.1,0.1,0.1,0.1,0.1,0.1
09-74-04,0.1,0.1,0.1,0.085,0.1,0.1,0.1,0.1,0.1,0.1
09-71-03,0.1,0.1,0.1,0.085,0.1,0.1,0.1,0.1,0.1,0.1
09-51-04,0.1,0.1,0.1,0.085,0.1,0.1,0.1,0.1,0.1,0.1
53-02-03,0.1,0.1,0.1,0.1,0.1,0.1,0.1,0.1,0.1,0.1
91-51-12,0.1,0.1,0.1,0.085,0.1,0.1,0.1,0.1,0.1,0.1
91-51-08,0.1,0.1,0.1,0.085,0.1,0.1,0.1,0.1,0.1,0.1
59-02-01,0.1,0.1,0.1,0.1,0.1,0.1,0.1,0.1,0.1,0.1
09-51-03,0.1,0.1,0.1,0.085,0.1,0.1,0.1,0.1,0.1,0.1
53-04-01,0.1,0.1,0.1,0.1,0.1,0.1,0.1,0.1,0.1,0.1
53-02-02,0.1,0.1,0.1,0.1,0.1,0.1,0.1,0.1,0.1,0.1
91-51-13,0.1,0.1,0.1,0.085,0.1,0.1,0.1,0.1,0.1,0.1
91-51-09,0.1,0.1,0.1,0.085,0.1,0.1,0.1,0.1,0.1,0.1
09-51-02,0.1,0.1,0.1,0.085,0.1,0.1,0.1,0.1,0.1,0.1
91-51-10,0.1,0.1,0.1,0.085,0.1,0.1,0.1,0.1,0.1,0.1
91-51-11,0.1,0.1,0.1,0.085,0.1,0.1,0.1,0.1,0.1,0.1
53-01-13,0.1,0.1,0.1,0.1,0.1,0.1,0.1,0.1,0.1,0.1
15-02-02,0.1,0.1,0.1,0.1,0.1,0.1,0.1,0.1,0.1,0.1
15-04-02,0.07,0.07,0.06,0.06,0.06,0.06,0.06,0.06,0.0625,0.06
CMMS50T1EA-24-11-01,0.06,0.06,0.06,0.06,0.06,0.06,0.06,0.06,0.06,0.06
24-08-01,0.043,0.043,0.043,0.043,0.043,0.043,0.043,0.043,0.043,0.033
11-74,0.055,0.075,0.075,0.065,0.075,0.075,0.105,0.075,0.0788,0.075
24-15-03,0.045,0.045,0.045,0.045,0.045,0.045,0.045,0.045,0.045,0.045
10-00-02,0.09,0.09,0.09,0.09,0.09,0.09,0.09,0.09,0.09,0.09
19-02,0.0634,0.0634,0.053,0.0534,0.0534,0.0534,0.0534,0.053,0.0533,0.0534
53-01-04,0.3,0.3,0.3,0.3,0.3,0.3,0.3,0.3,0.3,0.3
BT15EA-25-59-03,0.1,0.1,0.1,0.1,0.1,0.1,0.1,0.1,0.1,0.1
19-17,0.08,0.08,0.08,0.08,0.08,0.08,0.08,0.08,0.08,0.08
08-37-02,0.075,0.075,0.075,0.075,0.075,0.075,0.075,0.075,0.075,0.075
23-35-02,0.1,0.11,0.11,0.11,0.11,0.11,0.11,0.11,0.11,0.11
81-90,0.1,0.1,0.1,0.1,0.1,0.1,0.1,0.1,0.1,0.1
20-02,0.065,0.065,0.065,0.065,0.065,0.065,0.065,0.065,0.065,0.065
21-10,0.1088,0.1088,0.11,0.11,0.11,0.11,0.11,0.11,0.1099,0.11
25-50-11,0.05,0.05,0.05,0.05,0.05,0.05,0.05,0.05,0.05,0.05
15-15-04,0.08,0.08,0.08,0.08,0.08,0.08,0.08,0.08,0.08,0.08
41-51,0.1257,0.1257,0.1174,0.1257,0.1257,0.1257,0.1257,0.1174,0.1236,0.1257
24-61,0.05,0.05,0.25,0.25,0.25,0.25,0.25,0.25,0.225,0.25
36-19,0.1,0.1,0.1,0.1,0.1,0.1,0.1,0.1,0.1,0.1
12-12,0.0582,0.0582,0.0701,0.0582,0.0582,0.0582,0.0582,0.0701,0.0612,0.0582
15-04-11,0.1,0.1,0.1,0.1,0.1,0.1,0.1,0.1,0.1,0.1
22-07,0.0834,0.0834,0.0929,0.08,0.08,0.08,0.08,0.0929,0.0837,0.08
15-07-11,0.1,0.1,0.1,0.1,0.1,0.1,0.1,0.1,0.1,0.1
24-64,0.045,0.045,0.25,0.245,0.245,0.245,0.245,0.25,0.2213,0.245
23-13-02,0.1,0.1,0.1,0.1,0.1,0.1,0.1,0.1,0.1,0.1
08-47-04,0.0804,0.0804,0.08,0.08,0.08,0.08,0.08,0.08,0.0801,0.08
21-03-01,0.07,0.07,0.07,0.07,0.07,0.07,0.07,0.07,0.07,0.07
41-19,0.075,0.075,0.125,0.125,0.125,0.125,0.25,0.125,0.1344,0.125
24-63,0.045,0.045,0.25,0.245,0.245,0.245,0.245,0.25,0.2213,0.245
24-62,0.05,0.05,0.25,0.25,0.25,0.25,0.25,0.25,0.225,0.25
08-47-02,0.1,0.1,0.1,0.1,0.1,0.1,0.1,0.1,0.1,0.1
24-65,0.05,0.05,0.25,0.25,0.25,0.25,0.25,0.25,0.225,0.25
81-91,0.0894,0.0894,0.089,0.0894,0.0894,0.0894,0.0894,0.089,0.0893,0.0894
53-01-02,0.1,0.1,0.1,0.1,0.1,0.1,0.1,0.1,0.1,0.1
64-01-02,0.1,0.1,0.1,0.1,0.1,0.1,0.1,0.1,0.1,0.1
39-02,0.06,0.06,0.06,0.06,0.06,0.06,0.06,0.06,0.06,0.06
14-52-03,0.0341,0.0341,0.0575,0.0341,0.0341,0.0341,0.0341,0.0575,0.0399,0.0341
08-20-01,0.2,0.2,0.2,0.15,0.15,0.13,0.15,0.2,0.1725,0.13
27-45-06,0.06,0.06,0.0639,0.06,0.06,0.06,0.06,0.0639,0.061,0.06
24-071-01,0.0476,0.0476,0.0541,0.0476,0.0476,0.0476,0.0476,0.0541,0.0492,0.0476
54-02,0.06,0.06,0.06,0.06,0.06,0.06,0.06,0.06,0.06,0.06
27-45-07,0.06,0.06,0.06,0.06,0.06,0.06,0.06,0.06,0.06,0.06
28-24-07,0.05,0.05,0.05,0.05,0.05,0.05,0.05,0.05,0.05,0.05
24-071,0.1054,0.1054,0.1064,0.1054,0.1054,0.1054,0.1054,0.1064,0.1057,0.1054
53-01-12,0.1,0.1,0.1,0.1,0.1,0.1,0.1,0.1,0.1,0.1
GB300G6EA-10-00-02,0.1,0.1,0.1,0.1,0.1,0.1,0.1,0.1,0.1,0.1
BT10EA-81-40,0.1,0.1,0.1,0.1,0.1,0.1,0.1,0.1,0.1,0.1
BT10EA-55-09,0.1,0.1,0.1,0.1,0.1,0.1,0.1,0.1,0.1,0.1
BT10EA-55-01-02,0.07,0.07,0.07,0.07,0.07,0.07,0.07,0.1,0.1,0.1
31-13-04,0.07,0.07,0.07,0.07,0.07,0.07,0.07,0.07,0.07,0.07
BT10EA-55-01,0.07,0.07,0.07,0.07,0.07,0.07,0.07,0.1,0.1,0.1
BT10EA-38-09-03,0.08,0.08,0.08,0.08,0.08,0.08,0.08,0.08,0.08,0.08
68-01,0.6712,0.6712,0.671,0.6712,0.6712,0.6712,0.6712,0.671,0.6712,0.6712
67-03,0.2226,0.2226,0.223,0.2226,0.2226,0.2226,0.2226,0.223,0.2227,0.2226
53-01-08,0.1,0.1,0.1,0.1,0.1,0.1,0.1,0.1,0.1,0.1
67-02,0.3403,0.3403,0.34,0.34,0.34,0.34,0.34,0.34,0.34,0.34
79-02-01,0.1,0.1,0.1,0.1,0.1,0.1,0.1,0.1,0.1,0.1
79-02-02,0.1,0.1,0.1,0.1,0.1,0.1,0.1,0.1,0.1,0.1
09-56-02,0.1,0.1,0.1,0.085,0.1,0.1,0.1,0.1,0.1,0.1
53-04-02,0.1,0.1,0.1,0.1,0.1,0.1,0.1,0.1,0.1,0.1
09-74-01,0.1,0.1,0.1,0.085,0.1,0.1,0.1,0.1,0.1,0.1
15-02-01,0.1,0.1,0.1,0.1,0.1,0.1,0.1,0.1,0.1,0.1
79-02-03,0.1,0.1,0.1,0.1,0.1,0.1,0.1,0.1,0.1,0.1
09-71-02,0.1,0.1,0.1,0.085,0.1,0.1,0.1,0.1,0.1,0.1
68-03,0.1735,0.1735,0.173,0.1735,0.1735,0.1735,0.1735,0.173,0.1734,0.1735
82-05,0.07,0.07,0.07,0.07,0.07,0.07,0.07,0.07,0.07,0.07
08-47-01,0.1,0.1,0.1,0.1,0.1,0.1,0.1,0.1,0.1,0.1
21-35,0.0375,0.0375,0.0507,0.04,0.04,0.04,0.04,0.0507,0.0424,0.04
54-101,0.17,0.17,0.17,0.17,0.17,0.17,0.17,0.17,0.17,0.17
08-47-03,0.1052,0.1052,0.0805,0.1052,0.1052,0.1052,0.1052,0.0805,0.099,0.1052
81-69,0.2349,0.2349,0.23,0.23,0.23,0.23,0.23,0.23,0.2306,0.23
81-67,0.0467,0.0467,0.0521,0.0467,0.0467,0.0467,0.0467,0.0521,0.0481,0.0467
81-20,0.1001,0.1001,0.1,0.1,0.1,0.1,0.1,0.1,0.1,0.1
67-01-02,0.793,0.793,0.793,0.793,0.793,0.793,0.793,0.793,0.793,0.793
10-08-02,0.044,0.035,0.035,0.035,0.035,0.035,0.035,0.035,0.035,0.035
35-18-03,0.0514,0.0514,0.0621,0.0514,0.0514,0.0514,0.0514,0.0621,0.0541,0.0514
08-20-04,0.2,0.2,0.2,0.15,0.15,0.13,0.15,0.2,0.1725,0.13
30-13,0.13,0.13,0.0617,0.1,0.04,0.15,0.04,0.0617,0.0779,0.15
27-20,0.0567,0.0567,0.0942,0.0567,0.0567,0.0567,0.0567,0.0942,0.0661,0.0567
24-49-05,0.048,0.048,0.048,0.048,0.048,0.048,0.048,0.048,0.048,0.048
21-34,0.044,0.044,0.0507,0.044,0.044,0.044,0.044,0.0507,0.0457,0.044
28-24-03,0.0472,0.0472,0.0525,0.0472,0.0472,0.0472,0.0472,0.0525,0.0486,0.0472
OIL1P8L6EA-41-19,0.1,0.1,0.1,0.1,0.1,0.1,0.1,0.1,0.1,0.1
15-16-01,0.063,0.063,0.0547,0.06,0.06,0.06,0.06,0.0547,0.059,0.06
11-73,0.089,0.089,0.09,0.089,0.089,0.089,0.089,0.09,0.0892,0.089
28-24-02,0.046,0.046,0.0553,0.046,0.046,0.046,0.046,0.0553,0.0483,0.046
13-74,0.1,0.1,0.1,0.1,0.1,0.1,0.1,0.1,0.1,0.1
12-18-03,0.0464,0.0464,0.0625,0.0464,0.0464,0.0464,0.0464,0.0625,0.0504,0.0464
11-61,0.09,0.09,0.1,0.1012,0.1012,0.1012,0.1012,0.1,0.0995,0.1012
11-30,0.1,0.1,0.1,0.1,0.1,0.1,0.1,0.1,0.1,0.1
TUS90G8EA-11-41-05,0.06,0.06,0.06,0.06,0.06,0.06,0.06,0.06,0.06,0.06
19-01,0.08,0.08,0.08,0.08,0.08,0.08,0.08,0.08,0.08,0.08
67-04,0.2578,0.2578,0.25,0.25,0.25,0.25,0.25,0.25,0.251,0.25
28-24-04,0.0472,0.0472,0.0525,0.0472,0.0472,0.0472,0.0472,0.0525,0.0486,0.0472
BT10EA-28-13-05,0.06,0.06,0.06,0.06,0.06,0.06,0.06,0.06,0.06,0.06
BT10EA-28-13,0.1,0.1,0.1,0.1,0.1,0.1,0.1,0.1,0.1,0.1
BT10EA-28-06,0.1,0.1,0.1,0.1,0.1,0.1,0.1,0.1,0.1,0.1
27-17-04,0.0348,0.0348,0.07,0.0348,0.0348,0.0348,0.0348,0.07,0.0436,0.0348
34-20-01,0.11,0.11,0.1348,0.13,0.13,0.13,0.13,0.1348,0.1287,0.13
67-01-01,0.4446,0.4446,0.4446,0.4446,0.4446,0.4446,0.4446,0.4446,0.4446,0.4446
08-20-03,0.2,0.2,0.2,0.15,0.15,0.13,0.15,0.2,0.1725,0.13
68-04,-0.077,-0.077,-0.0767,-0.077,-0.077,-0.077,-0.077,-0.0767,-0.0769,-0.077
39-34,0.08,0.08,0.08,0.08,0.08,0.08,0.08,0.08,0.08,0.08
15-04-09,0.12,0.12,0.12,0.12,0.12,0.12,0.12,0.12,0.12,0.12
12-15,0.0463,0.0463,0.0491,0.0463,0.0463,0.0463,0.0463,0.0491,0.047,0.0463
11-70,0.09,0.09,0.09,0.09,0.09,0.09,0.09,0.09,0.09,0.09
39-22,0.0677,0.0677,0.0735,0.0677,0.0677,0.0677,0.0677,0.0735,0.0691,0.0677
24-070,0.0477,0.0477,0.0541,0.0477,0.0477,0.0477,0.0477,0.0541,0.0493,0.0477
14-52-04,0.0677,0.0677,0.074,0.0677,0.0677,0.0677,0.0677,0.074,0.0693,0.0677
11-64-01,0.09,0.09,0.09,0.09,0.09,0.09,0.09,0.09,0.09,0.09
20-01,0.05,0.05,0.05,0.05,0.05,0.05,0.05,0.05,0.05,0.05
08-70,0.12,0.12,0.12,0.12,0.12,0.12,0.12,0.12,0.12,0.12
23-19-01,0.26,0.26,0.165,0.165,0.165,0.165,0.165,0.165,0.1769,0.165
12-29,0.0673,0.0673,0.0841,0.0673,0.0673,0.0673,0.0673,0.0841,0.0715,0.0573
08-20-02,0.2,0.2,0.2,0.15,0.15,0.13,0.15,0.2,0.1725,0.13
35-41,0.0507,0.0507,0.118,0.0507,0.0507,0.0507,0.0507,0.118,0.0675,0.0507
20-07-02,0.08,0.08,0.08,0.08,0.08,0.08,0.1,0.08,0.0825,0.08
39-01,0.1,0.1,0.1,0.1,0.1,0.1,0.1,0.1,0.1,0.1
BT10EA-25-40,0.065,0.065,0.065,0.065,0.065,0.065,0.065,0.065,0.065,0.065
BT10EA-25-273,0.1,0.1,0.1,0.1,0.1,0.1,0.1,0.1,0.1,0.1
23-36,0.3711,0.3711,0.1761,0.37,0.37,0.37,0.37,0.1761,0.3217,0.37
TU85G12EA-15-06-05,0.05,0.05,0.05,0.05,0.05,0.05,0.05,0.05,0.05,0.05
27-37-02,0.0594,0.0594,0.0679,0.0594,0.0594,0.0594,0.0594,0.0679,0.0615,0.0594
12-37-03,0.1,0.1,0.1,0.1,0.1,0.1,0.1,0.1,0.1,0.1
BT10EA-20-12-01,0.1,0.1,0.1,0.1,0.1,0.1,0.1,0.1,0.1,0.1
31-42-02,0.06,0.06,0.06,0.06,0.06,0.06,0.06,0.06,0.06,0.06
61-58,0.06,0.06,0.06,0.06,0.06,0.06,0.05,0.06,0.06,0.06
14-01-01,0.08,0.08,0.08,0.08,0.08,0.08,0.08,0.08,0.08,0.08
32-19-04,0.0459,0.0459,0.0516,0.0459,0.0459,0.0459,0.03,0.0516,0.0473,0.0459
TU85G12EA-15-06-04,0.07,0.07,0.07,0.07,0.07,0.07,0.07,0.07,0.07,0.07
27-45-05,0.0611,0.0611,0.0639,0.06,0.06,0.06,0.06,0.0639,0.0611,0.06
14-04,0.08,0.08,0.08,0.08,0.08,0.08,0.08,0.08,0.08,0.08
34-01-01,0.1,0.1,0.1,0.1,0.1,0.1,0.1,0.15,0.1,0.1
34-01-02,0.41,0.41,0.3805,0.38,0.38,0.38,0.38,0.3805,0.3839,0.38
34-20,0.08,0.08,0.08,0.08,0.08,0.08,0.08,0.08,0.08,0.08
27-91-02,0.0406,0.0406,0.0481,0.0406,0.0406,0.0406,0.0406,0.0481,0.0425,0.0406
24-09,0.0355,0.0355,0.0476,0.0355,0.0355,0.0355,0.0355,0.0476,0.0385,0.0355
24-09-02,0.04,0.04,0.04,0.04,0.04,0.04,0.04,0.04,0.04,0.04
24-09-01,0.04,0.04,0.04,0.04,0.04,0.04,0.04,0.04,0.04,0.04
20-14-03,0.1,0.1,0.1,0.1,0.1,0.1,0.1,0.1,0.1,0.1
11-05-11,0.05,0.06,0.06,0.06,0.06,0.06,0.06,0.06,0.06,0.06
29-16,0.1,0.1,0.1,0.1,0.1,0.1,0.1,0.1,0.1,0.1
35-18-11,0.047,0.08,0.08,0.08,0.08,0.08,0.08,0.08,0.08,0.08
31-47-04,0.05,0.05,0.05,0.05,0.05,0.05,0.05,0.05,0.05,0.05
PJ8EA-20-13-04,0.1,0.1,0.1,0.1,0.1,0.1,0.1,0.1,0.1,0.1
PJ8EA-20-13-03,0.1,0.1,0.1,0.1,0.1,0.1,0.1,0.1,0.1,0.1
PJ8EA-20-13-02,0.1,0.1,0.1,0.1,0.1,0.1,0.1,0.1,0.1,0.1
24-49-07,0.08,0.08,0.08,0.08,0.08,0.08,0.08,0.08,0.08,0.08
28-43-01,0.08,0.08,0.08,0.08,0.08,0.08,0.08,0.08,0.08,0.08
28-13-01,0.07,0.08,0.08,0.08,0.08,0.08,0.08,0.08,0.08,0.08
28-22-06,0.06,0.06,0.06,0.06,0.06,0.06,0.06,0.06,0.06,0.06
31-13-02,0.06,0.06,0.06,0.06,0.06,0.06,0.06,0.06,0.06,0.06
66-07,0.11,0.12,0.12,0.12,0.12,0.12,0.12,0.12,0.12,0.12
66-01,0.11,0.12,0.12,0.12,0.12,0.12,0.12,0.12,0.12,0.12
66-01-01,0.11,0.12,0.12,0.12,0.12,0.12,0.12,0.12,0.12,0.12
65-53-01,0.12,0.12,0.12,0.12,0.12,0.12,0.12,0.12,0.12,0.12
65-53,0.12,0.12,0.12,0.12,0.12,0.12,0.12,0.12,0.12,0.12
20-13-04,0.08,0.08,0.08,0.08,0.08,0.08,0.08,0.08,0.08,0.08
23-10-02,0.07,0.08,0.08,0.08,0.08,0.08,0.08,0.08,0.08,0.08
37-02.,0.1,0.1,0.1,0.1,0.1,0.1,0.1,0.1,0.1,0.1
37-01.,0.1,0.1,0.1,0.1,0.1,0.1,0.1,0.1,0.1,0.1
20-13-02,0.1,0.1,0.1,0.1,0.1,0.1,0.1,0.1,0.1,0.1
20-13-03,0.1,0.1,0.1,0.1,0.1,0.1,0.1,0.1,0.1,0.1
01-17,0.035,0.035,0.035,0.06,0.06,0.06,0.035,0.035,0.05,0.035
23-39-01,0,0.08,0.08,0.08,0.08,0.08,0,0.08,0.08,0.08
36-44,0.06,0.07,0.07,0.07,0.07,0.07,0.07,0.07,0.07,0.07
36-43,0.179,0.07,0.07,0.07,0.07,0.07,0.07,0.07,0.07,0.07
36-42,0.06,0.07,0.07,0.07,0.07,0.07,0.07,0.07,0.07,0.07
36-41,0.179,0.07,0.07,0.07,0.07,0.07,0.07,0.07,0.07,0.07
36-40,0.179,0.07,0.07,0.07,0.07,0.07,0.07,0.07,0.07,0.07
36-52,0.07,0.07,0.07,0.07,0.07,0.07,0.07,0.07,0.07,0.07
36-51,0.06,0.07,0.07,0.07,0.07,0.07,0.07,0.07,0.07,0.07
36-53,0.07,0.07,0.07,0.07,0.07,0.07,0.07,0.07,0.07,0.07
36-50,0.07,0.07,0.07,0.07,0.07,0.07,0.07,0.07,0.07,0.07
TR1EA-62-39-03,0.1,0.1,0.1,0.1,0.1,0.1,0.1,0.1,0.1,0.1
TR1EA-62-39-02,0.1,0.1,0.1,0.1,0.1,0.1,0.1,0.1,0.1,0.1
TR1EA-62-39,0.1,0.1,0.1,0.1,0.1,0.1,0.1,0.1,0.1,0.1
TR1EA-62-39-01,0.1,0.1,0.1,0.1,0.1,0.1,0.1,0.1,0.1,0.1
MMC1EA-65-53-01,0.234,0.08,0.08,0.08,0.08,0.08,0.08,0.08,0.08,0.08
31-47-13,0.04,0.04,0.04,0.04,0.04,0.04,0.045,0.04,0.04,0.04
31-47-12,0.04,0.04,0.04,0.04,0.04,0.04,0.03,0.04,0.04,0.04
83-62,0.05,0.05,0.05,0.05,0.05,0.05,0.05,0.05,0.05,0.05
83-62-01,0.05,0.05,0.05,0.05,0.05,0.05,0.05,0.05,0.05,0.05
MMC1EA-65-53-02,0.2,0.2,0.2,0.2,0.2,0.2,0.2,0.2,0.2,0.2
PC004326,0.08,0.08,0.08,0.08,0.08,0.08,0.08,0.08,0.08,0.08
PC004325,0.08,0.08,0.08,0.08,0.08,0.08,0.08,0.08,0.08,0.08
PC004605,0.08,0.08,0.08,0.08,0.08,0.08,0.08,0.08,0.08,0.08
PC005780,0.08,0.08,0.08,0.08,0.08,0.08,0.08,0.08,0.08,0.08
PC005708,0.08,0.08,0.08,0.08,0.08,0.08,0.08,0.08,0.08,0.08
PC004343,0.08,0.08,0.08,0.08,0.08,0.08,0.08,0.08,0.08,0.08
PC004317,0.08,0.08,0.08,0.08,0.08,0.08,0.08,0.08,0.08,0.08
PC004295,0.08,0.08,0.08,0.08,0.08,0.08,0.08,0.08,0.08,0.08
PC004738,0.08,0.08,0.08,0.08,0.08,0.08,0.08,0.08,0.08,0.08
PC005008,0.08,0.08,0.08,0.08,0.08,0.08,0.08,0.08,0.08,0.08
PC004337,0.08,0.08,0.08,0.08,0.08,0.08,0.08,0.08,0.08,0.08
PC004308,0.08,0.08,0.08,0.08,0.08,0.08,0.08,0.08,0.08,0.08
PC005715,0.08,0.08,0.08,0.08,0.08,0.08,0.08,0.08,0.08,0.08
PC004900,0.08,0.08,0.08,0.08,0.08,0.08,0.08,0.08,0.08,0.08
PC004901,0.08,0.08,0.08,0.08,0.08,0.08,0.08,0.08,0.08,0.08
PC005713,0.08,0.08,0.08,0.08,0.08,0.08,0.08,0.08,0.08,0.08
PC004823,0.08,0.08,0.08,0.08,0.08,0.08,0.08,0.08,0.08,0.08
PC005045,0.08,0.08,0.08,0.08,0.08,0.08,0.08,0.08,0.08,0.08
PC004813,0.08,0.08,0.08,0.08,0.08,0.08,0.08,0.08,0.08,0.08
PC005329,0.08,0.08,0.08,0.08,0.08,0.08,0.08,0.08,0.08,0.08
PC004941,0.08,0.08,0.08,0.08,0.08,0.08,0.08,0.08,0.08,0.08
PC005332,0.08,0.08,0.08,0.08,0.08,0.08,0.08,0.08,0.08,0.08
PC005616,0.08,0.08,0.08,0.08,0.069,0.08,0.08,0.08,0.08,0.08
PC004313,0.08,0.08,0.08,0.08,0.08,0.08,0.08,0.08,0.08,0.08
PC005548,0.08,0.08,0.08,0.08,0.08,0.08,0.08,0.08,0.08,0.08
PC004718,0.08,0.08,0.08,0.08,0.08,0.08,0.08,0.08,0.08,0.08
PC004430,0.08,0.08,0.08,0.08,0.08,0.08,0.08,0.08,0.08,0.08
PC004429,0.08,0.08,0.08,0.08,0.08,0.08,0.08,0.08,0.08,0.08
PC004942,0.08,0.08,0.08,0.08,0.069,0.08,0.08,0.08,0.08,0.08
PC004852,0.08,0.08,0.08,0.08,0.08,0.08,0.08,0.08,0.08,0.08
PC005041,0.08,0.08,0.08,0.08,0.067,0.08,0.08,0.08,0.08,0.08
PC004319,0.08,0.08,0.08,0.08,0.08,0.08,0.08,0.08,0.08,0.08
PC004301,0.08,0.08,0.08,0.08,0.08,0.08,0.08,0.08,0.08,0.08
PC005723,0.08,0.08,0.08,0.08,0.08,0.08,0.08,0.08,0.08,0.08
PC004344,0.08,0.08,0.08,0.08,0.08,0.08,0.08,0.08,0.08,0.08
PC004300,0.08,0.08,0.08,0.08,0.08,0.08,0.08,0.08,0.08,0.08
PC004850,0.08,0.08,0.08,0.08,0.08,0.08,0.08,0.08,0.08,0.08
PC004453,0.08,0.08,0.08,0.08,0.08,0.08,0.08,0.08,0.08,0.08
PC004589,0.08,0.08,0.08,0.08,0.067,0.08,0.08,0.08,0.08,0.08
PC004425,0.08,0.08,0.08,0.08,0.08,0.08,0.08,0.08,0.08,0.08
PC005253,0.08,0.08,0.08,0.08,0.067,0.08,0.08,0.08,0.08,0.08
PC005415,0.08,0.08,0.08,0.08,0.067,0.08,0.08,0.08,0.08,0.08
PC005759,0.08,0.08,0.08,0.08,0.08,0.08,0.08,0.08,0.08,0.08
PC004307,0.08,0.08,0.08,0.08,0.08,0.08,0.08,0.08,0.08,0.08
PC004342,0.08,0.08,0.08,0.08,0.08,0.08,0.08,0.08,0.08,0.08
PC004297,0.08,0.08,0.08,0.08,0.08,0.08,0.08,0.08,0.08,0.08
PC004929,0.08,0.08,0.08,0.08,0.08,0.08,0.08,0.08,0.08,0.08
PC004336,0.08,0.08,0.08,0.08,0.08,0.08,0.08,0.08,0.08,0.08
PC005182,0.08,0.08,0.08,0.08,0.08,0.08,0.08,0.08,0.08,0.08
PC005247,0.08,0.08,0.08,0.08,0.066,0.08,0.08,0.08,0.08,0.08
PC004931,0.08,0.08,0.08,0.08,0.068,0.08,0.08,0.08,0.08,0.08
PC005237,0.08,0.08,0.08,0.08,0.08,0.08,0.08,0.08,0.08,0.08
PC004841,0.08,0.08,0.08,0.08,0.08,0.08,0.08,0.08,0.08,0.08
PC004306,0.08,0.08,0.08,0.08,0.08,0.08,0.08,0.08,0.08,0.08
PC004293,0.08,0.08,0.08,0.08,0.08,0.08,0.08,0.08,0.08,0.08
PC004648,0.08,0.08,0.08,0.08,0.08,0.08,0.08,0.08,0.08,0.08
PC004435,0.08,0.08,0.08,0.08,0.08,0.08,0.08,0.08,0.08,0.08
PC004857,0.08,0.08,0.08,0.08,0.068,0.08,0.08,0.08,0.08,0.08
PC004296,0.08,0.08,0.08,0.08,0.08,0.08,0.08,0.08,0.08,0.08
PC004947,0.08,0.08,0.08,0.08,0.08,0.08,0.08,0.08,0.08,0.08
PC005239,0.08,0.08,0.08,0.08,0.067,0.08,0.08,0.08,0.08,0.08
PC005245,0.08,0.08,0.08,0.08,0.08,0.08,0.08,0.08,0.08,0.08
PC004948,0.08,0.08,0.08,0.08,0.08,0.08,0.08,0.08,0.08,0.08
PC004294,0.08,0.08,0.08,0.08,0.08,0.08,0.08,0.08,0.08,0.08
PC004292,0.08,0.08,0.08,0.08,0.066,0.08,0.08,0.08,0.08,0.08
PC004869,0.08,0.08,0.08,0.08,0.08,0.08,0.08,0.08,0.08,0.08
PC005159,0.08,0.08,0.08,0.08,0.08,0.08,0.08,0.08,0.08,0.08
PC005201,0.08,0.08,0.08,0.08,0.068,0.08,0.08,0.08,0.08,0.08
PC005757,0.08,0.08,0.08,0.08,0.08,0.08,0.08,0.08,0.08,0.08
PC004559,0.08,0.08,0.08,0.08,0.065,0.08,0.08,0.08,0.08,0.08
PC004946,0.08,0.08,0.08,0.08,0.08,0.08,0.08,0.08,0.08,0.08
PC000041,0.08,0.08,0.08,0.08,0.068,0.08,0.08,0.08,0.08,0.08
PC005756,0.08,0.08,0.08,0.08,0.08,0.08,0.08,0.08,0.08,0.08
PC004298,0.08,0.08,0.08,0.08,0.08,0.08,0.08,0.08,0.08,0.08
PC005525,0.08,0.08,0.08,0.08,0.08,0.08,0.08,0.08,0.08,0.08
PC004299,0.08,0.08,0.08,0.08,0.08,0.08,0.08,0.08,0.08,0.08
PC000355,0.08,0.08,0.08,0.08,0.08,0.08,0.08,0.08,0.08,0.08
PC004740,0.08,0.08,0.08,0.08,0.08,0.08,0.08,0.08,0.08,0.08
PC004562,0.08,0.08,0.08,0.08,0.066,0.08,0.08,0.08,0.08,0.08
PC005722,0.08,0.08,0.08,0.08,0.065,0.08,0.08,0.08,0.08,0.08
PC004935,0.08,0.08,0.08,0.08,0.068,0.08,0.08,0.08,0.08,0.08
PC004937,0.08,0.08,0.08,0.08,0.069,0.08,0.08,0.08,0.08,0.08
PC004739,0.08,0.08,0.08,0.08,0.069,0.08,0.08,0.08,0.08,0.08
PC005698,0.08,0.08,0.08,0.08,0.068,0.08,0.08,0.08,0.08,0.08
PC005562,0.08,0.08,0.08,0.08,0.08,0.08,0.08,0.08,0.08,0.08
PC005101,0.08,0.08,0.08,0.08,0.067,0.08,0.08,0.08,0.08,0.08
PC004949,0.08,0.08,0.08,0.08,0.07,0.08,0.08,0.08,0.08,0.08
PC004737,0.08,0.08,0.08,0.08,0.08,0.08,0.08,0.08,0.08,0.08
PC005697,0.08,0.08,0.08,0.08,0.066,0.08,0.08,0.08,0.08,0.08
PC002758,0.08,0.08,0.08,0.08,0.067,0.08,0.08,0.08,0.08,0.08
PC004903,0.059,0.08,0.08,0.08,0.051,0.08,0.08,0.08,0.08,0.08
PC005416,0.08,0.08,0.08,0.08,0.08,0.08,0.08,0.08,0.08,0.08
PC005526,0.08,0.08,0.08,0.08,0.08,0.08,0.08,0.08,0.08,0.08
PC002105,0.08,0.08,0.08,0.08,0.08,0.08,0.08,0.08,0.08,0.08
PC005183,0.08,0.08,0.08,0.08,0.068,0.08,0.08,0.08,0.08,0.08
PC005318,0.08,0.08,0.08,0.08,0.08,0.08,0.08,0.08,0.08,0.08
PC005316,0.08,0.08,0.08,0.08,0.068,0.08,0.08,0.08,0.08,0.08
PC005218,0.08,0.08,0.08,0.08,0.08,0.08,0.08,0.08,0.08,0.08
PC005330,0.08,0.08,0.08,0.08,0.08,0.08,0.08,0.08,0.08,0.08
PC004793,0.08,0.08,0.08,0.08,0.08,0.08,0.08,0.08,0.08,0.08
PC004340,0.08,0.08,0.08,0.08,0.08,0.08,0.08,0.08,0.08,0.08
PC004310,0.08,0.08,0.08,0.08,0.08,0.08,0.08,0.08,0.08,0.08
PC004312,0.08,0.08,0.08,0.08,0.08,0.08,0.08,0.08,0.08,0.08
PC004930,0.08,0.08,0.08,0.08,0.08,0.08,0.08,0.08,0.08,0.08
PC004723,0.08,0.08,0.08,0.08,0.08,0.08,0.08,0.08,0.08,0.08
PC004536,0.08,0.08,0.08,0.08,0.08,0.08,0.08,0.08,0.08,0.08
PC005314,0.08,0.08,0.08,0.08,0.08,0.08,0.08,0.08,0.08,0.08
PC005735,0.08,0.08,0.08,0.08,0.08,0.08,0.08,0.08,0.08,0.08
PC004341,0.08,0.08,0.08,0.08,0.08,0.08,0.08,0.08,0.08,0.08
PC004376,0.08,0.08,0.08,0.08,0.08,0.08,0.08,0.08,0.08,0.08
26-28,0.209,0.08,0.08,0.08,0.08,0.08,0.08,0.08,0.08,0.08
01-09-11,0.355,0.08,0.08,0.08,0.08,0.08,0.08,0.08,0.08,0.08
01-09-02,0.08,0.08,0.08,0.08,0.08,0.08,0.08,0.08,0.08,0.08
PC005875,0.08,0.08,0.08,0.08,0.08,0.08,0.08,0.08,0.08,0.08
01-09-04,0.08,0.08,0.08,0.08,0.08,0.08,0.08,0.08,0.08,0.08
PC005832,0.08,0.08,0.08,0.08,0.08,0.08,0.08,0.08,0.08,0.08
PC005901,0.08,0.08,0.08,0.08,0.08,0.08,0.08,0.08,0.08,0.08
01-09-10,0.08,0.08,0.08,0.08,0.08,0.08,0.08,0.08,0.08,0.08
PC005830,0.08,0.08,0.08,0.08,0.08,0.08,0.08,0.08,0.08,0.08
PC005902,0.08,0.08,0.08,0.08,0.08,0.08,0.08,0.08,0.08,0.08
PC005830,0.08,0.08,0.08,0.08,0.08,0.08,0.08,0.08,0.08,0.08
26-08-02,0.209,0.08,0.08,0.08,0.08,0.08,0.08,0.08,0.08,0.08
26-28-01,0.209,0.08,0.08,0.08,0.08,0.08,0.08,0.08,0.08,0.08
01-09-08,0.08,0.08,0.08,0.08,0.08,0.08,0.08,0.08,0.08,0.08
01-09-01,0.08,0.08,0.08,0.08,0.08,0.08,0.08,0.08,0.08,0.08
08-45,0.093,,,,,,0.086,,,
11-05-00,0.098,,,,,,0.096,,,
15-03-10,0.098,,,,,,0.043,,,
154-4585-85-20,0.096,,,,,,,,,
200-300-25-55,0.092,,,,,,0.086,,,
PC004349,0.077,,,,,,0.077,,,
PC005699,0.098,,,,,,0.098,,,
PC005881,0.098,,,,,,0.098,,,
PC005899,0.094,,,,,,0.094,,,
PC005900,0.093,,,,,,0.093,,,
PC005904,0.073,,,,,,0.073,,,
01-09-03,,,0.102,,,,0.091,,,
01-09-06,,,0.102,,,,0.091,,,
123-25-55-1,,,0.103,,,,0.09,,,
65-54-02,,,0.097,,,,,,,
15-244-10-01,,,,,,,0.094,,,
23-19-02,,,,,,,0.516,,,
26-02-02,0.074,,,,,,0.112,,,
26-04-02,0.064,,,,,,0.081,,,
26-04-03,,,,,,,0.126,,,
26-05,0.03,,,,,,0.109,,,
31-01-06,,,,,,,0.049,,,
31-22-02-CB-31-47-01,,,,,,,0.118,,,
31-47-14,,,,,,,0.097,,,
48-69,0,,,,,,0.092,,,
62-39,,,,,,,0.094,,,
67-73,,,,,,,0.096,,,
BT10EA-25-40-02,0.143,,,,,,0.363,,,
PC005802,,,,,,,0.06,,,
IMADE10EA-48-69,0.565,,,,,,,,,
NRG1EA-66-07,0.099,,,,,,,,,
