ESM카테고리명,사이트카테고리명,사이트,ESM카테고리,사이트카테고리
식품>가공식품>음료>생수,커피/음료>생수/탄산수>생수,G마켓,00030002000300010000,100000094200001204300012400
식품>가공식품>음료>탄산수,커피/음료>생수/탄산수>탄산수,G마켓,00030002000300020000,100000094200001204300029196
식품>가공식품>음료>탄산/청량음료>콜라,커피/음료>탄산/청량음료>콜라,G마켓,00030002000300030001,100000094200000753300008259
식품>가공식품>음료>탄산/청량음료>사이다,커피/음료>탄산/청량음료>사이다,G마켓,00030002000300030002,100000094200000753300024677
식품>가공식품>음료>탄산/청량음료>무알콜음료,커피/음료>탄산/청량음료>무알콜음료,G마켓,00030002000300030003,100000094200000753300008266
식품>가공식품>음료>탄산/청량음료>과즙탄산음료,커피/음료>탄산/청량음료>과즙탄산음료,G마켓,00030002000300030004,100000094200000753300012350
식품>가공식품>음료>탄산/청량음료>아이스티음료,커피/음료>탄산/청량음료>아이스티음료,G마켓,00030002000300030005,100000094200000753300029208
식품>가공식품>음료>탄산/청량음료>기타탄산음료,커피/음료>탄산/청량음료>기타탄산음료,G마켓,00030002000300030006,100000094200000753300024678
식품>가공식품>음료>주스/과채음료>오렌지/감귤주스,커피/음료>주스/과즙음료>오렌지/감귤주스,G마켓,00030002000300040001,100000094200000563300008248
식품>가공식품>음료>주스/과채음료>포도주스,커피/음료>주스/과즙음료>포도주스,G마켓,00030002000300040003,100000094200000563300024674
식품>가공식품>음료>주스/과채음료>사과주스,커피/음료>주스/과즙음료>사과주스,G마켓,00030002000300040004,100000094200000563300008245
식품>가공식품>음료>주스/과채음료>망고주스,커피/음료>주스/과즙음료>망고주스,G마켓,00030002000300040005,100000094200000563300029202
식품>가공식품>음료>주스/과채음료>자몽주스,커피/음료>주스/과즙음료>자몽주스,G마켓,00030002000300040006,100000094200000563300024676
식품>가공식품>음료>주스/과채음료>매실주스,커피/음료>주스/과즙음료>매실주스,G마켓,00030002000300040007,100000094200000563300021918
식품>가공식품>음료>주스/과채음료>블루베리주스,커피/음료>주스/과즙음료>블루베리주스,G마켓,00030002000300040012,100000094200000563300005675
식품>가공식품>음료>주스/과채음료>알로에주스,커피/음료>주스/과즙음료>알로에주스,G마켓,00030002000300040017,100000094200000563300024675
식품>가공식품>음료>주스/과채음료>토마토주스,커피/음료>주스/과즙음료>토마토주스,G마켓,00030002000300040018,100000094200000563300007009
식품>가공식품>음료>주스/과채음료>야채주스,커피/음료>주스/과즙음료>야채주스,G마켓,00030002000300040019,100000094200000563300005670
식품>가공식품>음료>주스/과채음료>에이드음료,커피/음료>탄산/청량음료>에이드음료,G마켓,00030002000300040021,100000094200000753300029209
식품>가공식품>음료>주스/과채음료>기타과즙음료,커피/음료>주스/과즙음료>기타과즙음료,G마켓,00030002000300040022,100000094200000563300005673
식품>가공식품>음료>주스/과채음료>어린이주스/음료,커피/음료>주스/과즙음료>어린이주스/음료,G마켓,00030002000300040027,100000094200000563300021919
식품>가공식품>음료>기능성음료>이온음료,커피/음료>기능성음료>이온음료,G마켓,00030002000300060001,100000094200001205300013137
식품>가공식품>음료>기능성음료>에너지음료,커피/음료>기능성음료>에너지음료,G마켓,00030002000300060003,100000094200001205300024679
식품>가공식품>음료>기능성음료>자양강장/숙취해소음료,커피/음료>기능성음료>자양강장/숙취해소음료,G마켓,00030002000300060004,100000094200001205300029199
식품>가공식품>음료>기능성음료>비타민음료,커피/음료>기능성음료>비타민음료,G마켓,00030002000300060005,100000094200001205300008263
식품>가공식품>음료>기능성음료>기타기능성음료,커피/음료>기능성음료>기타기능성음료,G마켓,00030002000300060006,100000094200001205300029197
식품>가공식품>음료>기능성음료>인삼/홍삼음료,커피/음료>차음료/전통음료>인삼/홍삼음료,G마켓,00030002000300060007,100000094200002375300008261
식품>가공식품>음료>기능성음료>소화제/정장제,커피/음료>기능성음료>소화제/정장제,G마켓,00030002000300060008,100000094200001205300029198
식품>가공식품>음료>우유/유음료>우유,커피/음료>우유/두유>우유,G마켓,00030002000300070001,100000094200002376300021921
식품>가공식품>음료>우유/유음료>요구르트,커피/음료>우유/두유>요구르트,G마켓,00030002000300070003,100000094200002376300008255
식품>가공식품>음료>우유/유음료>기타유음료,커피/음료>우유/두유>기타유음료,G마켓,00030002000300070005,100000094200002376300029200
식품>가공식품>음료>두유,커피/음료>우유/두유>두유,G마켓,00030002000300080000,100000094200002376300029201
식품>가공식품>음료>커피음료,커피/음료>커피>커피음료,G마켓,00030002000300090000,100000094200000959300029205
식품>가공식품>음료>차음료/전통음료>녹차음료,커피/음료>차음료/전통음료>녹차음료,G마켓,00030002000300100001,100000094200002375300024670
식품>가공식품>음료>차음료/전통음료>보리/옥수수차음료,커피/음료>차음료/전통음료>보리/옥수수차음료,G마켓,00030002000300100003,100000094200002375300010279
식품>가공식품>음료>차음료/전통음료>홍차음료,커피/음료>차음료/전통음료>홍차음료,G마켓,00030002000300100009,100000094200002375300008260
식품>가공식품>음료>차음료/전통음료>헛개음료,커피/음료>차음료/전통음료>헛개차음료,G마켓,00030002000300100010,100000094200002375300024672
식품>가공식품>음료>차음료/전통음료>쌀/곡물음료,커피/음료>차음료/전통음료>쌀/곡물음료,G마켓,00030002000300100011,100000094200002375300024671
식품>가공식품>음료>차음료/전통음료>식혜/수정과,커피/음료>차음료/전통음료>식혜/수정과,G마켓,00030002000300100012,100000094200002375300012401
식품>가공식품>음료>차음료/전통음료>기타차음료/전통음료,커피/음료>차음료/전통음료>기타차음료/전통음료,G마켓,00030002000300100016,100000094200002375300012402
식품>가공식품>커피/차류>커피/코코아>코코아/핫초코,커피/음료>커피>코코아/핫초코,G마켓,00030002000400010001,100000094200000959300029206
식품>가공식품>커피/차류>커피/코코아>커피믹스,커피/음료>커피>커피믹스,G마켓,00030002000400010002,100000094200000959300010290
식품>가공식품>커피/차류>커피/코코아>커피프림,커피/음료>커피>커피프림,G마켓,00030002000400010003,100000094200000959300010293
식품>가공식품>커피/차류>커피/코코아>원두커피,커피/음료>커피>원두커피,G마켓,00030002000400010004,100000094200000959300029203
식품>가공식품>커피/차류>커피/코코아>캡슐커피,커피/음료>커피>캡슐커피,G마켓,00030002000400010005,100000094200000959300029204
식품>가공식품>커피/차류>커피/코코아>티백커피,커피/음료>커피>티백커피,G마켓,00030002000400010006,100000094200000959300029207
식품>가공식품>커피/차류>차류>녹차,커피/음료>차류>녹차,G마켓,00030002000400030001,100000094200000390300003843
식품>가공식품>커피/차류>차류>홍차,커피/음료>차류>홍차,G마켓,00030002000400030002,100000094200000390300011543
식품>가공식품>커피/차류>차류>율무차,커피/음료>차류>율무차,G마켓,00030002000400030003,100000094200000390300008174
식품>가공식품>커피/차류>차류>전통차,커피/음료>차류>전통차,G마켓,00030002000400030006,100000094200000390300029214
식품>가공식품>커피/차류>차류>보리차,커피/음료>차류>보리차,G마켓,00030002000400030009,100000094200000390300021916
식품>가공식품>커피/차류>차류>결명자차,커피/음료>차류>결명자차,G마켓,00030002000400030011,100000094200000390300029210
식품>가공식품>커피/차류>차류>둥굴레차,커피/음료>차류>둥굴레차,G마켓,00030002000400030012,100000094200000390300008140
식품>가공식품>커피/차류>차류>보이차,커피/음료>차류>보이차,G마켓,00030002000400030014,100000094200000390300029213
식품>가공식품>커피/차류>차류>허브차,커피/음료>차류>허브차,G마켓,00030002000400030016,100000094200000390300010282
식품>가공식품>커피/차류>차류>국화차,커피/음료>차류>국화차,G마켓,00030002000400030017,100000094200000390300003676
식품>가공식품>커피/차류>차류>기타차류,커피/음료>차류>기타차류,G마켓,00030002000400030020,100000094200000390300029211
식품>가공식품>커피/차류>차류>유자차,커피/음료>차류>유자차,G마켓,00030002000400030033,100000094200000390300008173
식품>가공식품>커피/차류>차류>마테차,커피/음료>차류>마테차,G마켓,00030002000400030034,100000094200000390300008168
식품>가공식품>커피/차류>차류>루이보스티,커피/음료>차류>루이보스티,G마켓,00030002000400030035,100000094200000390300029212
식품>가공식품>농산가공식품>냉동과일>아이스블루베리,신선식품>냉동/건과일>아이스블루베리,G마켓,00030002000500010001,100000020200002359300028951
식품>가공식품>농산가공식품>냉동과일>아이스홍시,신선식품>냉동/건과일>아이스홍시,G마켓,00030002000500010002,100000020200002359300028952
식품>가공식품>농산가공식품>냉동과일>아이스망고,신선식품>냉동/건과일>아이스망고,G마켓,00030002000500010006,100000020200002359300028950
식품>가공식품>농산가공식품>냉동과일>기타냉동과일,신선식품>냉동/건과일>기타냉동과일,G마켓,00030002000500010011,100000020200002359300028949
식품>가공식품>농산가공식품>건과일>건바나나,신선식품>냉동/건과일>건바나나,G마켓,00030002000500030001,100000020200002359300028948
식품>가공식품>농산가공식품>건과일>건자두,신선식품>냉동/건과일>건자두,G마켓,00030002000500030002,100000020200002359300024537
식품>가공식품>농산가공식품>건과일>건포도/건망고,신선식품>냉동/건과일>건포도/건망고,G마켓,00030002000500030005,100000020200002359300008323
식품>가공식품>농산가공식품>건과일>곶감/반건시,신선식품>냉동/건과일>곶감/반건시,G마켓,00030002000500030006,100000020200002359300007913
식품>가공식품>농산가공식품>건과일>건무화과/편강,신선식품>냉동/건과일>건무화과/편강,G마켓,00030002000500030011,100000020200002359300024540
식품>가공식품>농산가공식품>건과일>기타건과일,신선식품>냉동/건과일>기타건과일,G마켓,00030002000500030015,100000020200002359300024542
식품>가공식품>농산가공식품>건과일>감말랭이,신선식품>냉동/건과일>감말랭이,G마켓,00030002000500030019,100000020200002359300019249
식품>가공식품>농산가공식품>건채소>고구마말랭이,신선식품>냉동/건과일>고구마말랭이,G마켓,00030002000500040001,100000020200002359300025966
식품>가공식품>농산가공식품>건버섯,신선식품>버섯/나물류>건버섯,G마켓,00030002000500050000,100000020200002357300001908
식품>가공식품>농산가공식품>견과류>호두,신선식품>견과류>호두,G마켓,00030002000500060001,100000020200000734300007998
식품>가공식품>농산가공식품>견과류>아몬드,신선식품>견과류>아몬드,G마켓,00030002000500060002,100000020200000734300007989
식품>가공식품>농산가공식품>견과류>땅콩,신선식품>견과류>땅콩,G마켓,00030002000500060003,100000020200000734300007912
식품>가공식품>농산가공식품>견과류>밤,신선식품>견과류>밤,G마켓,00030002000500060004,100000020200000734300007994
식품>가공식품>농산가공식품>견과류>마카다미아/피스타치오,신선식품>견과류>마카다미아/피스타치오,G마켓,00030002000500060006,100000020200000734300018844
식품>가공식품>농산가공식품>견과류>캐슈넛,신선식품>견과류>캐슈넛,G마켓,00030002000500060008,100000020200000734300024546
식품>가공식품>농산가공식품>견과류>은행,신선식품>견과류>은행,G마켓,00030002000500060010,100000020200000734300028954
식품>가공식품>농산가공식품>견과류>잣,신선식품>견과류>잣,G마켓,00030002000500060011,100000020200000734300024545
식품>가공식품>농산가공식품>견과류>호박씨/해바라기씨,신선식품>견과류>호박씨/해바라기씨,G마켓,00030002000500060012,100000020200000734300018845
식품>가공식품>농산가공식품>견과류>혼합견과류,신선식품>견과류>혼합견과류,G마켓,00030002000500060013,100000020200000734300024547
식품>가공식품>농산가공식품>견과류>기타견과류,신선식품>견과류>기타견과류,G마켓,00030002000500060014,100000020200000734300024548
식품>가공식품>축산가공식품>축산가공육>햄/소시지,가공식품>축산가공식품>햄/소시지,G마켓,00030002000600010001,100000036200002371300024639
식품>가공식품>축산가공식품>축산가공육>베이컨,가공식품>축산가공식품>베이컨,G마켓,00030002000600010003,100000036200002371300028720
식품>가공식품>축산가공식품>축산가공육>닭가공식품,가공식품>축산가공식품>닭가공식품,G마켓,00030002000600010004,100000036200002371300028715
식품>가공식품>축산가공식품>축산가공육>오리훈제,가공식품>축산가공식품>오리훈제,G마켓,00030002000600010005,100000036200002371300028725
식품>가공식품>축산가공식품>축산가공육>육포,가공식품>축산가공식품>육포,G마켓,00030002000600010006,100000036200002371300028726
식품>가공식품>축산가공식품>축산가공육>족발,가공식품>축산가공식품>족발,G마켓,00030002000600010008,100000036200002371300028727
식품>가공식품>축산가공식품>축산가공육>너겟/텐더,가공식품>축산가공식품>너겟/텐더,G마켓,00030002000600010009,100000036200002371300028714
식품>가공식품>축산가공식품>축산가공육>기타축산가공육,가공식품>축산가공식품>기타축산가공식품,G마켓,00030002000600010010,100000036200002371300028712
식품>가공식품>축산가공식품>축산가공육>순대,가공식품>축산가공식품>순대,G마켓,00030002000600010013,100000036200002371300028723
식품>가공식품>축산가공식품>축산가공육>돈까스/탕수육,가공식품>축산가공식품>돈까스/탕수육,G마켓,00030002000600010014,100000036200002371300028717
식품>가공식품>축산가공식품>축산가공육>곱창/막창,가공식품>축산가공식품>곱창/막창,G마켓,00030002000600010016,100000036200002371300028710
식품>가공식품>축산가공식품>축산가공육>꼬치류,가공식품>축산가공식품>꼬치류,G마켓,00030002000600010017,100000036200002371300028713
식품>가공식품>축산가공식품>축산가공육>닭고기양념육,가공식품>축산가공식품>닭고기양념육,G마켓,00030002000600010018,100000036200002371300028716
식품>가공식품>축산가공식품>축산가공육>돼지고기양념육,가공식품>축산가공식품>돼지고기양념육,G마켓,00030002000600010019,100000036200002371300028718
식품>가공식품>축산가공식품>축산가공육>삼계탕,가공식품>축산가공식품>삼계탕,G마켓,00030002000600010020,100000036200002371300028721
식품>가공식품>축산가공식품>축산가공육>소고기양념육,가공식품>축산가공식품>소고기양념육,G마켓,00030002000600010021,100000036200002371300028722
식품>가공식품>축산가공식품>축산가공육>오리고기양념육,가공식품>축산가공식품>오리고기양념육,G마켓,00030002000600010022,100000036200002371300028724
식품>가공식품>축산가공식품>축산가공육>폭립,가공식품>축산가공식품>폭립,G마켓,00030002000600010023,100000036200002371300028728
식품>가공식품>축산가공식품>구운계란/훈제란,가공식품>축산가공식품>구운계란/훈제란,G마켓,00030002000600030000,100000036200002371300028711
식품>가공식품>수산가공식품>건해산물>멸치,신선식품>건어물>멸치,G마켓,00030002000700010001,100000020200001691300008043
식품>가공식품>수산가공식품>건해산물>건오징어/건한치,신선식품>건어물>건오징어/건한치,G마켓,00030002000700010002,100000020200001691300028982
식품>가공식품>수산가공식품>건해산물>건새우,신선식품>건어물>건새우,G마켓,00030002000700010004,100000020200001691300018858
식품>가공식품>수산가공식품>건해산물>황태/북어/코다리,신선식품>건어물>황태/북어/코다리,G마켓,00030002000700010005,100000020200001691300008046
식품>가공식품>수산가공식품>건해산물>쥐포/어포,신선식품>건어물>쥐포/어포,G마켓,00030002000700010006,100000020200001691300028985
식품>가공식품>수산가공식품>건해산물>김,신선식품>김/해조류>김,G마켓,00030002000700010008,100000020200000742300008041
식품>가공식품>수산가공식품>건해산물>미역,신선식품>김/해조류>미역,G마켓,00030002000700010009,100000020200000742300028979
식품>가공식품>수산가공식품>건해산물>다시마,신선식품>김/해조류>다시마,G마켓,00030002000700010010,100000020200000742300028977
식품>가공식품>수산가공식품>건해산물>기타건어물,신선식품>건어물>기타건어물,G마켓,00030002000700010017,100000020200001691300025967
식품>가공식품>수산가공식품>건해산물>과메기,신선식품>건어물>과메기,G마켓,00030002000700010021,100000020200001691300028983
식품>가공식품>수산가공식품>건해산물>노가리/먹태,신선식품>건어물>노가리/먹태,G마켓,00030002000700010022,100000020200001691300028984
식품>가공식품>수산가공식품>건해산물>건문어,신선식품>건어물>건문어,G마켓,00030002000700010023,100000020200001691300028981
식품>가공식품>수산가공식품>건해산물>진미채,신선식품>건어물>진미채,G마켓,00030002000700010024,100000020200001691300028986
식품>가공식품>수산가공식품>기타수산가공식품,가공식품>수산가공식품>기타수산가공식품,G마켓,00030002000700030000,100000036200002930300028704
식품>가공식품>조미료>식초,가공식품>조미료/양념>식초,G마켓,00030002000800030000,100000036200001208300012423
식품>가공식품>조미료>소금,가공식품>조미료/양념>소금,G마켓,00030002000800040000,100000036200001208300028731
식품>가공식품>조미료>설탕,가공식품>조미료/양념>설탕,G마켓,00030002000800050000,100000036200001208300028730
식품>가공식품>조미료>물엿/올리고당,가공식품>조미료/양념>물엿/올리고당,G마켓,00030002000800060000,100000036200001208300012416
식품>가공식품>조미료>향신료>고춧가루,가공식품>조미료/양념>고춧가루,G마켓,00030002000800100001,100000036200001208300028729
식품>가공식품>조미료>향신료>참깨/들깨,신선식품>잡곡/혼합곡>참깨/들깨,G마켓,00030002000800100002,100000020200001689300018808
식품>가공식품>조미료>향신료>후추,가공식품>조미료/양념>후추,G마켓,00030002000800100004,100000036200001208300024602
식품>가공식품>조미료>향신료>계피,건강식품>한방재료>계피,G마켓,00030002000800100005,100000068200001200300028796
식품>가공식품>조미료>향신료>겨자/고추냉이,가공식품>조미료/양념>겨자/고추냉이,G마켓,00030002000800100006,100000036200001208300024603
식품>가공식품>조미료>향신료>캡사이신,가공식품>조미료/양념>캡사이신,G마켓,00030002000800100010,100000036200001208300028732
식품>가공식품>조미료>향신료>기타향신료,가공식품>조미료/양념>향신료,G마켓,00030002000800100011,100000036200001208300012417
식품>가공식품>조미료>기타조미료,가공식품>조미료/양념>기타조미료/양념,G마켓,00030002000800110000,100000036200001208300021915
식품>가공식품>소스/드레싱>양념장,가공식품>조미료/양념>양념장,G마켓,00030002000900010000,100000036200001208300012562
식품>가공식품>소스/드레싱>머스터드/겨자소스,가공식품>소스/드레싱>머스터드/겨자소스,G마켓,00030002000900020000,100000036200002366300024610
식품>가공식품>소스/드레싱>케첩/마요네즈,가공식품>소스/드레싱>케첩/마요네즈,G마켓,00030002000900030000,100000036200002366300028703
식품>가공식품>소스/드레싱>파스타소스,가공식품>소스/드레싱>파스타소스,G마켓,00030002000900050000,100000036200002366300024608
식품>가공식품>소스/드레싱>칠리/살사소스,가공식품>소스/드레싱>칠리/살사소스,G마켓,00030002000900060000,100000036200002366300024609
식품>가공식품>소스/드레싱>돈까스/스테이크소스,가공식품>소스/드레싱>돈까스/스테이크소스,G마켓,00030002000900080000,100000036200002366300028701
식품>가공식품>소스/드레싱>굴소스/중화요리소스,가공식품>소스/드레싱>굴소스/중화요리소스,G마켓,00030002000900090000,100000036200002366300024611
식품>가공식품>소스/드레싱>일식/동남아요리소스,가공식품>소스/드레싱>일식/동남아요리소스,G마켓,00030002000900110000,100000036200002366300024612
식품>가공식품>소스/드레싱>기타소스/드레싱,가공식품>소스/드레싱>기타소스/드레싱,G마켓,00030002000900170000,100000036200002366300028700
식품>가공식품>소스/드레싱>샐러드드레싱,가공식품>소스/드레싱>샐러드드레싱,G마켓,00030002000900360000,100000036200002366300028702
식품>가공식품>잼/시럽>과일잼,가공식품>잼/시럽>과일잼,G마켓,00030002001100010000,100000036200002364300024595
식품>가공식품>잼/시럽>기타잼/시럽,가공식품>잼/시럽>기타잼/시럽,G마켓,00030002001100020000,100000036200002364300027773
식품>가공식품>잼/시럽>땅콩/초코잼,가공식품>잼/시럽>땅콩/초코잼,G마켓,00030002001100030000,100000036200002364300012439
식품>가공식품>잼/시럽>초코시럽,가공식품>잼/시럽>초코시럽,G마켓,00030002001100040000,100000036200002364300024598
식품>가공식품>잼/시럽>커피시럽,가공식품>잼/시럽>커피시럽,G마켓,00030002001100050000,100000036200002364300024597
식품>가공식품>잼/시럽>메이플시럽,가공식품>잼/시럽>메이플시럽,G마켓,00030002001100060000,100000036200002364300012422
식품>가공식품>장류>간장,가공식품>장류>간장,G마켓,00030002001200010000,100000036200002368300024618
식품>가공식품>장류>고추장,가공식품>장류>고추장,G마켓,00030002001200020000,100000036200002368300012414
식품>가공식품>장류>된장/쌈장,가공식품>장류>된장/쌈장,G마켓,00030002001200030000,100000036200002368300028676
식품>가공식품>장류>청국장/낫또,가공식품>장류>청국장/낫또,G마켓,00030002001200040000,100000036200002368300024619
식품>가공식품>장류>기타장류,가공식품>장류>기타장류,G마켓,00030002001200080000,100000036200002368300028675
식품>가공식품>유지류>콩기름/대두유,가공식품>식용유/오일>콩기름/대두유,G마켓,00030002001300010000,100000036200001207300012409
식품>가공식품>유지류>올리브유,가공식품>식용유/오일>올리브유,G마켓,00030002001300030000,100000036200001207300004153
식품>가공식품>유지류>포도씨유,가공식품>식용유/오일>포도씨유,G마켓,00030002001300040000,100000036200001207300012411
식품>가공식품>유지류>카놀라유,가공식품>식용유/오일>카놀라유,G마켓,00030002001300050000,100000036200001207300012412
식품>가공식품>유지류>해바라기씨유,가공식품>식용유/오일>해바라기씨유,G마켓,00030002001300060000,100000036200001207300024643
식품>가공식품>유지류>참기름,가공식품>식용유/오일>참기름,G마켓,00030002001300080000,100000036200001207300012408
식품>가공식품>유지류>들기름,가공식품>식용유/오일>들기름,G마켓,00030002001300090000,100000036200001207300024644
식품>가공식품>유지류>기타유지류,가공식품>식용유/오일>기타식용유/오일,G마켓,00030002001300120000,100000036200001207300024646
식품>가공식품>유가공품>생크림/휘핑크림,가공식품>치즈/버터/크림>생크림/휘핑크림,G마켓,00030002001400010000,100000036200001209300021911
식품>가공식품>유가공품>치즈,가공식품>치즈/버터/크림>치즈,G마켓,00030002001400030000,100000036200001209300012424
식품>가공식품>유가공품>버터/마가린,가공식품>치즈/버터/크림>버터/마가린,G마켓,00030002001400040000,100000036200001209300012425
식품>가공식품>어육/연식품>어육제품>어묵/맛살,가공식품>수산가공식품>어묵/맛살,G마켓,00030002001500010001,100000036200002930300028705
식품>가공식품>어육/연식품>어육제품>핫바,가공식품>수산가공식품>핫바,G마켓,00030002001500010003,100000036200002930300028706
식품>가공식품>어육/연식품>연식품>두부/묵,신선식품>반찬>두부/묵,G마켓,00030002001500020001,100000020200001222300020127
식품>가공식품>어육/연식품>연식품>곤약식품,건강식품>다이어트식품>곤약식품,G마켓,00030002001500020005,100000068200001197300012536
식품>가공식품>김치/절임/반찬류>김치>갓김치,신선식품>김치>갓김치,G마켓,00030002001700010001,100000020200000221300024551
식품>가공식품>김치/절임/반찬류>김치>겉절이,신선식품>김치>겉절이,G마켓,00030002001700010002,100000020200000221300018830
식품>가공식품>김치/절임/반찬류>김치>기타김치,신선식품>김치>기타김치,G마켓,00030002001700010003,100000020200000221300024554
식품>가공식품>김치/절임/반찬류>김치>깍두기,신선식품>김치>깍두기,G마켓,00030002001700010004,100000020200000221300024553
식품>가공식품>김치/절임/반찬류>김치>동치미,신선식품>김치>동치미,G마켓,00030002001700010005,100000020200000221300008108
식품>가공식품>김치/절임/반찬류>김치>묵은지,신선식품>김치>묵은지,G마켓,00030002001700010006,100000020200000221300024549
식품>가공식품>김치/절임/반찬류>김치>백김치,신선식품>김치>백김치,G마켓,00030002001700010007,100000020200000221300024550
식품>가공식품>김치/절임/반찬류>김치>열무김치,신선식품>김치>열무김치,G마켓,00030002001700010008,100000020200000221300008082
식품>가공식품>김치/절임/반찬류>김치>오이소박이,신선식품>김치>오이소박이,G마켓,00030002001700010009,100000020200000221300018829
식품>가공식품>김치/절임/반찬류>김치>절임배추,신선식품>김치>절임배추,G마켓,00030002001700010010,100000020200000221300009781
식품>가공식품>김치/절임/반찬류>김치>총각김치,신선식품>김치>총각김치,G마켓,00030002001700010011,100000020200000221300008092
식품>가공식품>김치/절임/반찬류>김치>파김치/부추김치,신선식품>김치>파김치/부추김치,G마켓,00030002001700010012,100000020200000221300024552
식품>가공식품>김치/절임/반찬류>김치>포기김치,신선식품>김치>포기김치,G마켓,00030002001700010013,100000020200000221300001910
식품>가공식품>김치/절임/반찬류>절임식품>게장,신선식품>반찬>게장,G마켓,00030002001700020001,100000020200001222300012600
식품>가공식품>김치/절임/반찬류>절임식품>단무지/무쌈,신선식품>반찬>단무지/무쌈,G마켓,00030002001700020002,100000020200001222300020128
식품>가공식품>김치/절임/반찬류>절임식품>새우장/전복장,신선식품>반찬>새우장/전복장,G마켓,00030002001700020003,100000020200001222300020126
식품>가공식품>김치/절임/반찬류>절임식품>절임반찬류,신선식품>반찬>절임반찬류,G마켓,00030002001700020005,100000020200001222300012602
식품>가공식품>김치/절임/반찬류>반찬류>기타반찬류,신선식품>반찬>기타반찬류,G마켓,00030002001700030001,100000020200001222300027812
식품>가공식품>김치/절임/반찬류>반찬류>조림반찬류,신선식품>반찬>조림반찬류,G마켓,00030002001700030002,100000020200001222300018833
식품>가공식품>김치/절임/반찬류>액젓/젓갈류>기타젓갈류,신선식품>젓갈류/액젓>기타젓갈류,G마켓,00030002001700040001,100000020200001820300020125
식품>가공식품>김치/절임/반찬류>액젓/젓갈류>명란/창난젓,신선식품>젓갈류/액젓>명란/창난젓,G마켓,00030002001700040002,100000020200001820300020121
식품>가공식품>김치/절임/반찬류>액젓/젓갈류>새우/토하젓,신선식품>젓갈류/액젓>새우/토하젓,G마켓,00030002001700040003,100000020200001820300020122
식품>가공식품>김치/절임/반찬류>액젓/젓갈류>액젓,신선식품>젓갈류/액젓>액젓,G마켓,00030002001700040004,100000020200001820300029017
식품>가공식품>김치/절임/반찬류>액젓/젓갈류>오징어/낙지젓,신선식품>젓갈류/액젓>오징어/낙지젓,G마켓,00030002001700040005,100000020200001820300020123
식품>가공식품>김치/절임/반찬류>액젓/젓갈류>조개젓,신선식품>젓갈류/액젓>조개젓,G마켓,00030002001700040006,100000020200001820300024569
식품>가공식품>분말류>밀가루,가공식품>밀가루/믹스류>밀가루,G마켓,00030002001800010000,100000036200002367300024614
식품>가공식품>분말류>튀김/부침가루,가공식품>밀가루/믹스류>튀김/부침가루,G마켓,00030002001800020000,100000036200002367300024615
식품>가공식품>분말류>빵가루,가공식품>밀가루/믹스류>빵가루,G마켓,00030002001800040000,100000036200002367300024616
식품>가공식품>분말류>전분,가공식품>밀가루/믹스류>전분,G마켓,00030002001800050000,100000036200002367300024617
식품>가공식품>분말류>기타분말류,가공식품>밀가루/믹스류>기타밀가루/믹스류,G마켓,00030002001800100000,100000036200002367300028698
식품>가공식품>분말류>베이킹믹스,가공식품>밀가루/믹스류>베이킹믹스,G마켓,00030002001800110000,100000036200002367300009605
식품>가공식품>즉석조리/편의식>즉석밥,가공식품>즉석밥>즉석밥,G마켓,00030002001900010000,100000036200001211300012566
식품>가공식품>즉석조리/편의식>컵밥/덮밥,가공식품>즉석밥>컵밥/덮밥,G마켓,00030002001900030000,100000036200001211300018264
식품>가공식품>즉석조리/편의식>누룽지,가공식품>즉석밥>누룽지,G마켓,00030002001900040000,100000036200001211300028733
식품>가공식품>즉석조리/편의식>죽/스프,가공식품>즉석밥>죽/스프,G마켓,00030002001900050000,100000036200001211300024651
식품>가공식품>즉석조리/편의식>떡볶이,가공식품>냉동/간편조리식품>떡볶이,G마켓,00030002001900080000,100000036200000642300019300
식품>가공식품>즉석조리/편의식>볶음밥,가공식품>즉석밥>볶음밥,G마켓,00030002001900090000,100000036200001211300012431
식품>가공식품>즉석조리/편의식>카레/짜장,가공식품>냉동/간편조리식품>카레/짜장,G마켓,00030002001900100000,100000036200000642300028696
식품>가공식품>즉석조리/편의식>즉석국/탕,가공식품>냉동/간편조리식품>즉석국/탕,G마켓,00030002001900120000,100000036200000642300028692
식품>가공식품>즉석조리/편의식>즉석찌개/찜,가공식품>냉동/간편조리식품>찌개/찜,G마켓,00030002001900130000,100000036200000642300028694
식품>가공식품>즉석조리/편의식>유부초밥/김밥/주먹밥,가공식품>냉동/간편조리식품>유부초밥/김밥/주먹밥,G마켓,00030002001900140000,100000036200000642300028691
식품>가공식품>즉석조리/편의식>샐러드,가공식품>냉동/간편조리식품>샐러드,G마켓,00030002001900170000,100000036200000642300021913
식품>가공식품>즉석조리/편의식>만두,가공식품>냉동/간편조리식품>만두,G마켓,00030002001900190000,100000036200000642300008265
식품>가공식품>즉석조리/편의식>피자,가공식품>냉동/간편조리식품>피자,G마켓,00030002001900200000,100000036200000642300024642
식품>가공식품>즉석조리/편의식>기타튀김,가공식품>냉동/간편조리식품>기타튀김,G마켓,00030002001900210000,100000036200000642300028689
식품>가공식품>즉석조리/편의식>동그랑땡/완자,가공식품>냉동/간편조리식품>동그랑땡/완자,G마켓,00030002001900220000,100000036200000642300028690
식품>가공식품>즉석조리/편의식>떡갈비,가공식품>축산가공식품>떡갈비,G마켓,00030002001900230000,100000036200002371300028719
식품>가공식품>즉석조리/편의식>기타즉석조리/편의식,가공식품>냉동/간편조리식품>기타냉동/간편조리식품,G마켓,00030002001900250000,100000036200000642300028688
식품>가공식품>즉석조리/편의식>핫도그/햄버거,가공식품>냉동/간편조리식품>핫도그/햄버거,G마켓,00030002001900300000,100000036200000642300016926
식품>가공식품>즉석조리/편의식>감자튀김,가공식품>냉동/간편조리식품>감자튀김,G마켓,00030002001900330000,100000036200000642300028687
식품>가공식품>즉석조리/편의식>전투식량,가공식품>즉석밥>전투식량,G마켓,00030002001900340000,100000036200001211300024647
식품>가공식품>즉석조리/편의식>즉석조리/볶음요리,가공식품>냉동/간편조리식품>즉석조리/볶음요리,G마켓,00030002001900350000,100000036200000642300028693
식품>가공식품>즉석조리/편의식>치즈스틱,가공식품>냉동/간편조리식품>치즈스틱,G마켓,00030002001900360000,100000036200000642300028695
식품>가공식품>즉석조리/편의식>밀키트,가공식품>냉동/간편조리식품>밀키트,G마켓,00030002001900370000,100000036200000642300028697
식품>가공식품>즉석조리/편의식>해물볶음,가공식품>수산가공식품>해물볶음,G마켓,00030002001900380000,100000036200002930300028707
식품>가공식품>즉석조리/편의식>해물탕,가공식품>수산가공식품>해물탕,G마켓,00030002001900390000,100000036200002930300028708
식품>가공식품>즉석조리/편의식>해물튀김,가공식품>수산가공식품>해물튀김,G마켓,00030002001900400000,100000036200002930300028709
식품>가공식품>면류>일반국수,가공식품>면류>국수면,G마켓,00030002002000010000,100000036200002370300012430
식품>가공식품>면류>칼국수/수제비,가공식품>면류>칼국수/수제비,G마켓,00030002002000020000,100000036200002370300024628
식품>가공식품>면류>당면,가공식품>면류>당면,G마켓,00030002002000040000,100000036200002370300028686
식품>가공식품>면류>냉면/소바,가공식품>면류>냉면/소바,G마켓,00030002002000050000,100000036200002370300012428
식품>가공식품>면류>우동,가공식품>면류>우동,G마켓,00030002002000060000,100000036200002370300024631
식품>가공식품>면류>짜장면/짬뽕,가공식품>면류>짜장면/짬뽕,G마켓,00030002002000070000,100000036200002370300012426
식품>가공식품>면류>쫄면/비빔국수,가공식품>면류>쫄면/비빔국수,G마켓,00030002002000080000,100000036200002370300024629
식품>가공식품>면류>파스타/스파게티,가공식품>면류>스파게티/파스타,G마켓,00030002002000090000,100000036200002370300012429
식품>가공식품>면류>쌀국수,가공식품>면류>쌀국수,G마켓,00030002002000100000,100000036200002370300012427
식품>가공식품>면류>또띠야/월남쌈,가공식품>냉동/간편조리식품>또띠야/월남쌈,G마켓,00030002002000110000,100000036200000642300024641
식품>가공식품>면류>라면>봉지라면,가공식품>라면>봉지라면,G마켓,00030002002000120001,100000036200001210300012563
식품>가공식품>면류>라면>컵라면,가공식품>라면>컵라면,G마켓,00030002002000120002,100000036200001210300012564
식품>가공식품>면류>기타면류,가공식품>면류>기타면류,G마켓,00030002002000130000,100000036200002370300028685
식품>가공식품>떡류>떡볶이떡/떡국떡,가공식품>떡>떡볶이떡/떡국떡,G마켓,00030002002100010000,100000036200001206300012406
식품>가공식품>떡류>찹쌀/두텁떡,가공식품>떡>찹쌀/두텁떡,G마켓,00030002002100060000,100000036200001206300010300
식품>가공식품>떡류>인절미,가공식품>떡>인절미,G마켓,00030002002100070000,100000036200001206300012405
식품>가공식품>떡류>송편,가공식품>떡>송편,G마켓,00030002002100120000,100000036200001206300024581
식품>가공식품>떡류>떡케이크/답례떡,가공식품>떡>떡케이크/답례떡,G마켓,00030002002100150000,100000036200001206300012407
식품>가공식품>떡류>기타떡류,가공식품>떡>기타떡,G마켓,00030002002100160000,100000036200001206300024580
식품>가공식품>빵/케이크>식빵/베이글,가공식품>빵/케이크>식빵/베이글,G마켓,00030002002200010000,100000036200000960300012351
식품>가공식품>빵/케이크>찐빵/호빵,가공식품>빵/케이크>찐빵/호빵,G마켓,00030002002200020000,100000036200000960300010297
식품>가공식품>빵/케이크>도너츠,가공식품>빵/케이크>도너츠,G마켓,00030002002200070000,100000036200000960300024578
식품>가공식품>빵/케이크>케이크/머핀,가공식품>빵/케이크>케이크/머핀,G마켓,00030002002200080000,100000036200000960300019758
식품>가공식품>빵/케이크>기타빵/케이크,가공식품>빵/케이크>기타빵/케이크,G마켓,00030002002200170000,100000036200000960300010299
식품>가공식품>빵/케이크>제빵/제과재료,가공식품>빵/케이크>제빵/제과재료,G마켓,00030002002200250000,100000036200000960300028699
식품>가공식품>빵/케이크>호두과자,가공식품>빵/케이크>호두과자,G마켓,00030002002200260000,100000036200000960300012352
식품>가공식품>과자/간식>쿠키/비스킷,가공식품>과자/간식>쿠키/비스킷,G마켓,00030002002300010000,100000036200000370300008232
식품>가공식품>과자/간식>스낵,가공식품>과자/간식>스낵,G마켓,00030002002300020000,100000036200000370300003823
식품>가공식품>과자/간식>한과/전통과자>강정/엿,가공식품>한과/전통과자>강정/엿,G마켓,00030002002300030001,100000036200002363300024583
식품>가공식품>과자/간식>한과/전통과자>기타한과/전통과자,가공식품>한과/전통과자>기타한과/전통과자,G마켓,00030002002300030002,100000036200002363300003822
식품>가공식품>과자/간식>한과/전통과자>약과,가공식품>한과/전통과자>약과,G마켓,00030002002300030003,100000036200002363300021907
식품>가공식품>과자/간식>한과/전통과자>유과,가공식품>한과/전통과자>유과,G마켓,00030002002300030004,100000036200002363300008230
식품>가공식품>과자/간식>한과/전통과자>전병,가공식품>한과/전통과자>전병,G마켓,00030002002300030005,100000036200002363300024584
식품>가공식품>과자/간식>한과/전통과자>한과/전통과자세트,가공식품>한과/전통과자>한과/전통과자세트,G마켓,00030002002300030006,100000036200002363300024585
식품>가공식품>과자/간식>파이류간식,가공식품>과자/간식>파이류간식,G마켓,00030002002300040000,100000036200000370300021908
식품>가공식품>과자/간식>원물간식,가공식품>과자/간식>원물간식,G마켓,00030002002300060000,100000036200000370300028681
식품>가공식품>과자/간식>시리얼,가공식품>과자/간식>시리얼,G마켓,00030002002300070000,100000036200000370300008236
식품>가공식품>과자/간식>기타과자/간식,가공식품>과자/간식>기타과자/간식,G마켓,00030002002300080000,100000036200000370300028678
식품>가공식품>과자/간식>뻥튀기/건빵,가공식품>과자/간식>뻥튀기/건빵,G마켓,00030002002300090000,100000036200000370300007886
식품>가공식품>과자/간식>가공안주류,가공식품>과자/간식>가공안주류,G마켓,00030002002300100000,100000036200000370300008235
식품>가공식품>과자/간식>간식용소시지,가공식품>과자/간식>간식용소시지,G마켓,00030002002300110000,100000036200000370300028677
식품>가공식품>초콜릿/캔디/츄잉류>초콜릿,가공식품>과자/간식>초콜릿,G마켓,00030002002400010000,100000036200000370300028683
식품>가공식품>초콜릿/캔디/츄잉류>사탕,가공식품>과자/간식>사탕,G마켓,00030002002400020000,100000036200000370300028680
식품>가공식품>초콜릿/캔디/츄잉류>젤리,가공식품>과자/간식>젤리,G마켓,00030002002400030000,100000036200000370300028682
식품>가공식품>초콜릿/캔디/츄잉류>캐러멜,가공식품>과자/간식>캐러멜,G마켓,00030002002400050000,100000036200000370300028684
식품>가공식품>초콜릿/캔디/츄잉류>껌,가공식품>과자/간식>껌,G마켓,00030002002400060000,100000036200000370300028679
식품>가공식품>아이스크림/빙수>아이스크림,가공식품>빙과류>아이스크림,G마켓,00030002002500010000,100000036200002361300024573
식품>가공식품>아이스크림/빙수>빙수/빙수재료,가공식품>빙과류>빙수/빙수재료,G마켓,00030002002500020000,100000036200002361300004157
식품>가공식품>가공식품세트>유지류세트,가공식품>식용유/오일>식용유선물세트,G마켓,00030002002600050000,100000036200001207300025628
식품>가공식품>가공식품세트>캔선물세트,가공식품>통조림/캔>캔선물세트,G마켓,00030002002600060000,100000036200001212300025627
식품>가공식품>가공식품세트>반찬세트,신선식품>반찬>반찬세트,G마켓,00030002002600070000,100000020200001222300027811
식품>가공식품>가공식품세트>젓갈세트,신선식품>젓갈류/액젓>젓갈세트,G마켓,00030002002600080000,100000020200001820300024570
식품>가공식품>가공식품세트>차선물세트,커피/음료>차류>차선물세트,G마켓,00030002002600170000,100000094200000390300029215
식품>가공식품>주류>전통주>막걸리,커피/음료>전통주>막걸리,G마켓,00030002002800010001,100000094200002907300028338
식품>가공식품>주류>전통주>약주,커피/음료>전통주>약주,G마켓,00030002002800010002,100000094200002907300028339
식품>가공식품>주류>전통주>과실주,커피/음료>전통주>과실주,G마켓,00030002002800010003,100000094200002907300028340
식품>가공식품>주류>전통주>일반증류주,커피/음료>전통주>일반증류주,G마켓,00030002002800010004,100000094200002907300028341
식품>가공식품>주류>전통주>리큐르,커피/음료>전통주>리큐르,G마켓,00030002002800010005,100000094200002907300028342
식품>가공식품>주류>전통주>소주,커피/음료>전통주>소주,G마켓,00030002002800010006,100000094200002907300028343
식품>가공식품>주류>전통주>기타주류,커피/음료>전통주>기타주류,G마켓,00030002002800010007,100000094200002907300028344
식품>가공식품>통조림>고등어/꽁치캔,가공식품>통조림/캔>고등어/꽁치캔,G마켓,00030002002900010000,100000036200001212300024592
식품>가공식품>통조림>골뱅이/번데기캔,가공식품>통조림/캔>골뱅이/번데기캔,G마켓,00030002002900020000,100000036200001212300012568
식품>가공식품>통조림>과일통조림,가공식품>통조림/캔>과일통조림,G마켓,00030002002900030000,100000036200001212300012440
식품>가공식품>통조림>기타통조림/캔,가공식품>통조림/캔>기타통조림/캔,G마켓,00030002002900040000,100000036200001212300028734
식품>가공식품>통조림>닭가슴살캔,가공식품>통조림/캔>닭가슴살캔,G마켓,00030002002900050000,100000036200001212300024594
식품>가공식품>통조림>반찬통조림,가공식품>통조림/캔>반찬통조림,G마켓,00030002002900060000,100000036200001212300024593
식품>가공식품>통조림>야채통조림,가공식품>통조림/캔>야채통조림,G마켓,00030002002900070000,100000036200001212300012435
식품>가공식품>통조림>참치캔,가공식품>통조림/캔>참치캔,G마켓,00030002002900080000,100000036200001212300012436
식품>가공식품>통조림>햄통조림,가공식품>통조림/캔>햄통조림,G마켓,00030002002900090000,100000036200001212300012437
