상품코드,상품명
01416,[68-04]
01406,[28-52-01]
01404,[31-03-09]
01400,[23-35]
01399,[38-09-03]
01395,[11-05]
01393,[11-24]
01386,[27-21-01]
01385,[35-18-01]
01382,[32-72]
01380,[11-73]
01374,[25-50-04]
01373,[24-65]
01372,[24-64]
01371,[24-63]
01370,[24-62]
01369,[24-61]
01360,[27-37-02]
01357,[81-29]
01356,[11-05-02]
01355,[81-29]
01354,[81-27]
01353,[81-30]
01352,[81-57]
01351,[23-27]
01350,[81-28]
01348,[23-333]
01347,[20-10]
01346,[27-17-07]
01340,[14-52-04]
01338,[68-03]
01336,[22-18-01]
01335,[32-72]
01334,[32-71]
01331,[22-11-01]
01315,[27-17-04]
01314,[27-17-05]
01313,[01-18-04]
01312,[15-13-01]
01309,[67-01-02]
01304,[67-04]
01302,[21-24]
01301,[67-03]
01295,[34-01-02]
01286,[82-05]
01284,[27-37]
01276,[11-38]
01274,[50-00]
01273,[28-24-06]
01272,[28-24-05]
01269,[88-05]
01253,[67-02]
01230,[24-06-08]
01229,[24-074]
01228,[24-06-07]
01227,[24-06-07]
01226,[24-075]
01206,[22-10]
01184,[55-09-03]
S01185,[55-09-03]
01158,[22-37.]
S01159,[22-37.]
01154,[32-11]
S01155,[32-11]
00988,[27-17-01]
S00989,[27-17-01]
00876,[24-49-01]
S00877,[24-49-01]
00874,[24-49]
S00875,[24-49]
00870,[24-49-02]
S00871,[24-49-02]
00868,[24-49-04]
S00869,[24-49-04]
00872,[24-49-05]
S00873,[24-49-05]
00781,[10-10]
00767,[20-00]
S00768,[20-00]
00559,[15-03-03]
S00560,[15-03-03]
00505,[22-11]
S00506,[22-11]
00507,[22-12]
S00508,[22-12]
00503,[22-13-01]
S00504,[22-13-01]
00509,[22-13]
S00510,[22-13]
00472,[77-01]
00384,[24-28-02]
S00385,[24-28-02]
00382,[24-28-01]
S00383,[24-28-01]
00380,[24-28-03]
S00381,[24-28-03]
00360,[25-01-01]
S00361,[25-01-01]
00368,[25-01]
S00369,[25-01]
00362,[25-02]
S00363,[25-02]
00351,[0]
00354,[25-08-02]
S00355,[25-08-02]
00343,[21-108-01]
S00344,[21-108-01]
00345,[21-108-02]
S00346,[21-108-02]
00341,[21-108-05]
S00342,[21-108-05]
00319,[200-05-03]
S00320,[200-05-03]
00297,[11-40-08]
S00298,[11-40-08]
00043,[00-13]
00003,[45-18-01]
S00004,[45-18-01]
00005,[55-07-01]
S00006,[55-07-01]
