관리코드,상품명
35-18-11,참맑은 비스 더블랙 175ml 30개
35-18,참맑은 톡톡 오렌지 185ml 30개
35-18-02,참맑은 톡톡 파인애플 185ml 30개
100-99,씨그램 190ml 캔 30개
81-12-02,웅진 자연은 샤인머스켓 캔 180ml 30개
23-48.,웅진 자연은 망고 캔 180ml 30개
35-18-10,참맑은 비스카페라떼 175ml 30개
35-18-07,참맑은 사과 175ml 30개
35-18-08,참맑은 배 175ml 30개
35-18-09,참맑은 머스캣 175ml 30개
31-01-011,"코카콜라 제로 (업소용) 오리지널, 190ml, 30개"
35-18-06,참맑은 유자 175ml 30개
52-55.,참맑은 알로에 175ml 30개
35-18-05,참맑은 토마토 175ml 30개 (캔)
23-18-01,웅진 하늘보리180ml 30개
35-16,참맑은 참대추 175ml 30개
23-36,웅진 자연은 알로에 캔 180ml 30개
22-03,산타페 오지지날 캔 175ml 30개
27-39-01,델몬트 망고 캔 음료수 180ml 30개
35-01,참맑은 옥수수수염차175ml 30개
35-07,참맑은 식혜 175ml 30개
21-17-03,트레비 190ml 캔 30개
35-41,참맑은 베아르시 카푸치노 175ml 30캔
35-18-03,참맑은 cool사이다 175ml 30개
35-18-01,참맑은 톡톡 포도 175ml 30개
12-10,동원 알로에캔 175ml 30개
35-16-02,참맑은 파인애플 캔 175ml 30개
35-16-01,참맑은 제주감귤 캔 175ml 30개
12-16,동원 밥알없는식혜 캔 175ml 30개
35-10,참맑은 망고 캔 175ml 30개
27-07-02,레쓰비 업소용 캔커피 175ml 30개
35-27-01,참맑은 매실 캔 175ml 30개
35-08,참맑은 벌꿀 캔175ml 30개
35-27,참맑은 복숭아 캔 175ml 30개
35-27-02,참맑은 비타엔 [구 피로엔] 캔 175ml 30개
35-02,참맑은 녹차 캔 175ml 30개
24-08-02,티오피 더 블랙 200ml 30개
31-42,"환타 오렌지, 190ml, 30개"
29-19,일화 맥콜 (업소용) 캔 190ml 30개
31-17-02,스프라이트 190ml 30개
31-01-01,코카콜라 190ml 30개
27-03-01,롯데칠성 실론티175ml(업소용) 30개
27-44,롯데 칸타타 프리미엄라떼 175ml 30개
12-13,동원 꿀물캔 175ml 30개
24-02,동서 제티초코 175ml 30개
20-18,"광동 옥수수수염차 180ml, 30개"
20-15,광동 헛개차 (업소용) 캔 175ml 30개
27-44-01,칸타타 스위트아메리카노 175ml 30개
27-07,롯데칠성 레쓰비 175ml 30개
35-06,참맑은 헛개차 캔 175ml 30개 숙취음료 헛개수 헛개나무차
35-05,참맑은 홍차 175ml 30개
35-01,참맑은 옥수수수염차 캔 175ml 30개
21-114,남양 초코에몽 175ml 30개
12-12,동원 옥수수수염차 캔 175ml 30개
12-14,동원 보성녹차 175ml 30개
22-08,팔도 비락밥알없는식혜 175ml 30개
29-10-01,일화 천연사이다 190ml 30개
23-19,웅진 초록매실180ml 30개
27-64,"조지아 오리지널, 175ml, 30개"
22-07,산타페 헤이즐넛 캔커피 175ml 30개
