상품번호,합포량,채널
2277016803,4,esm
2022215410,4,esm
2277025841,4,esm
2277034384,4,esm
2221728014,4,esm
2022218323,4,esm
2028164139,3,esm
2206894498,2,esm
2235189410,0.2,esm
2035514823,3,esm
2022267419,3,esm
2026708900,2,esm
2026697900,2,esm
2029360301,3,esm
2022216744,4,esm
2022276562,3,esm
466348,0.166666,식봄
5775109056,0.2,11번가
5775109055,0.2,11번가
5775109054,0.2,11번가
5775154502,0.166666,11번가
5775109057,0.2,11번가
5833679116,4,11번가
5833679076,4,11번가
5833679065,4,11번가
5833679054,4,11번가
2277039961,4,esm
2235197135,0.2,esm
2235194019,0.2,esm
2235186522,0.2,esm
2204688644,0.25,esm
2418381226,0.25,esm
2418380934,0.2,esm
2418380803,0.2,esm
2418380086,0.2,esm
2418379967,0.2,esm
2418381017,4,esm
2418380542,4,esm
2418380183,4,esm
2418379858,4,esm
2418379770,4,esm
2421673476,2,esm
2429850684,2,esm
2429850685,2,esm
2429850686,2,esm
2429850683,2,esm
2429850958,2,esm
2429893204,2,esm
2429851077,2,esm
2429893229,3,esm
2429850866,2,esm
2429850690,2,esm
2429850689,2,esm
2429850884,4,esm
2429851776,2,esm
2429850937,2,esm
2429855199,2,esm
2429850890,2,esm
2429854282,2,esm
2429851621,3,esm
2429850692,2,esm
2429850863,2,esm
2429850748,4,esm
2429851151,2,esm
2429851007,2,esm
2429850880,2,esm
2429855419,2,esm
2429854802,2,esm
2429851589,2,esm
2429850965,4,esm
2429850878,2,esm
2429851846,2,esm
2429854290,2,esm
2429851058,4,esm
2429850942,2,esm
2429893217,2,esm
2429854544,2,esm
2429851786,2,esm
2429851337,2,esm
2429851371,2,esm
2429851321,2,esm
2429851647,2,esm
2429850763,2,esm
2429851175,2,esm
2429850868,2,esm
2429851598,2,esm
2429850956,2,esm
2429893297,2,esm
2429893293,2,esm
2429851057,2,esm
2429855996,2,esm
2429851670,2,esm
2429851869,2,esm
2429851697,2,esm
2429855330,2,esm
2429850973,2,esm
2429850914,2,esm
2429851263,2,esm
2429893212,2,esm
2429851369,2,esm
2429854182,2,esm
2429851187,2,esm
2429854916,2,esm
2429851679,3,esm
2429850758,4,esm
2429893290,2,esm
2429854276,2,esm
2429893216,2,esm
2429854854,2,esm
2429851434,2,esm
2429854452,2,esm
2429893306,3,esm
2429851236,2,esm
2429855685,2,esm
2429855238,2,esm
2429893208,2,esm
2429893313,2,esm
2429893301,2,esm
2429851595,2,esm
2429851143,2,esm
2429851417,2,esm
2429893372,2,esm
2429851235,2,esm
2429893287,2,esm
2429854389,2,esm
2429893376,3,esm
2429851060,2,esm
2429851472,2,esm
2429893391,2,esm
2429893361,2,esm
2429893389,2,esm
2429894688,3,esm
2429851363,2,esm
2429893292,2,esm
2429893578,2,esm
2429893491,2,esm
2429893492,3,esm
2429893493,2,esm
2429893553,3,esm
2429893377,2,esm
2429894535,3,esm
2429893461,3,esm
2429854612,2,esm
2429894620,3,esm
2429851864,2,esm
2429893618,3,esm
2429893215,2,esm
2429893218,2,esm
2429851264,2,esm
2429893487,2,esm
2429893655,3,esm
2429893641,3,esm
2429893974,3,esm
2429893539,3,esm
2429894186,3,esm
2429894295,2,esm
2429893891,3,esm
2429893666,2,esm
2429894003,3,esm
2429893569,3,esm
2429894048,3,esm
2429893744,3,esm
2429893465,3,esm
2429893667,3,esm
2429893911,2,esm
2429893651,3,esm
2429893756,2,esm
2429894137,3,esm
2429893825,2,esm
2429893581,2,esm
2429893592,2,esm
2429893711,3,esm
2429893787,3,esm
2429893947,3,esm
2429894274,3,esm
2429893706,3,esm
2429893677,2,esm
2429893394,2,esm
2429893765,3,esm
2429893547,3,esm
2429893401,3,esm
2429893623,2,esm
2429894075,3,esm
2429894359,2,esm
2429893715,2,esm
2429893791,3,esm
2429893490,3,esm
2429893458,2,esm
2429893786,3,esm
2429894452,3,esm
2429894100,3,esm
2429893568,3,esm
2429893853,3,esm
2190315325,1,esm
2432745885,3,esm
2432695088,2,esm
2432695465,2,esm
2432746083,2,esm
2432694215,4,esm
2432694197,2,esm
2432694205,2,esm
2432694200,2,esm
2432745769,2,esm
2432695247,2,esm
2432699349,2,esm
2432695455,2,esm
2432694971,2,esm
2432694974,2,esm
2432694955,2,esm
2432694932,2,esm
2432694899,2,esm
2432694893,2,esm
2432694884,2,esm
2432694881,2,esm
2432694886,2,esm
2432694870,2,esm
2432694824,2,esm
2432694783,2,esm
2432694772,2,esm
2432694780,2,esm
2432694765,2,esm
2432694770,2,esm
2432694714,2,esm
2432694685,2,esm
2432694672,2,esm
2432694659,2,esm
2432694654,2,esm
2432694644,2,esm
2432694633,2,esm
2432694576,2,esm
2432694544,2,esm
2432694542,2,esm
2432694526,4,esm
2432745763,2,esm
2432694513,2,esm
2432694504,2,esm
2432694507,2,esm
2432694469,2,esm
2432694450,4,esm
2432694434,2,esm
2432694430,4,esm
2432695785,2,esm
2432694409,2,esm
2432694339,2,esm
2432695312,2,esm
2432694340,1,esm
2432694314,2,esm
2432694310,2,esm
2432694304,2,esm
2432694301,2,esm
2432745772,2,esm
2432695563,3,esm
2432695227,2,esm
2432695152,2,esm
2432695003,2,esm
2432746041,2,esm
2432745887,2,esm
2432745761,2,esm
2432695091,2,esm
2432695296,2,esm
2432695189,2,esm
2432699564,2,esm
2432745879,2,esm
2432695387,2,esm
2432699255,2,esm
2432695178,2,esm
2432745890,2,esm
2432695402,3,esm
2432745783,2,esm
2432695934,2,esm
2432695557,4,esm
2432746044,2,esm
2432745765,2,esm
2432699472,2,esm
2432745767,2,esm
2432746048,2,esm
2432745961,2,esm
2432695017,2,esm
2432746070,2,esm
2432745889,2,esm
2432695491,2,esm
2432694999,2,esm
2432746134,3,esm
2432746059,2,esm
2432746072,2,esm
2433423928,2,esm
2432745886,3,esm
2432746322,3,esm
2432746219,2,esm
2432746228,3,esm
2432746231,3,esm
2432746132,2,esm
2432747034,3,esm
2432746185,3,esm
2432695679,2,esm
2432747119,3,esm
2432695365,2,esm
2432746375,3,esm
2432745871,2,esm
2432745787,2,esm
2432746225,3,esm
2432746433,3,esm
2432746389,2,esm
2432746706,3,esm
2432746257,3,esm
2432746805,3,esm
2432746840,3,esm
2432746660,3,esm
2432746451,3,esm
2432746729,2,esm
2432746319,3,esm
2432746747,3,esm
2432746514,3,esm
2432746210,2,esm
2432746424,3,esm
2432746666,2,esm
2432746408,3,esm
2432746523,3,esm
2432746800,3,esm
2432746619,2,esm
2432746339,3,esm
2432746293,3,esm
2432746471,3,esm
2432746554,3,esm
2432746678,3,esm
2432746824,3,esm
2432746406,3,esm
2432746479,3,esm
2432746135,2,esm
2432746530,3,esm
2432746291,3,esm
2432746144,2,esm
2432746306,3,esm
2432746743,3,esm
2432746940,3,esm
2432746486,2,esm
2432746239,3,esm
2432746166,2,esm
2432746982,3,esm
2432746763,2,esm
2432746304,3,esm
2432694194,2,esm
2432694196,2,esm
2432694190,2,esm
2432746578,2,esm
2432746647,2,esm
2432746553,3,esm
2432746303,2,esm
2432695073,2,esm
293717,0.6666666666666666,배민
293718,0.5,배민
293708,0.5,배민
251196,0.8333333333333334,배민
293721,0.8333333333333334,배민
293716,0.8333333333333334,배민
293701,0.8333333333333334,배민
293714,0.3333333333333333,배민
293712,0.6666666666666666,배민
293713,0.5,배민
293727,0.6666666666666666,배민
293726,0.8333333333333334,배민
293711,0.8333333333333334,배민
293702,0.6666666666666666,배민
293715,0.16666666666666666,배민
293704,0.3333333333333333,배민
293703,0.5,배민
293719,0.3333333333333333,
293724,0.3333333333333333,
293723,0.5,
293728,0.5,
293725,0.16666666666666666,
293722,0.6666666666666666,
293730,0.16666666666666666,
293729,0.3333333333333333,
293720,0.16666666666666666,
293710,0.16666666666666666,
293705,0.16666666666666666,
293707,0.6666666666666666,
293709,0.3333333333333333,
2521189846,0.8333333333333334,esm
2521359412,2,esm
2521091926,0.833,esm
2521304614,3,esm
2521359729,2,esm
2521091835,0.833,esm
2521190163,0.833,esm
2521190380,0.833,esm
2521190342,0.833,esm
2521190259,0.833,esm
2521304619,2,esm
2521359574,2,esm
2521189851,0.833,esm
2521359717,2,esm
2521304724,2,esm
2521304756,2,esm
2521304723,2,esm
2521359309,2,esm
2521359552,2,esm
2521359315,2,esm
2521304767,2,esm
2521359446,2,esm
2521304890,2,esm
2521304751,2,esm
2521359318,2,esm
2521304616,2,esm
2521304738,2,esm
2521304899,2,esm
2521359454,3,esm
2521359319,3,esm
2521304607,2,esm
2521304615,3,esm
2521304860,2,esm
2521359302,3,esm
2521359303,2,esm
2521359520,2,esm
2521304842,3,esm
2521304782,2,esm
2521304944,3,esm
2521304604,2,esm
2521359457,2,esm
2521359556,2,esm
2521304879,2,esm
2521359563,2,esm
2521359452,2,esm
2520957050,0.833,esm
2521359306,3,esm
2521359321,2,esm
2521305036,2,esm
2521304618,3,esm
2521091934,0.833,esm
2520956780,0.833,esm
2521092000,0.833,esm
2521359461,3,esm
2521304612,3,esm
6168967078,0.833,11번가
6168966991,0.833,11번가
6168967025,0.833,11번가
6168966993,0.833,11번가
6168966673,0.833,11번가
6168966745,0.833,11번가
293706,0.833,배민
64cb346bc0f3a909d13acec3,2,
64cb342c30d4e29a7df102be,3,
64cb342b6f44275e109270ae,3,
64cb3428ef97b19f68f23796,2,
64cb34219026f8f07b8b16d5,3,
64cb3405caf83637909d5a8b,3,
64cb33ca6f44275e10926c42,2,
64cb33bdc0914e9b07ce40e6,2,
64cb33b93b5274f47f69a2cc,2,
64d30827ef25dddd7a000d23,2,
64d3388386cac5d1acb14efd,4,
64d330cc430ea18c8ad30699,3,
64d30231ff814d36d8f246c7,2,
64d339d700503e96e6b3897e,4,
64d3185825609c8d3d4a2848,2,
64d3092ce052cefcc8450db4,2,
64d307b7e6a06c03a64dffd2,2,
64d3324dc7da5aa504f8cece,3,
64cb35c0265e9847f8b9b8b0,4,
64d1e55f704f40ad3d49ac98,2,
64d1dd9eba16bbed1b5e153f,2,
64d2eb6c689421455f524c9e,2,
64d2f088d58c946a9adf7aa4,2,
64cb3534e57657122088a7d0,3,
64cb35364ccf7fca319675ff,3,
64cb35c3d4693e1a5ceb3879,4,
64cb35c249300bea8fb66287,4,
64cb35331216b939f7ffffd3,3,
64d1efa76892397c2efd8e6f,2,
64cb35453b2f7c518768bcdb,2,
64d1d7ac9591f9c197fe9851,2,
64d1d1150c0a89b7d5b5c707,2,
64d1e120dc0d937bde5dbbb9,2,
64d1e0c746a47a3efde0d036,2,
64d33120c449f1c31510463b,3,
64d3300304c63f23a82e1f37,3,
64d3377b8f8acb898538fd8f,3,
64d2ec86d58c946a9adf3e69,2,
64d33a2a7f28ecef621f8784,10,
64d31c90f9c3d2abcde71631,2,
64cb3541edd9edcecce01df6,2,
64d32a29e9bc8b4ff33a4d7e,3,
64d3343958a6bc1a2d163146,3,
64d2ee676cebcbc109cf7701,2,
64cb3543e6af34d9914c300d,2,
64cb35401c234b7a1b1e42c9,2,
64d3274f20f20d8e60caef15,3,
64cb35a0ae6ffcd5181f73d9,4,
64d32b8539ef6374627fe445,3,
64d1e04c3f18f0b35a63fd3e,2,
64d33904aaf74fb15378d5ea,4,
64d1e519f31169a7c93aec39,2,
64d333102e16468ffe9f5d1d,3,
64d1d9b7adc13f25f2c1444f,2,
64d1dcac704f40ad3d492be5,2,
64d31c44d9d2e688e379b735,2,
64d3393cc90a99b3fc1572ea,4,
64d2ef6e35f8722642e43b07,2,
64cb352b6c15284c1c0b520b,2,
64d31482679a7ba6974009bc,2,
64d3171c93c3d166fcec128b,2,
64d1e4ce59b060216acbeffa,2,
64d317cbaa16bdfe1680a26b,2,
64d3007e4ca5e97e857d9d35,2,
64d3208a15e27a00da727aab,2,
64d2ffe0cba59c106f5c1be5,2,
64d30881f8bceb7f0c41629e,2,
64d1e002bb0a010781915a34,2,
64d1dfbaa9122faa1d7cbc22,2,
64d3196da2cf3612e4c3cd68,2,
64d3299f228f11008352c990,3,
64d31d4fdc67e4f3d3623fb0,2,
64d306ce2f6485fa61105bec,2,
64d32494593632a3d5af5dec,3,
64d31d92438c7bb9f3dda015,2,
64d338c9ac06a2c6259db225,4,
64d1df1e02bbb409b815db1e,2,
64d1df6b8365ea94c044cfc0,2,
64d31ced29f703b5efc5c257,2,
64d314250775bc4655d95968,2,
64d2f19d926103d3efa6f946,2,
64d300280c29507969cb7c37,2,
64d32ab64f45dd86da4ef9d7,3,
64d307515da74a6812da5460,2,
64d301e5317b7edf6ff6eaa8,2,
64cb3548f4ae98944639f190,3,
64d1d975619608823c388845,2,
64d1d93b59b060216acb43f9,2,
64d1ef33599cb6da88d1e9ad,2,
64d1eed9600eeb5e67b47212,2,
64cb35229b2d4a95557fafcd,4,
64cb3528c9e276418d4b5304,4,
64cb3525877cb699ec520a96,2,
64d1dd10fbf7ba662beb0c6d,2,
64d1d672da696d0f22ee5bb0,2,
64d1d174da696d0f22ee0e16,2,
64d1ddee95d52bab33f709e7,2,
64d1de9ef73a83ff216bada4,2,
64d1d56ddbf67e09556e4096,2,
64d1d4b9f22889757ac4a593,2,
64d1e44b3e8c477dc1194a88,2,
64d1d209b53bc42a8cd91bdd,2,
64d1e1aa7c6944f94d99b13d,2,
64d1e23c4b212a838774f5ea,2,
64cb352ec9e433bf622c650c,3,
64d33401a9132b125dccc8f3,3,
64d321318bbf5681beff01ef,2,
64d302f0b19b0f378bbccccb,2,
64d2f1349ed64b7ffa724882,2,
64d1e5b913fa3bdaf0566374,2,
64d317858e7e654cc6d0557c,2,
64d1dee1454a050851cba6a9,2,
64d3204ff8bceb7f0c42bf43,2,
64d33397db421d67e8aa1890,3,
64d3320239ef6374628044c3,3,
64cb35abf099112a2ed32b55,4,
64d321d95b59d9c77fe62b7d,2,
64d318a12313448d23a779d8,2,
64cb352f4f211cfa8e49d884,3,
64cb35967d3d2991d3d11d92,4,
64cb3597bfcf7cfdabf28b03,4,
64cb359b71d9f152be6ff71f,4,
64d3384877d0b450a5a2979e,4,
64d33806bc957fa0926101eb,4,
64d302911408bed69f669f21,2,
64d3328867336dab673f07fb,3,
64d2e8410434fbe420fc1917,2,
64d32bc743c94b38d751a9f7,3,
64d32a6bbc9cbe89c1d15d1c,3,
64d32c4332be2adad440ceec,3,
64d32afa075cdb0139cec0d0,3,
64d324577dc7b595e8a36de8,3,
64d328a420ab0a562326b462,3,
64cb35aee01bceb939b874b5,4,
64cb35b21a75e634d8fae66f,4,
64cb35b3b96e45f13ae67ad3,4,
64d2e7aea19ad14a7503b0bd,2,
64cb352cf51bfe9889c2a137,4,
64d321862a9f9f721e4f192c,2,
64d2e75ed74556fdcf7d4037,2,
64cb353dd3227715ff6ea573,2,
64d1f3d3da696d0f22f00d5b,2,
64cb353292fdbe025265fb07,3,
64d3335afae7bee844bd8f1f,3,
64d2ef23fec872ae6c9c414a,2,
64d2f03915a3794078d54dd0,2,
64d337bef6a6c70e10efddfe,4,
64d32913911de37a5fd9848e,3,
64d2efdb4c1c702d4eab207f,2,
64d3240d7941d740acd61739,3,
64d303ff14d0b661d75d6d9d,2,
64d3222e0d022331eec4fd99,3,
64d323ccab55c57e572c22b6,3,
64cb351e12091e97c2fce1ff,3,
64cb3521e7312df9c868e253,4,
64d1d61002bbb409b815589f,2,
64cb353e2d73c62e6cdbe81d,2,
64d329ea083c1174d222a2cf,2,
64d1d4840c0a89b7d5b5fcdd,2,
64d1cf465f0c6c9a739d4d3d,2,
64d332d30dcfe66f7fe6be31,3,
64d327073477a86b97e1d4d6,3,
64d3295c2d61118d2c4352c7,3,
64d1cf9d0fd3f3cfca09d4a7,2,
64cb353756ed7998bdc47512,3,
64d1d28c363199614ac56039,2,
64d1d731b53bc42a8cd965ef,2,
64cb353beb16b623d65f9db5,2,
64cb353a98640d7bd4b62499,2,
64d320d89ed64b7ffa75092a,2,
64d1ce5887ce67c6d97abfc9,2,
64d1cedc3afebafeb3e328b5,2,
64cb3520ad973e39ff22d6bc,3,
64d31e8bca37010a42457b04,2,
64d31f0dd24eb3b5eddfe166,2,
64d31ff90b6f7f38a81c0afe,2,
64cb353847a1d09bc459ec9d,2,
64d31fad35d921a5384dddc3,2,
64d33188e2384342e08dca02,3,
64d2ff7b8e062f4d58ba39e2,2,
64d2eb0fdacf8740338fbfb8,2,
64d1f079852777843cd8b735,2,
64d1f02337e819e5ea34d095,2,
64d308c2ba7ac2539084ad95,2,
64d31dda92d2c34bb4984409,2,
64d32d6104c63f23a82df8b7,3,
64d32ea839ef63746280113f,3,
64d32cd5ae244490b458dac2,3,
64cb34250060da0127916264,0.25,
64cb33f2c9e433bf622c4f18,0.1666,
64cb33b773428b7e044f8503,0.25,
64cb33ac2a3ffc74a327f40a,0.2,
64cb33aabbd370db9742c7f8,0.2,
64cb33a8e37073f21b14260e,0.2,
64cb33a7c9e276418d4b3a08,0.2,
64cb33a650ad9c6cb54258b2,0.2,
64cb338dba5face4dae043a8,0.25,
64cb34badc8fd7dccddc22f6,0.5,
64d3398afd81f1662248481f,4,
64cb359d147d3093e387af98,4,
64e30822bfc34b5ea707956e,2,
64e30720c8f68c1d5d9a2c9e,2,
64e30861d3d71e2f8a2bacb8,2,
64e303d01d3d8e5790deb21f,3,
64e308a60d2dd2624dc6641b,2,
64e3038ccc13e183980aa72a,3,
64e307a147a0c142351e044c,2,
64e307e39b7dd7e8cfaa71cd,2,
64e3075eda0efd2c6f1d7143,2,
64e30329cff6794f8b1140cf,3,
64e302de64734a2ecb5a5502,3,
64e306e4e42ce4c606f08e9a,2,
64e306ac6232dac104a11638,2,
64e302789b7dd7e8cfaa205d,4,
64e3066eaa7ce059891df61d,2,
2549280999,0.2,
2549579086,0.25,
2549281002,0.25,
2549525200,0.375,
2549306702,0.25,
2549525195,0.75,
2549280998,0.25,
2549525066,0.5,
2549525153,0.875,
2549525183,0.5,
2549525181,0.25,
2549525372,0.75,
2549525375,0.75,
2549579729,0.375,
2549281146,0.25,
2549281124,0.25,
2549525059,0.5,
2549281003,0.3333333333333333,
2549525074,0.5,
2549281007,0.25,
2549525064,0.4,
2549525166,0.75,
2549525063,0.6666666666666666,
2549525060,0.5,
2549525373,0.6,
2549525465,0.5,
2549579082,0.25,
2549281006,0.125,
2549525376,0.5,
2549579090,0.25,
2549579089,0.5,
2549579327,0.5,
2549579589,0.75,
2549579278,0.5,
2549579358,0.875,
2549579196,0.25,
2549579081,0.25,
2549579198,0.75,
2549579441,0.75,
2549579265,0.4,
2549579084,0.2,
2549579085,0.5,
2549579180,0.5,
2549579261,0.5,
2549579318,0.5,
2549579431,0.6,
2549579178,0.6666666666666666,
2549579167,0.25,
2549579228,0.75,
2549525580,0.75,
2549525370,0.625,
2549579365,0.75,
2549579596,0.625,
2549579194,0.25,
2549579262,0.75,
2549579282,0.125,
2549579237,0.3333333333333333,
2549525620,0.75,
2521359440,3,
2520957066,0.833,
6193570270,0.25,
6193638601,0.125,
6193630216,0.25,
6193611643,0.25,
6193601599,0.25,
6193657375,0.25,
6193644316,0.25,
6193593440,0.25,
6193619082,0.333,
64e2e828cc13e18398091377,0.833,
64e2eaf942783a3fc8f52ebd,0.833,
64e2e7268767af94e84e6930,0.833,
64e2f4e70a7276857ebdf2ea,0.833,
64e2eecb6232dac1049fa92c,0.833,
486839,0.833,
486840,0.833,
486841,0.166,
2566053163,0.5,
2566053293,0.8333333333333333,
2566053213,0.4,
2566055059,0.8,
2566053218,0.75,
2566052992,0.25,
2566053342,0.25,
2566053164,0.16666666666666666,
2566053402,0.6000000000000001,
2566053273,0.6000000000000001,
2566053154,0.8,
2566053001,0.6666666666666666,
2566053193,0.4,
2566053098,0.4,
2566055001,0.2,
2566053231,0.8333333333333333,
2566053150,0.3333333333333333,
2566053220,0.75,
2566053094,0.2,
2566053172,0.8,
2566053680,0.6000000000000001,
2566053548,0.4,
2566053283,0.8,
2566053403,0.3333333333333333,
2566053542,0.5,
2566053259,0.6666666666666666,
2566053086,0.6000000000000001,
2566053340,0.2,
2566053157,0.6000000000000001,
2566053088,0.4,
2566053238,0.8,
2566053090,0.5,
2566053096,0.6000000000000001,
2566053343,0.2,
2566053406,0.5,
6213053030,0.2,
6213066469,0.1666,
6213060665,0.25,
6213082533,0.2,
6213076243,0.2,
2566052993,0.2,
2566052996,0.4,
2566052999,0.16666666666666666,
2566052995,0.2,
2566053002,0.8,
2575371815,0.8333333333333333,
2575371737,0.3333333333333333,
2575371734,0.6666666666666666,
2575371626,0.6666666666666666,
2575371528,0.16666666666666666,
2575371529,0.5,
2575371522,0.8333333333333333,
2575371520,0.5,
2575371519,0.16666666666666666,
2575371523,0.3333333333333333,
2575349702,0.6000000000000001,
2575349619,0.6666666666666666,
2575349475,0.5,
2575349464,0.8,
2575349455,0.3333333333333333,
2575349420,0.3333333333333333,
2575349402,0.6666666666666666,
2575349313,0.75,
2575349345,0.8,
2575349344,0.6000000000000001,
2575349318,0.8,
2575349320,0.6666666666666666,
2575349253,0.75,
2575349249,0.4,
2575349232,0.4,
2575349228,0.3333333333333333,
2575349200,0.6000000000000001,
2575349206,0.2,
2575349207,0.6666666666666666,
2575349196,0.6000000000000001,
2575349189,0.2,
2575349190,0.6666666666666666,
2575349086,0.4,
2575349096,0.25,
2575349075,0.25,
2575349094,0.2,
2575349091,0.8,
2575349089,0.5,
2575349084,0.4,
2575349088,0.6666666666666666,
2575349076,0.3333333333333333,
2575349073,0.3333333333333333,
2575349078,0.3333333333333333,
2575349072,0.2,
6229412492,0.2,
6229428787,0.25,
6229455748,0.3333333333333333,
6229443340,0.3333333333333333,
6229481021,0.16666666666666666,
6229467965,0.3333333333333333,
6226544555,0.2,
2578918192,0.5,
2578918001,0.4,
2578917986,0.8333333333333333,
2578917881,0.25,
2578917875,0.8,
2578917835,0.8,
2578917815,0.5,
2578917608,0.5,
2578917719,0.2,
2578917701,0.4,
2578917688,0.6000000000000001,
2578917694,0.8333333333333333,
2578917695,0.6000000000000001,
2578917630,0.75,
2578917606,0.25,
2578917595,0.4,
2578917579,0.75,
2578917580,0.3333333333333333,
2578917454,0.2,
2578917449,0.6666666666666666,
2578917424,0.8,
2578917422,0.75,
2578917419,0.75,
2578917403,0.6000000000000001,
2578917318,0.8,
2578917277,0.6666666666666666,
2578917301,0.3333333333333333,
2578917296,0.4,
2578917288,0.8,
2578917272,0.8,
2578917280,0.2,
2578917279,0.4,
2578917263,0.3333333333333333,
2578917275,0.5,
2578917273,0.16666666666666666,
2578917182,0.6666666666666666,
2578917178,0.6000000000000001,
2578917155,0.5,
2578917146,0.16666666666666666,
2578917153,0.5,
2578917156,0.6000000000000001,
2578917158,0.6000000000000001,
2578917140,0.25,
2578917149,0.6666666666666666,
2578917134,0.2,
2578917147,0.4,
2578917137,0.2,
2578917138,0.25,
2578917144,0.3333333333333333,
2578917135,0.2,
6239698371,0.167,
6239899373,0.2,
6239917247,0.25,
6239908594,0.2,
6239934513,0.333,
6239925669,0.25,
6239685699,0.2,
2549579624,0.8,
2549525500,0.8,
2549525177,0.75,
2549579093,0.75,
64f7ea5b8f3491495a7687c6,0.25,
64f7eabe7b8f4b3ca67c6810,0.25,
64f7eb3f8863120ba9300f5f,0.2,
64f7e9df9546acc3816223a6,0.333,
650d1fa4d605e873402a8f59,2,
46915,0.2,
46916,0.8333,
46917,0.8333,
46918,0.8333,
46914,0.8333,
46920,0.83333,
47099,0.25,
2848184728,3,
2848185053,3,
2848184967,3,
2848185038,2,
2848184851,2,
2848185272,2,
2848184846,3,
2848184748,2,
2848184730,3,
2848184751,2,
2848184741,2,
2848184736,2,
2848184733,2,
2848184726,3,
2848184856,2,
2848184732,2,
2848184844,3,
2848184731,2,
2848184880,2,
2848184898,3,
2848184897,2,
2848184745,3,
2848184892,3,
2848184744,2,
2848184734,2,
2848185048,2,
2848129715,0.833,
2848175139,0.833,
2848184945,2,
2848184725,2,
653f5226b377ea3a23513748,3,
653f54e0b377ea3a23513786,3,
653f54812e65e238e3b30c1c,3,
653f55266e9e69f2e74e3e37,3,
653f5687900bd3c45251c3aa,2,
653f57d3c4cb3fa2a4b61af1,2,
653f58129ae3fef927917799,2,
653f574d8da35b7f2c5643a0,2,
653f5625490e9435d83a9be5,2,
653f56e074aa3a30f1aab23f,2,
653f5571f6753c07d1395c35,2,
653f57946e9e69f2e74e3e74,2,
653f55bb6fc8ee57c1824ef6,2,
249716,2,
46935,0.5,
2995567378,0.25,
2995560276,0.25,
405532,0.25,
520191,0.25,
24908453450,3,
24908453454,3,
24908453458,3,
24908453462,2,
24908453466,2,
24908453470,2,
24908453474,2,
24908453478,2,
24908453482,2,
656811e12fc67d02d342e290,3,
6665413040,0.25,
6665438129,0.2,
3225450697,0.75,
3225450811,0.2,
3225450710,0.4,
3225450693,0.6,
3225450683,0.25,
3225450662,0.4,
3225450572,0.5,
3225450559,0.2,
3225450574,0.2,
3225450570,0.6,
3225450568,0.6,
3225450564,0.4,
3225450549,0.4,
3225450556,0.75,
3225450554,0.2,
3225450551,0.5,
3225450552,0.25,
659772b568b6c6a59fd113b9,0.25,
659772f076eff97127eb0021,0.2,
6597738b656a29c60ac3b2a4,0.2,
6597742c1d8adf7feff6e256,0.3333333333333333,
6597749d780d0ba1418e41e2,0.3333333333333333,
6597752ca0b1f1dd488571ae,0.125,
659775d2c8ad491dd9c48698,0.3333333333333333,
65977661039cba425791b818,0.25,
659776d2aeb7a95afe0a42dc,0.16666666666666666,
659777581d8adf7feff6e2a4,0.2,
65977a22789b65d20b3b29c4,0.16666666666666666,
65977a98039cba425791b8c2,0.25,
65977b02039cba425791b8c7,0.25,
65977b83dc1323cf6166e139,0.2,
65977bed0cb5a18b660e0696,0.25,
88305506416,0.3333333333333333,
88305531037,0.25,
88305500315,0.125,
88305539697,0.2,
88305525938,0.16666666666666666,
88305520906,0.2,
88305516426,0.16666666666666666,
88305509700,0.25,
88305430475,0.25,
88305535824,0.25,
88305490855,0.3333333333333333,
88305462011,0.3333333333333333,
88305456485,0.2,
88305405819,0.25,
88305397234,0.25,
88305358385,0.2,
88305381490,0.3333333333333333,
88277800312,0.3333333333333333,
88305435157,0.2,
3254846837,0.6666666666666666,
3254846850,0.4,
3254481918,0.8,
3254481924,0.5,
3254481873,0.16666666666666666,
3254481770,0.6666666666666666,
3254481755,0.3333333333333333,
3254481759,0.2,
3254846847,0.3333333333333333,
3254481961,0.2,
3254482093,0.4,
3254846854,0.2,
3225450822,0.8,
3254481911,0.4,
3254481902,0.6,
3225450674,0.8,
3254846883,0.2,
3254847183,0.6,
3254847090,0.8,
3254847079,0.6666666666666666,
3254847024,0.8,
3254846990,0.4,
3254846974,0.5,
3254846862,0.6,
3254846851,0.3333333333333333,
3225450803,0.6,
3225450786,0.8,
3225450704,0.8,
3254481971,0.8,
3254481870,0.8333333333333334,
3254481758,0.3333333333333333,
3254481757,0.6,
3254481754,0.6666666666666666,
6686151090,0.2,
6686174703,0.16666666666666666,
6686145301,0.2,
6686141830,0.3333333333333333,
659e451473f1da8245e64c66,0.3333333333333333,
659e4578319c258ecefacfe2,0.2,
659e45da0fb57d3ee8b4df0b,0.2,
659e467b319c258ecefad015,0.16666666666666666,
88341431677,0.2,
88341455001,0.16666666666666666,
88341442796,0.2,
88341422792,0.3333333333333333,
3254847518,0.16666666666666666,
88422265812,3,
88421460828,2,
88421460910,2,
88421460950,2,
88421461123,3,
88421461164,2,
88421461195,3,
88421461395,2,
88421461421,2,
88421461451,2,
88421461508,3,
88421461619,3,
88421461584,3,
88421461632,3,
88421461707,2,
88421461806,3,
88421356067,2,
88421356093,2,
88421356116,3,
88421356160,2,
88421356166,2,
88421356169,3,
88421356223,2,
88421356315,2,
88421356335,2,
88421356336,2,
88421356354,3,
88421356425,2,
88421356458,2,
88421356518,2,
88421356563,2,
88421356606,2,
88421356655,2,
88421356670,2,
88421356692,2,
88421356760,2,
88421234299,3,
88421234317,2,
88421234357,2,
88421234372,2,
88421234401,2,
88421234417,2,
88421234444,2,
88421234479,2,
88421234498,3,
88421234622,2,
88421234744,2,
88421234869,2,
88420212770,3,
88420212811,3,
88420212880,3,
88420212976,3,
88420213009,3,
88420213028,2,
88420213068,4,
88420213279,2,
88420213317,2,
88420213365,3,
88420213565,2,
88420213647,2,
88420213754,3,
88420213772,2,
88420213788,4,
88420214116,3,
88420213939,2,
88420213981,4,
88420214051,4,
88420214090,4,
88420214212,2,
88420214232,3,
88420214301,2,
88419997276,3,
88419996698,3,
88419996767,3,
88419996864,2,
88419996888,3,
88419996960,3,
88419997024,3,
88419997115,2,
88419951994,3,
88419952077,2,
88419952403,2,
88419952391,3,
88419952427,2,
88419952478,3,
88419952533,2,
88419952655,3,
88419872963,2,
88419873022,2,
88419873043,3,
88419873099,2,
88419873131,2,
88419873174,2,
88419873239,3,
88419873296,2,
88419873325,3,
88419873364,2,
88419874262,2,
88419731404,4,
88419731520,4,
88419731479,4,
88410584357,3,
88410584374,2,
88410584442,2,
88410584459,2,
88410584533,2,
88410584632,2,
88410584648,2,
88410584677,2,
88410584741,2,
88410584754,3,
88410584847,2,
88410584940,2,
88410585046,2,
88410585100,2,
88410585148,2,
88410585215,2,
88410585328,2,
88410585357,2,
88410585369,2,
88410585403,2,
88410585419,2,
88410585499,2,
88410585539,2,
88410585588,2,
88410585664,2,
88410585683,3,
88410585748,2,
88410585795,2,
88410585811,2,
88410585875,2,
88410585937,2,
88410585963,2,
88410586004,2,
88410586049,2,
88410586132,2,
88410586172,2,
88410586241,2,
88410586284,2,
88410586346,3,
88410586441,2,
88410586477,2,
88410586560,3,
88410586605,2,
88410586695,2,
88410586730,2,
88410586809,2,
88410586957,2,
88410587024,2,
88397110581,2,
88397110615,10,
88397110659,2,
88397110733,2,
88397110752,2,
88386724328,4,
88386724366,4,
88409328026,0.8333333333333334,
88409328043,0.8333333333333334,
88409328059,0.8333333333333334,
88409328092,0.8333333333333334,
88409328113,0.8333333333333334,
88409328158,0.8333333333333334,
88397918724,0.25,
88353489883,3,
88519278439,3,
8801382145677,2,
8801037091410,2,
8801382128465,3,
8801069175669,3,
88002101,4,
8801094113001,2,
8806002010977,2,
8801037087543,2,
8801037087550,2,
8801121103319,4,
8801037100070,2,
8801121103562,4,
8801121772669,4,
8801069402468,2,
8801097136618,2,
8809695254383,3,
8801097134416,2,
8801043064088,2,
8801047291138,2,
8801097134218,2,
8801094118006,3,
8801094133009,2,
8801097136519,2,
8801097160071,2,
8809695254222,2,
8801069400471,3,
8801105915419,2,
8801105911312,2,
8801069175614,3,
8801037091403,2,
8801056716011,2,
8801094963200,2,
8809296885801,2,
8809695254567,2,
8801094253004,2,
8801037035476,3,
8801047578390,10,
8801105911299,2,
8801105912692,2,
8801094203009,2,
8801037087741,2,
8801056831011,2,
8801056001667,2,
8801105912906,2,
8801105914818,2,
8801043450690,2,
8801037040029,3,
8801094983000,2,
8801047111849,4,
8801094414207,2,
8801105915006,2,
8801069402772,3,
8801056051723,2,
8801094413705,2,
8801001236045,2,
8801001236243,2,
8801056032159,2,
8801094513009,2,
8801105915761,2,
8809084011276,2,
8801105000535,2,
8801001238100,3,
8801056051921,2,
8801069400488,3,
8801094053208,2,
8801056297015,2,
4897036693339,2,
8801037039993,3,
8801037057843,2,
8801043650625,2,
8801094208004,3,
8801056018900,2,
8809695254550,2,
4897036693728,2,
8801056044503,2,
8801382150404,3,
4897036691120,2,
8801037064346,2,
8801128945073,2,
8801128945288,2,
8801007512259,2,
8801056063245,2,
8801056154011,2,
48970366691007,2,
8801105908787,2,
4897036692424,2,
8801037057867,2,
8801097150010,2,
8809482830493,3,
8801382130666,3,
4897036692073,2,
8801056048129,3,
8801056018948,2,
8801097150096,2,
8801105910124,2,
8801043450706,2,
8801094083007,2,
8801056018887,3,
8801121766347,3,
8801056043551,2,
8801056002107,3,
8801056002701,2,
8801128945462,2,
8809482830479,3,
8801043650700,4,
8806002005638,2,
8801097160064,2,
8801056610012,2,
8801094973001,2,
8801056177645,2,
8801056836016,2,
8801128900232,2,
8801001238148,2,
8801094953003,2,
8801094363000,2,
8801094013004,2,
8806002006239,3,
8886467100031,2,
8806002009254,3,
8886467114618,2,
8809296885009,2,
8801094363208,2,
8801007029658,2,
8801382128557,3,
8801128941228,3,
8801094503505,3,
8801043650182,4,
8801223000585,2,
8806002009094,2,
8801037042863,3,
8809482830110,3,
8801128941792,3,
8809482830486,3,
8801094133207,2,
8809482830059,3,
8886467100017,2,
8801043650199,4,
8886427100024,2,
8801128900201,3,
8801043650311,4,
8801047288602,3,
8801094018009,3,
8801223100803,2,
8801094113209,2,
8801069173986,2,
8801223124700,2,
8801056290016,3,
8801094503000,2,
8801223100209,2,
8801047290100,2,
8801223000561,2,
8801037009774,3,
8809482830066,3,
8801128946940,3,
8809482830769,3,
8801047291203,2,
8801094016203,2,
8801056038861,2,
8801069171067,3,
8801056028855,3,
8801223005924,3,
8801223100254,2,
1000577670001,2,
1000577670002,2,
1000577670003,2,
1000577670004,2,
1000577670005,2,
1000577670006,2,
8801382150503,2,
8801382150510,2,
8801382150497,2,
8801382150534,2,
8801382150527,2,
3582685092,2,
3582685075,2,
3582685151,2,
3582685362,2,
65d6efd428a27207227e22bc,2,
65d6f01f5340cb4393dd47df,2,
3787386067,4,
3787386295,4,
3787385316,4,
3787386949,4,
3787386731,3,
3787385675,3,
3787386956,3,
3787386427,3,
3787385281,2,
3787385325,2,
3787385563,2,
3787385665,2,
3787386179,2,
3787385470,2,
3787385739,2,
3787385967,2,
3787386720,2,
3787386090,2,
3787385819,2,
3787385580,2,
3787386515,2,
3787385000,2,
3812685147,2,
3812684835,2,
3812684845,2,
3812685162,2,
3812838938,2,
3812839161,2,
3812839164,2,
65f3e01d0d77872dd10dd179,2,
65f3e06f6af633608d9b0ee6,2,
65f3e10f60c8f20644b178ca,2,
65f3e15e09baf8aef61228a0,2,
65f3e193ee3ef97cbbe88ab8,2,
65f3e1ca532c75e9ab58e58a,2,
65f3e2f460c8f20644b17a11,3,
65f3e32232b438ba159ddcca,3,
65f3e360b3f71587b71cc3f2,4,
65f3e39432b438ba159ddcdc,4,
65f3dfe0ee3ef97cbbe889b0,2,
65f3e202bbed50cd28f3ccb8,2,
65f3e246b3f71587b71cc3c2,2,
65f3e27613de085c6da889b6,2,
65f3e2b45221a2b8dd4d4e0a,3,
3812838910,2,
3891661038,2,
3891661041,4,
3891661268,2,
3891678485,2,
3892031760,2,
3892031762,2,
3892031768,2,
3892031770,4,
6600e6998ca600ba1fa5de73,4,
6600e70f0f639c751632687a,2,
6600e7728ca600ba1fa5dec9,2,
6600e804f2d10bc3d38d6488,2,
608407,4,
608406,4,
6618bb1b2dece24d62e31b3b,2,
4054117211,2,
4054111334,2,
4218754041,3,
4218754207,3,
4218754236,3,
4218656473,3,
4218656488,3,
4218671473,3,
4218754043,3,
4218755931,3,
4218656466,3,
4218656680,3,
1005007007718733,4,
1005007009538592,3,
1005007009701414,3,
1005007009353881,3,
1005007008408575,3,
1005007009562611,3,
1005007009513675,3,
1005007008726172,3,
1005007008331700,3,
1005007008339588,3,
1005007008281792,2,
1005007009655530,2,
1005007009581653,2,
1005007009726436,2,
1005007008746041,2,
1005007009549666,2,
1005007008718170,2,
1005007009513781,2,
1005007008415572,2,
1005007008415494,2,
1005007009823020,2,
1005007009372878,2,
1005007009670607,2,
1005007009599651,2,
1005007008732092,2,
1005007009328927,2,
1005007009404863,2,
1005007009597676,2,
1005007009433806,2,
1005007009841008,2,
1005007008423673,2,
1005007009649592,2,
1005007009742381,2,
1005007009729410,2,
1005007009682519,2,
1005007009590620,2,
1005007009524716,2,
1005007008129978,0.833,
1005007008526120,0.833,
1005007008547107,0.833,
663463b40a851de80208ea09,3,
6634645d1e4cc92fcb1fd061,3,
663470aac38761c3cd6a3079,3,
6634633c0a851de80208e989,3,
66347256dd53ba60a746abe9,3,
1005007051234498,4,
1005007044738565,4,
1005007044824372,4,
1005007044835273,4,
1005007044927193,4,
1005007045035043,4,
1005007044542973,4,
1005007044797422,4,
1005007045054076,4,
1005007045094043,4,
1005007044763527,4,
1005007044862627,3,
1005007044901585,3,
1005007044820663,3,
1005007044903615,3,
1005007044828684,3,
1005007044660879,4,
1005007045049087,4,
1005007044787460,3,
1005007044927477,3,
1005007045036140,3,
1005007045019430,3,
1005007044978211,3,
1005007044754594,3,
1005007044702906,3,
1005007044669881,3,
1005007044885622,3,
1005007045085329,3,
1005007044706881,3,
1005007044699735,3,
1005007044808720,3,
1005007044803681,3,
1005007044821661,3,
1005007044871559,3,
1005007044965272,3,
1005007044764715,3,
1005007045075271,3,
1005007044807617,3,
1005007044653990,3,
1005007045140288,3,
1005007044818439,3,
1005007044715702,3,
1005007044900330,3,
1005007044853606,3,
1005007045134014,3,
1005007044663830,3,
1005007044811406,3,
1005007044785525,3,
1005007044927506,3,
1005007044661904,3,
1005007044849403,3,
1005007045052199,3,
1005007044969284,3,
1005007044964433,3,
1005007045042210,3,
1005007044997249,3,
1005007044907388,3,
1005007045154142,3,
1005007044822574,3,
1005007051610260,2,
1005007051215702,2,
1005007051593243,2,
1005007044756533,3,
1005007044865381,3,
1005007051198750,2,
1005007045576270,2,
1005007045625144,2,
1005007051402626,2,
1005007051496039,2,
1005007045409413,2,
1005007045420381,2,
1005007045344523,2,
1005007045421366,2,
1005007045271574,2,
1005007045143910,2,
1005007045216588,2,
1005007045581016,2,
1005007045183544,2,
1005007045328524,2,
1005007045523142,2,
1005007044761866,2,
1005007045229422,2,
1005007045451098,2,
1005007045434093,2,
1005007044953678,2,
1005007045404141,2,
1005007045055946,2,
1005007045284413,2,
1005007045511274,2,
1005007045231721,2,
1005007045025987,2,
1005007044971520,2,
1005007045590026,2,
1005007045516215,2,
1005007045147441,2,
1005007044965534,2,
1005007043805544,2,
1005007045483071,2,
1005007045287280,2,
1005007044958671,2,
1005007045592170,2,
1005007045627044,2,
1005007045399358,2,
1005007045144380,2,
1005007044933747,2,
1005007045213005,2,
1005007045122594,2,
1005007045330598,2,
1005007045377180,2,
1005007044982612,2,
1005007044713932,2,
1005007045062616,2,
1005007044801914,2,
1005007045088411,2,
1005007045271658,2,
1005007045492175,2,
1005007045389195,2,
1005007045185082,2,
1005007045179704,2,
1005007045205011,2,
1005007045559171,2,
1005007045545244,2,
1005007045077571,2,
1005007044874801,2,
1005007045174742,2,
1005007045356239,2,
1005007044803708,2,
1005007044977564,2,
1005007045157218,2,
1005007045531158,2,
1005007045255125,2,
1005007044871767,2,
1005007045562179,2,
1005007043989514,2,
1005007045324387,2,
1005007045615087,2,
1005007045278277,2,
1005007045207420,2,
1005007045173563,2,
1005007045319579,2,
1005007045473299,2,
1005007045002218,3,
1005007039272276,3,
8803993705738,0.833,
8803993705868,0.833,
1005007252343617,3,
1005007252523113,2,
1005007252562039,2,
4601907888,2,
4601916407,3,
4601985661,3,
4601908086,2,
4601985531,2,
4601985577,2,
4601985331,2,
4601985328,2,
4601908102,2,
4601907883,2,
1005007252056841,2,
667a5e2b5bad6998d7b9a3dd,2,
667a5f5c5ca1da067dc033ed,2,
667a5fc5c4f17e8c10065510,2,
667a602a373403d62ca1a56b,2,
667a60e0fd071b7f5cc56a70,3,
1005007339765055,2,
90437143294,2,
90437225463,2,
90444176240,2,
90444094926,2,
4602001189,2,
4601985712,2,
4601985594,2,
4601907886,2,
4601907895,2,
4601907881,2,
667a5e94f99fd6d10f5ae22c,2,
667a5ef78229c47bcc5bcdc6,2,
667a607b9a56f300e75d8d93,2,
16778177,2,
16778176,2,
16778175,2,
16778174,2,
16778173,2,
16778172,2,
16778171,2,
16778170,2,
16778169,2,
16778168,2,
16778167,3,
16778166,2,
16778165,2,
16778164,2,
16778163,2,
16778162,2,
16691087,0.2,
16691063,0.2,
16691088,0.2,
16691089,0.2,
16667106,0.833,
16666919,0.833,
16688877,0.833,
16667007,0.833,
16667107,0.833,
16666920,0.833,
16691145,0.5,
16691606,0.25,
16691040,0.1666,
16691645,4,
16704391,4,
16704372,4,
16704381,4,
16704371,4,
16691662,3,
16691661,3,
16691611,3,
1005007392502873,2,
4601985784,2,
4601907899,2,
667a5d3a8a5bd291a1c766bb,2,
1005007252189555,2,
17309848,3,
17393835,3,
17393888,2,
17393883,2,
17393952,3,
17393924,2,
17393922,2,
17393920,2,
17393919,2,
17393917,2,
17393891,2,
17393882,2,
17393880,2,
17393861,2,
17393859,2,
17393858,2,
17393847,3,
17393831,3,
17393777,3,
17393776,3,
17393775,3,
17309838,3,
17399374,2,
17398818,2,
17398449,2,
17398448,2,
17398447,2,
17396709,3,
17393926,2,
17393925,2,
17393923,2,
17393921,2,
17393916,2,
17393915,2,
17393914,2,
17393912,2,
17393911,2,
17393910,2,
17393900,2,
17393898,2,
17393897,2,
17393896,2,
17393895,2,
17393893,2,
17393886,2,
17393884,2,
17393879,2,
17393878,2,
17393877,2,
17393876,2,
17393873,2,
17393870,2,
17393869,2,
17393867,2,
17393860,2,
17393856,2,
17393853,2,
17393852,2,
17393849,3,
17393848,3,
17393841,3,
17393838,3,
17393836,3,
17393833,3,
17393832,3,
17393803,3,
17393802,3,
17393779,3,
17393774,3,
17393773,3,
17393772,3,
17393768,3,
17393767,3,
17309771,3,
17309686,3,
17309647,3,
17309640,3,
17309631,3,
17302264,3,
16690893,3,
1005007456855426,2,
1005007456663769,2,
1005007456555955,2,
1005007456822428,2,
1005007399621653,2,
1005007339880002,2,
1005007456855396,2,
1005007516920246,0.125,
1005007517394538,0.16666666666666666,
1005007517542215,0.16666666666666666,
1005007516711808,0.2,
1005007516996260,0.2,
1005007516829586,0.25,
1005007516954130,0.25,
1005007516747499,0.25,
1005007516965305,0.25,
1005007517661101,0.25,
1005007516834371,0.3333333333333333,
1005007516878151,0.3333333333333333,
1005007516783575,0.3333333333333333,
1005007517350529,0.3333333333333333,
1005007517382459,0.2,
1005007517509214,0.2,
657403,2,
66bc59a2bc7677d8b8308e6c,0.2,
4925596112,2,
90923235240,0.2,
16667195,0.25,
16691007,0.25,
16667098,0.25,
16667127,0.2,
16667099,0.3333333333333333,
16690906,0.3333333333333333,
16690930,0.2,
16688908,0.2,
16688862,0.16666666666666666,
16688919,0.16666666666666666,
16688832,0.2,
16688835,0.25,
16688928,0.2,
16688924,0.25,
16688918,0.2,
16688874,0.3333333333333333,
16688920,0.3333333333333333,
16688917,0.3333333333333333,
16688836,0.2,
16667101,0.25,
16688927,0.2,
16667193,0.25,
16667194,0.125,
16690939,0.25,
16690898,0.16666666666666666,
16688833,0.2,
16688834,0.16666666666666666,
16667103,0.25,
16688873,0.3333333333333333,
16667100,0.25,
16690973,0.3333333333333333,
16690899,0.2,
16690903,0.2,
16691734,0.25,
10759835788,0.25,
10759817524,0.25,
4944837229,0.25,
4944854140,0.25,
1005007517685158,0.2,
1005007517493341,0.2,
1005007517275858,0.2,
1005007568127634,0.25,
1005007517295764,0.25,
1005007517558301,0.2,
1005007517580171,0.25,
1005007517376959,0.25,
1005007517498421,0.3333333333333333,
1005007543402017,2,
66c2e6a99f274220e0c6a85b,0.25,
66c6e8bcbfc7909f4e8201bc,0.2,
66c6e956755d102ede1a6123,0.25,
90972806981,0.25,
90972716583,0.2,
90979246018,0.25,
TOP1,2,
TOP4,2,
TOP2,2,
TOP5,2,
TOP3,2,
TOP6,2,
5129995941,3,
5129995820,3,
5129995776,2,
5129995762,3,
5129995693,3,
5129995759,2,
5129995756,2,
5129995692,3,
5129995691,2,
5129995689,2,
5129842162,2,
5129842159,2,
5129842154,3,
5129842112,3,
5129842109,3,
5129842110,2,
5129842113,2,
5129842111,3,
5129842108,3,
5129842107,2,
1005007849502566,3,
1005007849437658,3,
1005007849526065,3,
1005007252262796,2,
1005007252098828,2,
1005007252170679,2,
1005007252484003,2,
1005007849505574,3,
1005007849382706,4,
449985,0.25,
5201884752,8,
5201884759,2,
5201884712,8,
5201884705,2,
5201884707,4,
5201884706,4,
5263468706,3,
5263468614,3,
1005008162311646,3,
1005008045660252,2,
1005008045811042,2,
1005008045531866,4,
1005008045818047,8,
1005008045530619,8,
1005008045509733,4,
5331856979,0.2,
5331856864,0.2,
5331856869,0.2,
5331856866,0.2,
91690140449,0.2,
91690123440,0.2,
676e3a5e71c82833ef085497,0.2,
676e3ae8ac22dd38803ff030,0.2,
1005008303294842,0.2,
1005008303429299,0.2,
1005007517429821,0.333,
91717089948,0.333,
91717061888,0.333,
91717004862,0.25,
5348485328,0.333,
5348485332,0.333,
1005008329041078,0.333,
5359792423,0.25,
5359792344,0.17,
5359792272,0.17,
5359792270,0.25,
91738404700,0.25,
91738397580,0.17,
1005007050926900,10,
5456279538,4,
5456279479,4,
5456279664,4,
5456279969,4,
5456279602,4,
5456279348,4,
5456279366,4,
5456664645,8,
5456695479,8,
5456664665,8,
5456695414,8,
5456664514,8,
5456695415,8,
5456664743,8,
5456695222,8,
5456664641,8,
5456695422,8,
5456664520,8,
5456695582,8,
5456664535,8,
5456694328,8,
5456664654,4,
5456695330,4,
5456588295,4,
5456588080,4,
5456588247,4,
5456588081,4,
5456588172,4,
5456588195,4,
5456664522,3,
5456695578,3,
5456588448,4,
5456664540,3,
5456695649,3,
5456664744,3,
5456664533,3,
5456695525,3,
5456695469,3,
5456664519,2,
5456694928,2,
5456664511,2,
5456695446,2,
5456664517,2,
5456695305,2,
5456664510,2,
5456695309,2,
5456664649,2,
5456695374,2,
5456664521,2,
5456695331,2,
5456664509,2,
5456695224,2,
5456664513,2,
5456695371,2,
1005008527533033,8,
1005008527437229,8,
1005008527452228,8,
1005008527519140,8,
1005008527554107,8,
1005008522948010,5,
1005007044249778,5,
1005007044181147,5,
1005008527608027,8,
1005008522993109,4,
1005008522977141,4,
1005008522828972,4,
1005008522937317,4,
1005008522885924,4,
1005008523070140,4,
1005008527078598,3,
1005008523021229,4,
1005008527274801,3,
1005008527462062,3,
1005008527254409,3,
1005008527090579,3,
1005008523690290,3,
1005008527350812,2,
1005008527617181,2,
1005008527247901,2,
1005008527283794,2,
1005008527571364,2,
1005008527508221,2,
1005008527626279,2,
1005008527660060,2,
1005007456770647,2,
67bfb37b1729831f484a8002,8,
67bfb3f1612c963519527e8f,8,
67bfb464ba8316dac0169fde,8,
67bfb6bc0670635cb8678bab,8,
67bfb6190670635cb86788ff,8,
67bfb22eba8316dac0168e4e,8,
67bfb13b14cff67c5aca6f61,8,
67bd63d9597fc3f92f727f65,4,
67bd77d696e7d37083b51120,4,
67bd783206110efad5699458,4,
67be6290eeb29c3a963db7c8,4,
67bfbb49fc9d817f40a98d8b,3,
67bd63247c8330bf851b06c7,4,
67bfbdc514cff67c5acad75e,3,
67bfbadcdb1fd48129dff83f,3,
67bd62a978d351685f528bcd,4,
67bfbcecdb1fd48129e006cd,3,
67bfbd37fc9d817f40a99b8b,3,
67bfbc793396249331348465,3,
67bfbb8ef64a7ed2b8b1c1ef,3,
67bfbbe65d4eda28103b577a,3,
67bfc056137ceb058c6ee70d,2,
67bfbf22ba8316dac016f1ac,2,
67bfbea7476367190fd41f9f,2,
67bfbe5a137ceb058c6ee219,2,
67bfc0f03127ca6a5901d7f0,2,
67bfc181d0fe6bdd17a8a04e,2,
67bfc1bdbea12fdd5fd929aa,2,
67bfc12df64a7ed2b8b1e9be,2,
67bfbed757c1c676b573d4fd,2,
67bd78ced5b98e808e6e2a04,4,
157200,4,
157202,4,
157203,4,
157204,4,
157205,4,
157206,4,
157207,4,
67491bdd77151d925da80b1b,3,
756833,4,
756832,4,
756831,4,
756830,4,
756829,4,
756828,4,
756827,4,
P00000XX,4,
P00000XY,4,
P00000XZ,4,
P00000YA,3,
P00000YB,4,
P00000YC,4,
P00000YD,4,
P00000YE,4,
P00000UJ,0.8333333333333334,
P00000UK,0.8333333333333334,
P00000UM,0.8333333333333334,
P00000UO,0.8333333333333334,
P00000UQ,0.8333333333333334,
P00000US,0.8333333333333334,
P00000UT,0.8333333333333334,
5734110188,4,
5734110152,3,
5734110069,2,
5734109999,2,
5734109957,3,
5734109950,2,
5734109888,2,
5734109837,2,
5734109800,2,
5734109724,2,
5734109714,2,
5734077565,2,
5734077518,2,
5734077498,2,
5734077491,2,
5734077455,2,
5734077444,4,
5734077437,2,
5734077434,2,
5734077364,2,
5734077365,3,
5734077362,3,
93299796938,12,
93299796928,6,
93299796936,2,
93299796935,8,
93299796933,3,
93299796931,4,
93299796937,10,
93299796929,7,
93299796930,1,
93299796932,5,
93299796927,9,
93299796934,11,
93299451723,15,
93299451692,8,
93299451720,12,
93299451716,5,
93299451703,6,
93299451715,13,
93299451693,14,
93299451705,22,
93299451717,2,
93299451712,3,
93299451714,4,
93299451710,9,
93299451707,11,
93299451719,16,
93299451702,17,
93299451722,18,
93299451721,19,
93299451708,20,
93299451724,23,
93299451698,24,
93299451697,21,
93299451713,1,
93299451718,7,
93299451709,10,
93299906350,22,
93299906342,9,
93299906343,23,
93299906347,10,
93299906335,18,
93299906352,17,
93299906355,2,
93299906346,1,
93299906340,3,
93299906341,4,
93299906338,5,
93299906358,6,
93299906337,7,
93299906348,8,
93299906351,11,
93299906339,12,
93299906345,13,
93299906359,14,
93299906354,15,
93299906357,16,
93299906349,19,
93299906356,20,
93299906353,21,
93299906344,24,
93299188818,2,
93299188816,12,
93299188815,4,
93299188814,1,
93299188809,3,
93299188810,5,
93299188813,6,
93299188811,7,
93299188808,8,
93299188817,9,
93299188812,10,
93299188807,11,
93299746061,22,
93299746055,4,
93299746064,18,
93299746073,2,
93299746071,8,
93299746052,10,
93299746049,3,
93299746062,9,
93299746053,13,
93299746066,11,
93299746058,24,
93299746057,20,
93299746054,21,
93299746060,14,
93299746070,17,
93299746065,19,
93299746051,23,
93299746048,12,
93299746056,5,
93299746069,6,
93299746050,1,
93299746076,7,
93299746059,15,
93299746068,16,
93299978858,23,
93299978859,7,
93299978867,18,
93299978860,19,
93299978854,4,
93299978868,22,
93299978847,5,
93299978852,20,
93299978849,11,
93299978862,13,
93299978851,14,
93299978866,1,
93299978861,2,
93299978870,3,
93299978848,6,
93299978850,8,
93299978853,9,
93299978869,10,
93299978865,12,
93299978856,15,
93299978855,16,
93299978863,17,
93299978857,21,
93299978864,24,
93310602148,22,
93310602135,14,
93310602146,10,
93310602149,11,
93310602154,13,
93310602141,3,
93310602138,4,
93310602144,7,
93310602143,15,
93310602152,2,
93310602150,5,
93310602139,6,
93310602156,8,
93310602136,9,
93310602159,16,
93310602155,17,
93310602140,1,
93310602134,12,
93310602151,18,
93310602157,19,
93310602153,20,
93310602142,21,
93310602147,23,
93310602137,24,
93300041376,2,
93300041374,16,
93300041403,7,
93300041382,24,
93300041387,21,
93300041375,10,
93300041377,17,
93300041384,18,
93300041378,19,
93300041400,1,
93300041395,3,
93300041380,4,
93300041391,5,
93300041385,6,
93300041389,8,
93300041392,9,
93300041398,11,
93300041379,12,
93300041401,13,
93300041386,14,
93300041381,15,
93300041390,20,
93300041402,22,
93300041383,23,
93299841558,5,
93299841559,6,
93299841557,10,
93299841549,12,
93299841556,2,
93299841551,3,
93299841555,8,
93299841552,7,
93299841550,1,
93299841553,4,
93299841554,9,
93299841560,11,
93310632598,16,
93310632588,17,
93310632608,12,
93310632605,4,
93310632603,10,
93310632595,5,
93310632589,11,
93310632585,6,
93310632594,20,
93310632602,8,
93310632597,14,
93310632592,18,
93310632604,24,
93310632584,1,
93310632593,9,
93310632600,15,
93310632586,19,
93310632601,7,
93310632596,13,
93310632591,21,
93310632590,3,
93310632587,2,
93310632607,22,
93310632599,23,
93338946351,23,
93338946338,22,
93338946340,21,
93338946332,20,
93338946344,19,
93338946345,18,
93338946341,17,
93338946336,16,
93338946330,15,
93338946329,14,
93338946343,13,
93338946349,12,
93338946339,11,
93338946331,10,
93338946348,9,
93338946334,8,
93338946333,7,
93338946350,6,
93338946347,5,
93338946342,4,
93338946335,3,
93338946352,2,
93338946337,1,
93385133544,8,
93385133543,3,
93385133548,7,
93385133545,2,
93385133547,6,
93385133549,1,
93385133542,4,
93385133546,5,
93374386408,5,
93374386395,6,
93374386385,4,
93374386390,3,
93374386377,1,
93374386415,2,
93374386399,8,
93374386393,9,
93374386396,10,
93374386370,12,
93374386406,13,
93374386372,14,
93374386383,15,
93374386400,16,
93374386381,17,
93374386367,18,
93374386371,19,
93374386369,22,
93374386366,23,
93374386401,24,
93374386386,7,
93374386397,11,
93374386409,20,
93374386387,21,
93385266242,6,
93385266238,5,
93385266245,4,
93385266237,3,
93385266236,2,
93385266239,1,
93384739518,4,
93384739543,3,
93384739538,2,
93384739517,1,
93384735966,25,
93384735973,31,
93384735958,15,
93384739524,33,
93384735960,21,
93384739545,26,
93384735963,7,
93384735961,16,
93384735965,4,
93384739548,15,
93384739512,16,
93384739531,8,
93384739535,5,
93384739565,6,
93384739522,7,
93384739529,9,
93384739525,12,
93384739520,13,
93384739540,14,
93384739526,17,
93384739514,21,
93384739542,22,
93384739516,23,
93384739556,24,
93384739528,25,
93384739530,27,
93384739547,30,
93384739568,31,
93384739559,32,
93384739519,34,
93384739515,35,
93384739551,36,
93384735953,1,
93384735975,2,
93384735968,3,
93384735971,5,
93384735955,6,
93384735962,8,
93384735974,10,
93384735951,11,
93384735956,12,
93384735967,13,
93384735978,14,
93384735985,17,
93384735984,18,
93384735979,19,
93384735952,20,
93384735981,22,
93384735970,23,
93384735977,24,
93384735982,26,
93384735983,27,
93384735964,34,
93384735954,35,
93384735957,36,
93384739532,11,
93384735969,30,
93384739523,10,
93384739557,18,
93384739552,19,
93384739513,20,
93384739521,28,
93384739534,29,
93384735980,9,
93384735976,28,
93384735972,29,
93384735959,32,
93384735986,33,
93384450509,34,
93384450478,12,
93384450510,28,
93384450499,16,
93384450489,17,
93384450490,9,
93384450514,11,
93384450493,36,
93384450491,35,
93384450503,32,
93384450513,31,
93384450494,24,
93384450477,23,
93384450495,19,
93384450500,3,
93384450486,4,
93384450496,14,
93384450481,15,
93384450506,21,
93384450504,22,
93384450498,33,
93384450492,2,
93384450487,6,
93384450483,7,
93384450480,8,
93384450485,18,
93384450502,20,
93384450512,25,
93384450497,26,
93384450482,27,
93384450505,29,
93384450488,30,
93384450508,10,
93384450507,5,
93384450479,1,
93384450501,13,
93384858176,25,
93384858150,6,
93384858193,5,
93384858187,4,
93384858190,3,
93384858195,24,
93384858154,2,
93384858202,1,
93384858189,23,
93384858178,47,
93384858184,48,
93384858199,22,
93384858156,46,
93384858180,35,
93384858162,32,
93384858167,33,
93384858155,34,
93384858158,42,
93384858168,31,
93384858174,36,
93384858188,37,
93384858160,38,
93384858161,39,
93384858196,40,
93384858166,43,
93384858175,44,
93384858172,41,
93384858181,21,
93384858151,45,
93384858153,28,
93384858157,26,
93384858152,29,
93384858179,27,
93384858171,30,
93384858169,18,
93384858163,14,
93384858170,9,
93384858177,7,
93384858164,20,
93384858182,16,
93384858186,17,
93384858191,10,
93384858183,13,
93384858192,15,
93384858194,19,
93384858198,8,
93384858185,11,
93384858173,12,
93384604479,29,
93384604504,28,
93384604507,30,
93384604485,7,
93384604508,18,
93384604515,8,
93384604512,19,
93384604500,14,
93384604481,15,
93384604483,10,
93384604499,1,
93384604494,2,
93384604492,20,
93384604497,21,
93384604484,22,
93384604490,3,
93384604493,4,
93384604505,5,
93384604495,6,
93384604514,9,
93384604498,12,
93384604489,13,
93384604513,16,
93384604506,17,
93384604491,24,
93384604511,25,
93384604501,26,
93384604486,27,
93384604482,11,
93384604503,31,
93384604502,32,
93384604496,23,
93384604509,33,
93384604488,34,
93384604510,35,
93384604487,36,
93384929655,42,
93384929650,41,
93384929656,40,
93384929660,32,
93384929659,39,
93384929672,31,
93384929662,30,
93384929637,38,
93384929629,29,
93384929676,28,
93384929644,27,
93384929667,37,
93384929665,26,
93384929647,48,
93384929633,36,
93384929651,25,
93384929641,24,
93384929645,35,
93384929684,47,
93384929648,23,
93384929654,46,
93384929666,34,
93384929677,22,
93384929658,19,
93384929628,16,
93384929670,20,
93384929678,13,
93384929664,17,
93384929652,18,
93384929649,14,
93384929673,15,
93384929671,11,
93384929642,12,
93384929653,8,
93384929681,9,
93384929683,10,
93384929657,6,
93384929634,7,
93384929674,3,
93384929635,4,
93384929632,5,
93384929675,1,
93384929640,2,
93384929646,44,
93384929679,33,
93384929682,43,
93384929669,45,
93384929661,21,
93374299127,11,
93374299117,12,
93374299123,1,
93374299116,2,
93374299109,3,
93374299124,4,
93374299111,5,
93374299128,6,
93374299126,7,
93374299121,8,
93374299120,9,
93374299112,10,
93374299108,13,
93374299110,14,
93374299129,15,
93374299115,16,
93374299130,17,
93374299122,18,
93374299107,19,
93374299119,22,
93374299125,23,
93374299114,24,
93374299118,20,
93374299113,21,
93384127430,18,
93384127439,9,
93384127434,10,
93384127438,17,
93384127449,15,
93384127442,14,
93384127436,8,
93384127444,11,
93384127433,1,
93384127452,2,
93384127440,3,
93384127435,4,
93384127446,5,
93384127445,6,
93384127443,7,
93384127441,12,
93384127453,13,
93384127431,16,
93384127437,19,
93384127432,22,
93384127451,21,
93384127448,23,
93384127450,20,
93384127447,24,
93385231565,10,
93385231562,9,
93385231566,8,
93385231573,7,
93385231567,6,
93385231570,5,
93385231568,4,
93385231563,3,
93385231561,2,
93385231564,1,
93381955662,17,
93381955661,16,
93381955643,1,
93381955660,12,
93381955655,11,
93381955656,8,
93381955642,7,
93381955653,2,
93381955657,5,
93381955644,4,
93381955666,21,
93381955658,3,
93381955649,13,
93381955663,14,
93381955668,15,
93381955651,18,
93381955659,19,
93381955645,20,
93381955650,22,
93381955654,23,
93381955652,24,
93381955647,10,
93381955648,9,
93381955646,6,
93383858222,2,
93383858236,1,
93383858225,6,
93383858237,17,
93383858224,16,
93383858233,3,
93383858242,7,
93383858230,4,
93383858239,5,
93383858240,8,
93383858223,10,
93383858229,13,
93383858241,14,
93383858238,15,
93383858220,18,
93383858227,19,
93383858235,24,
93383858228,9,
93383858221,11,
93383858219,12,
93383858231,20,
93383858226,21,
93383858234,22,
93383858232,23,
93374429600,11,
93374429596,15,
93374429594,3,
93374429607,1,
93374429598,24,
93374429603,22,
93374429601,16,
93374429585,4,
93374429588,5,
93374429609,6,
93374429589,7,
93374429595,8,
93374429591,9,
93374429604,10,
93374429587,12,
93374429593,13,
93374429605,14,
93374429610,18,
93374429592,2,
93374429608,17,
93374429599,19,
93374429590,20,
93374429606,21,
93374429586,23,
93385012278,32,
93385012324,31,
93385012275,30,
93385012259,29,
93385012295,28,
93385012313,19,
93385012283,20,
93385012266,27,
93385012277,18,
93385012261,26,
93385012294,16,
93385012260,17,
93385012274,25,
93385012284,14,
93385012303,13,
93385012262,11,
93385012280,24,
93385012293,12,
93385012281,9,
93385012263,10,
93385012264,45,
93385012290,23,
93385012288,8,
93385012279,6,
93385012265,7,
93385012272,22,
93385012276,5,
93385012318,4,
93385012298,3,
93385012273,2,
93385012268,1,
93385012285,48,
93385012330,47,
93385012289,46,
93385012267,15,
93385012270,43,
93385012291,38,
93385012297,39,
93385012292,42,
93385012287,40,
93385012296,33,
93385012286,34,
93385012271,21,
93385012269,35,
93385012302,36,
93385012282,37,
93385012329,41,
93385012299,44,
93384552745,22,
93384552743,10,
93384552765,3,
93384552768,11,
93384552759,4,
93384552769,23,
93384552744,8,
93384552754,9,
93384552773,12,
93384552772,13,
93384552762,14,
93384552757,15,
93384552770,17,
93384552761,18,
93384552771,19,
93384552752,20,
93384552758,1,
93384552764,2,
93384552763,5,
93384552749,6,
93384552753,7,
93384552746,16,
93384552767,21,
93384552751,24,
93384346068,6,
93384346061,5,
93384346050,9,
93384346051,10,
93384346069,24,
93384346065,3,
93384346058,8,
93384346064,4,
93384346066,22,
93384346071,23,
93384346060,13,
93384346046,12,
93384346062,19,
93384346073,2,
93384346070,7,
93384346067,11,
93384346053,14,
93384346054,15,
93384346072,16,
93384346049,17,
93384346044,18,
93384346063,20,
93384346048,21,
93384346045,1,
93384186592,20,
93384186591,3,
93384186581,2,
93384186595,1,
93384186596,8,
93384186586,9,
93384186597,16,
93384186594,15,
93384186608,10,
93384186585,18,
93384186599,19,
93384186589,11,
93384186606,12,
93384186602,13,
93384186584,14,
93384186593,17,
93384186583,22,
93384186590,23,
93384186579,24,
93384186582,6,
93384186580,5,
93384186578,7,
93384186587,4,
93384186588,21,
93384307777,16,
93384307766,15,
93384307771,23,
93384307779,22,
93384307765,10,
93384307781,9,
93384307768,24,
93384307767,4,
93384307782,6,
93384307763,3,
93384307786,5,
93384307773,20,
93384307774,21,
93384307764,12,
93384307778,19,
93384307785,1,
93384307775,11,
93384307769,17,
93384307784,18,
93384307783,2,
93384307770,7,
93384307780,8,
93384307772,14,
93384307776,13,
93374251970,1,
93374251983,5,
93374251985,6,
93374251971,7,
93374251977,8,
93374251979,10,
93374251980,11,
93374251990,12,
93374251978,13,
93374251987,14,
93374251981,15,
93374251995,16,
93374251986,17,
93374251989,18,
93374251974,19,
93374251988,20,
93374251973,21,
93374251994,22,
93374251982,23,
93374251975,24,
93374251972,2,
93374251969,1,
93374251993,4,
93374251976,9,
93374194042,1,
93374194035,2,
93374194056,3,
93374194053,4,
93374194026,5,
93374194047,6,
93374194049,7,
93374194036,8,
93374194060,9,
93374194064,10,
93374194052,11,
93374194040,12,
93374194044,13,
93374194037,14,
93374194046,15,
93374194027,16,
93374194041,17,
93374194031,18,
93374194048,19,
93374194043,20,
93374194032,21,
93374194045,22,
93374194058,23,
93374194068,24,
93374228618,1,
93374228609,2,
93374228599,3,
93374228603,4,
93374228619,5,
93374228614,6,
93374228606,7,
93374228608,8,
93374228604,9,
93374228598,10,
93374228617,11,
93374228612,12,
93374228597,13,
93374228616,14,
93374228602,15,
93374228601,16,
93374228607,17,
93374228605,18,
93374228613,19,
93374228611,20,
93374228615,21,
93374228600,22,
93374228610,23,
93374228620,24,
93374329651,6,
93374329659,7,
93374329661,14,
93374329639,15,
93374329643,18,
93374329640,16,
93374329656,12,
93374329649,13,
93374329653,19,
93374329652,23,
93374329655,1,
93374329647,3,
93374329646,5,
93374329641,8,
93374329662,10,
93374329642,11,
93374329654,17,
93374329644,20,
93374329648,21,
93374329660,22,
93374329657,2,
93374329658,4,
93374329650,9,
93374329645,24,
93384096043,15,
93384096051,13,
93384096044,14,
93384096042,21,
93384096047,22,
93384096039,20,
93384096030,12,
93384096036,16,
93384096046,4,
93384096032,3,
93384096048,23,
93384096050,2,
93384096031,7,
93384096049,8,
93384096052,9,
93384096038,17,
93384096035,18,
93384096040,19,
93384096037,24,
93384096033,1,
93384096041,5,
93384096045,6,
93384096034,10,
93384096029,11,
93381980783,24,
93381980788,23,
93381980767,22,
93381980787,10,
93381980785,12,
93381980769,11,
93381980775,9,
93381980773,1,
93381980771,2,
93381980777,3,
93381980786,6,
93381980774,7,
93381980770,8,
93381980790,13,
93381980780,18,
93381980778,19,
93381980768,21,
93381980776,20,
93381980782,4,
93381980772,5,
93381980784,14,
93381980789,15,
93381980781,16,
93381980779,17,
93385315230,1,
93385315229,2,
93385315232,3,
93385315231,4,
93385065871,1,
93385065869,2,
93385065898,3,
93385065886,4,
93385065896,5,
93385065881,6,
93385065889,7,
93385065882,8,
93385065887,9,
93385065895,10,
93385065892,11,
93385065876,12,
93385065880,13,
93385065883,14,
93385065875,15,
93385065888,16,
93385065916,17,
93385065877,18,
93385065873,19,
93385065915,20,
93385065909,21,
93385065914,22,
93385065884,23,
93385065878,24,
93385065907,25,
93385065874,26,
93385065910,27,
93385065890,28,
93385065899,29,
93385065870,30,
93385065897,31,
93385065894,32,
93385065872,33,
93385065902,34,
93385065885,35,
93385065906,36,
93385065904,37,
93385065900,38,
93385065891,39,
93385065905,40,
93385065893,41,
93385065903,42,
93385065901,43,
93385065911,44,
93385065912,45,
93385065913,46,
93385065908,47,
93385065879,48,
212643,0.3333333333333333,
212648,0.16666666666666666,
212657,0.3333333333333333,
212652,0.3333333333333333,
212649,0.2,
212650,0.2,
212653,0.3333333333333333,
212644,0.25,
212651,0.2,
212635,0.25,
212642,0.3333333333333333,
212655,0.25,
212656,0.25,
212639,0.3333333333333333,
212654,0.2,
212647,0.16666666666666666,
212658,0.125,
212646,0.2,
212634,0.3333333333333333,
212636,0.25,
212637,0.25,
212633,0.2,
212632,0.2,
212631,0.25,
212630,0.2,
212640,0.3333333333333333,
212638,0.25,
212645,0.2,
215145,0.25,
215146,0.2,
215147,0.2,
215148,0.25,
215149,0.25,
215150,0.3333333333333333,
215158,0.2,
215159,0.25,
215160,0.2,
215161,0.2,
215162,0.3333333333333333,
215163,0.25,
215164,0.25,
215165,0.25,
215166,0.25,
215167,0.3333333333333333,
215168,0.3333333333333333,
215169,0.3333333333333333,
215170,0.3333333333333333,
215171,0.25,
215172,0.2,
215173,0.2,
215174,0.16666666666666666,
215175,0.16666666666666666,
215176,0.2,
215177,0.2,
215178,0.2,
215179,0.3333333333333333,
215180,0.3333333333333333,
215181,0.2,
215182,0.25,
215183,0.25,
215184,0.3333333333333333,
215185,0.125,
215186,0.25,
215187,0.2,
215188,0.2,
215189,0.25,
215190,0.25,
215191,0.3333333333333333,
93485251376,0.25,
93485251377,0.5,
93485251379,0.75,
93485226527,0.25,
93485226528,0.5,
93485226529,0.75,
93485208427,0.2,
93485208430,0.4,
93485208426,0.6,
93485208431,0.8,
93485198196,0.2,
93485198194,0.4,
93485198197,0.6,
93485198193,0.8,
93485227632,0.2,
93485227634,0.4,
93485227637,0.6,
93485227635,0.8,
5874787960,0.25,
5874812295,0.25,
5874788141,0.3333,
5874812240,0.3333,
5874788178,0.25,
5874812239,0.25,
5874787958,0.2,
5874812194,0.2,
5874788044,0.2,
5874812195,0.2,
5874788054,0.25,
5874812196,0.25,
93485287022,0.75,
93485287021,0.5,
93485287020,0.25,
93485350578,0.333,
93485350586,0.666,
P0000BAY,0.2,
P0000BAZ,0.25,
P0000BBA,0.2,
P0000BBB,0.25,
P0000BBC,0.2,
P0000BBD,0.2,
P0000BBE,0.2,
P0000BBF,0.3333333333333333,
P0000BBG,0.25,
P0000BBH,0.3333333333333333,
P0000BBI,0.3333333333333333,
P0000BBJ,0.25,
P0000BBK,0.25,
P0000BBL,0.25,
P0000BBM,0.25,
P0000BBN,0.2,
P0000BBO,0.2,
P0000BBP,0.16666666666666666,
P0000BBQ,0.16666666666666666,
P0000BBR,0.2,
P0000BBS,0.2,
P0000BBT,0.2,
P0000BBU,0.3333333333333333,
P0000BBV,0.3333333333333333,
P0000BBW,0.2,
P0000BBX,0.25,
P0000BBY,0.25,
P0000BBZ,0.3333333333333333,
P0000BCA,0.3333333333333333,
P0000BCB,0.3333333333333333,
P0000BCC,0.125,
P0000BCD,0.25,
P0000BCE,0.25,
P0000BCF,0.3333333333333333,
P0000BCG,0.2,
P0000BCH,0.25,
93563427380,0.8333333333333333,
93563358249,0.8333333333333333,
93563314762,0.8,
93563401056,0.8,
93563131583,0.8,
93563302103,0.8,
93563341717,0.8,
93563208672,0.8,
93563194152,0.8,
93563280606,0.75,
93563023611,0.75,
93562989829,0.75,
93563391773,0.75,
93563264960,0.75,
93563051070,0.75,
93563010564,0.6666666666666666,
93563419523,0.6666666666666666,
93563063716,0.6666666666666666,
93563427381,0.6666666666666666,
93563173458,0.6666666666666666,
93563408866,0.6666666666666666,
93563358250,0.6666666666666666,
93563314760,0.6000000000000001,
93563401055,0.6000000000000001,
93563302101,0.6000000000000001,
93563131584,0.6000000000000001,
93563341719,0.6000000000000001,
93563208671,0.6000000000000001,
93563194154,0.6000000000000001,
93563280605,0.5,
93563427379,0.5,
93563391772,0.5,
93562989830,0.5,
93563358248,0.5,
93563023612,0.5,
93563264959,0.5,
93563051067,0.5,
93563314761,0.4,
93563401057,0.4,
93563302102,0.4,
93563131585,0.4,
93563341716,0.4,
93563208676,0.4,
93563194153,0.4,
93563427382,0.3333333333333333,
93563358246,0.3333333333333333,
93563657359,0.5,
93563657360,0.75,
1005009943370521,0.2,
1005009943356500,0.2,
1005009943259845,0.3333333333333333,
1005009943251890,0.3333333333333333,
1005009943395385,0.25,
1005009943428343,0.2,
1005009943250846,0.25,
1005009943250809,0.125,
1005009943444204,0.3333333333333333,
220336,2,
220625,2,
215982,0.25,
215957,0.25,
739375,2,
739371,2,
739366,2,
739373,2,
215985,0.333,
216736,0.2,
216738,0.2,
1005010793311780,0.2,
1005010793459387,0.25,
1005010793390479,0.3333,
1005010793399448,0.2,
1005010803425192,0.25,
234265,0.25,
234267,0.25,
234268,0.25,
234269,0.25,
P0000BCK,0.2,
6516295192,0.3333333333333333,esm
6516295236,0.25,esm
6516295319,0.2,esm
6516295231,0.3333333333333333,esm
95917304236,0.3333333333333333,coupang
95917304218,0.6666666666666666,coupang
95917304156,0.25,coupang
95917304090,0.5,coupang
95917304064,0.75,coupang
95917304019,0.2,coupang
95917303721,0.4,coupang
95917303698,0.6,coupang
95917303676,0.8,coupang
95917303572,0.3333333333333333,coupang
95917303549,0.6666666666666666,coupang
296921,0.3333333333333333,cashnote
296922,0.25,cashnote
296923,0.2,cashnote
296924,0.3333333333333333,cashnote
94598152325,0.25,coupang
94597949385,0.25,coupang
P0000BCS,0.3333333333333333,
P0000BCT,0.25,
P0000BCU,0.2,
P0000BCV,0.3333333333333333,
P0000BCW,0.3333333333333333,
P0000BCX,0.2,
P0000BCY,0.3333333333333333,
P0000BCZ,0.3333333333333333,
P0000BDA,0.16666666666666666,
P0000BDB,0.25,
P0000BDC,0.25,
P0000BDD,0.25,
P0000BDE,0.3333333333333333,
P0000BDF,0.2,
P0000BDG,0.25,
P0000BDH,0.2,
P0000BDI,0.3333333333333333,
P0000BDJ,0.25,
P0000BDK,0.3333333333333333,
P0000BDL,0.3333333333333333,
P0000BDM,0.3333333333333333,
P0000BDN,0.25,
P0000BDO,0.25,
P0000BDP,0.25,
P0000BDQ,0.2,
P0000BDR,0.2,
P0000BDS,0.25,
P0000BDT,0.3333333333333333,
P0000BDU,0.3333333333333333,
P0000BDV,0.2,
P0000BDW,0.3333333333333333,
P0000BDX,0.2,
P0000BDY,0.2,
P0000BDZ,0.25,
P0000BEA,0.25,
P0000BEB,0.3333333333333333,
P0000BEC,0.2,
P0000BED,0.16666666666666666,
P0000BEE,0.16666666666666666,
P0000BEF,0.2,
P0000BEG,0.2,
P0000BEH,0.2,
P0000BEI,0.3333333333333333,
P0000BEJ,0.3333333333333333,
P0000BEK,0.25,
P0000BEL,0.3333333333333333,
P0000BEM,0.16666666666666666,
P0000BEN,0.25,
P0000BEO,0.25,
P0000BEP,0.2,
6533878234,0.3333333333333333,esm
6533878261,0.16666666666666666,esm
95973798230,0.8333,coupang
95973798234,0.6667,coupang
95973798292,0.3333,coupang
95973798293,0.5,coupang
95973798323,0.1667,coupang
95973798352,0.6667,coupang
95973798369,0.3333,coupang
