상품번호,코드,상품명,판매가,정가,배송비,즉시할인,포인트,바코드,오퍼코드,옵션코드,카테고리코드,판매상태,옵션명1,옵션값1,재고수량
64cb337024b08a1dae6af3bf,31-44-02,환타 포도맛 1.5L 12개,28100.0,36530.0,0.0,0.0,0.0,,,,103407,판매중,환타 포도맛 1.5L 12개,환타 포도맛 1.5L 12개,9999
64cb3371eb2b344d98243ec9,32,해태 과일촌 아침에사과 500ml 24개,29300.0,38090.0,0.0,0.0,0.0,,,,103365,판매중,해태 과일촌 아침에사과 500ml 24개,해태 과일촌 아침에사과 500ml 24개,9996
64cb3373bb14bab79a8fd5cc,81-63,해태 갈아만든배 500ml 24개,36200.0,47060.0,0.0,0.0,0.0,,,,100011,판매중,해태 갈아만든배 500ml 24개,해태 갈아만든배 500ml 24개,9999
64cb3376f24105dba51923a9,25-50-02,진로 토닉워터 깔라만씨 300ml 24개,19900.0,25870.0,0.0,0.0,0.0,,,,103407,판매중,진로 토닉워터 깔라만씨 300ml 24개,진로 토닉워터 깔라만씨 300ml 24개,9999
64cb337f5dafa72b51286a3b,31-22-02,코라콜라 제로 업소용 355ml 24개,23000.0,28900.0,0.0,0.0,0.0,,,,103412,판매중,코라콜라 제로 업소용 355ml 24개,코라콜라 제로 업소용 355ml 24개,9615
64cb3381a811abfcd223f7c7,35-16,참맑은 참대추 175ml 30개,12300.0,15990.0,0.0,0.0,0.0,,,,103394,판매중,참맑은 참대추 175ml 30개,참맑은 참대추 175ml 30개,9999
64cb3382692eb4b18030539f,02-23,향균 트리오 과일세척용 3kg 4개,24100.0,31330.0,0.0,0.0,0.0,,,,11037,판매중,향균 트리오 과일세척용 3kg 4개,향균 트리오 과일세척용 3kg 4개,9999
64cb338457891ca155f4a921,80-09,롯데칠성 칸타타 카라멜 마키아토 275ml 24개,27400.0,35620.0,0.0,0.0,0.0,,,,103964,판매중,롯데칠성 칸타타 카라멜 마키아토 275ml 24개,롯데칠성 칸타타 카라멜 마키아토 275ml 24개,9999
64cb338547a1d09bc459ceca,80-07,롯데칠성 칸타타 스위트 아메리카노 275ml 24개,27400.0,35620.0,0.0,0.0,0.0,,,,103964,판매중,롯데칠성 칸타타 스위트 아메리카노 275ml 24개,롯데칠성 칸타타 스위트 아메리카노 275ml 24개,9992
64cb3387c5315552a6b8da8f,80-08,롯데칠성 칸타타 콜드브루 블랙 275ml 24개,27400.0,35620.0,0.0,0.0,0.0,,,,13337,판매중,롯데칠성 칸타타 콜드브루 블랙 275ml 24개,롯데칠성 칸타타 콜드브루 블랙 275ml 24개,9999
64cb3389a327c8e83508a2ea,80-06,롯데칠성 칸타타 프리미엄 라떼 275ml 24개,27400.0,35620.0,0.0,0.0,0.0,,,,13337,판매중,롯데칠성 칸타타 프리미엄 라떼 275ml 24개,롯데칠성 칸타타 프리미엄 라떼 275ml 24개,9999
64cb338a6ef4260841c568ac,14-13-01,강구나루 황도 슬라이스 400g 24개,33300.0,43290.0,0.0,0.0,0.0,,,,103082,판매중,강구나루 황도 슬라이스 400g 24개,강구나루 황도 슬라이스 400g 24개,9998
64cb338b6f3b1f90dd0e30ef,31-03-07,몬스터 에너지 망고로코 355ml 24개,36500.0,45000.0,0.0,0.0,0.0,,,,103391,판매중,몬스터 에너지 망고로코 355ml 24개,몬스터 에너지 망고로코 355ml 24개,9998
64cb338dba5face4dae043a8,27-04-05,밀키스 제로 500ml 6개,9900.0,12870.0,0.0,0.0,0.0,,,,103408,판매중,밀키스 제로 500ml 6개,밀키스 제로 500ml 6개,9999
64cb3390aca2d2fbf7a50b83,26-27-06,웅진 티즐 제로 라임민트티 500ml 20개,21600.0,28080.0,0.0,0.0,0.0,,,,103355,판매중,웅진 티즐 제로 라임민트티 500ml 20개,웅진 티즐 제로 라임민트티 500ml 20개,9999
64cb339134ec9b29beefea0a,26-27-05,웅진 티즐 제로 피치얼그레이  500ml 20개,21600.0,28080.0,0.0,0.0,0.0,,,,103355,판매중,웅진 티즐 제로 피치얼그레이  500ml 20개,웅진 티즐 제로 피치얼그레이  500ml 20개,9999
64cb339480a52b224fc73c6e,28-20-01,동아제약 오란씨 오렌지맛 250ml 30개,16400.0,21320.0,0.0,0.0,0.0,,,,103407,판매중,동아제약 오란씨 오렌지맛 250ml 30개,동아제약 오란씨 오렌지맛 250ml 30개,9999
64cb33969f8a2cfaa19e29af,27-15-03,롯데 펩시콜라 245ml 업소용 슬림 30개,16600.0,21580.0,0.0,0.0,0.0,,,,103412,판매중,롯데 펩시콜라 245ml 업소용 슬림 30개,롯데 펩시콜라 245ml 업소용 슬림 30개,9999
64cb339ba327c8e83508a3bc,28-24-05,동아 나랑드사이다 제로 그린애플  245ml 30개,16200.0,21060.0,0.0,0.0,0.0,,,,103407,판매중,동아 나랑드사이다 제로 그린애플  245ml 30개,동아 나랑드사이다 제로 그린애플  245ml 30개,9999
64cb339c27bf1206181beda6,28-24-06,동아 나랑드사이다 제로 파인애플  245ml 30개,16200.0,21060.0,0.0,0.0,0.0,,,,103407,판매중,동아 나랑드사이다 제로 파인애플  245ml 30개,동아 나랑드사이다 제로 파인애플  245ml 30개,9999
64cb339e98640d7bd4b60984,27-20-01,[27-20-01]델몬트 오렌지 1.5L 6개입,22200.0,28860.0,0.0,0.0,0.0,,,,103369,판매중,[27-20-01]델몬트 오렌지 1.5L 6개입,[27-20-01]델몬트 오렌지 1.5L 6개입,9999
64cb33a16c15284c1c0b3556,27-20-03,[27-20-03] 델몬트 망고 1.5L 6개입,21900.0,28470.0,0.0,0.0,0.0,,,,103361,판매중,[27-20-03] 델몬트 망고 1.5L 6개입,[27-20-03] 델몬트 망고 1.5L 6개입,9999
64cb33a650ad9c6cb54258b2,81-29,칸타타 파우치 커피 카라멜마끼아또 230ml 10개,10000.0,13000.0,0.0,0.0,0.0,,,,13337,판매중,칸타타 파우치 커피 카라멜마끼아또 230ml 10개,칸타타 파우치 커피 카라멜마끼아또 230ml 10개,9996
64cb33a7c9e276418d4b3a08,81-27,칸타타 파우치 커피 아이스블랙 230ml 10개,9900.0,12870.0,0.0,0.0,0.0,,,,13337,판매중,칸타타 파우치 커피 아이스블랙 230ml 10개,칸타타 파우치 커피 아이스블랙 230ml 10개,9998
64cb33a8e37073f21b14260e,81-30,칸타타 파우치 커피 아이스 헤이즐넛 230ml 10개,9800.0,12740.0,0.0,0.0,0.0,,,,13337,판매중,칸타타 파우치 커피 아이스 헤이즐넛 230ml 10개,칸타타 파우치 커피 아이스 헤이즐넛 230ml 10개,9995
64cb33aabbd370db9742c7f8,81-28,칸타타 파우치 커피 스위트 아메리카노 제로 230ml 10개,9700.0,12610.0,0.0,0.0,0.0,,,,13337,판매중,칸타타 파우치 커피 스위트 아메리카노 230ml 10개,칸타타 파우치 커피 스위트 아메리카노 230ml 10개,9984
64cb33b309cccddbc1e3f0ae,20-13,매일 피크닉 사과맛 200ml 24개,13100.0,17030.0,0.0,0.0,0.0,,,,103365,판매중,매일 피크닉 사과맛 200ml 24개,매일 피크닉 사과맛 200ml 24개,9995
64cb33b5bb14bab79a8fda1c,55-01,이노엔 헛개 컨디션 100ml 50개 (바코드없음) 숙취해소음료 음주전후,116700.0,151710.0,0.0,0.0,0.0,,,,103157,판매중,이노엔 헛개 컨디션 100ml 50개 (바코드없음) 숙취해소음료 음주전후,이노엔 헛개 컨디션 100ml 50개 (바코드없음) 숙취해소음료 음주전후,9999
64cb33b773428b7e044f8503,10-01,유동 자연산골뱅이 230g 6개,40100.0,52130.0,0.0,0.0,0.0,,,,103080,판매중,유동 자연산골뱅이 230g 6개,유동 자연산골뱅이 230g 6개,9999
64cb33d476d625c5ffb3c5dd,23-35-01,웅진 헛개차 1.5L 12펫,19200.0,24960.0,0.0,0.0,0.0,,,,103404,판매중,웅진 헛개차 1.5L 12펫,웅진 헛개차 1.5L 12펫,9994
64cb33d673bdc260e5331f4a,23-05-01,웅진 맑게 우려낸 누룽지 1.5L 12펫,16900.0,21970.0,0.0,0.0,0.0,,,,103995,판매중,웅진 맑게 우려낸 누룽지 1.5L 12펫,웅진 맑게 우려낸 누룽지 1.5L 12펫,9999
64cb33d8ab04bf537721f386,11-74-04,동서 리치스 파인애플 슬라이스 836g 12캔,45500.0,59150.0,0.0,0.0,0.0,,,,103082,판매중,동서 리치스 파인애플 슬라이스 836g 12캔,동서 리치스 파인애플 슬라이스 836g 12캔,9991
64cb33da54181f3469837ab3,11-74-02,동서 리치스 후르츠칵테일 850g 12캔,40300.0,52390.0,0.0,0.0,0.0,,,,103082,판매중,동서 리치스 후르츠칵테일 850g 12캔 과일통조림 팥빙수재료,동서 리치스 후르츠칵테일 850g 12캔 과일통조림 팥빙수재료,9999
64cb33de417b035f310cfaac,28-53-03,현대 미에로화이바 기획증정용 1.2L 총 12개,19800.0,25740.0,0.0,0.0,0.0,,,,103389,판매중,현대 미에로화이바 기획증정용 1.2L 총 12개,현대 미에로화이바 기획증정용 1.2L 총 12개,9989
64cb33e0ae6ffcd5181f5784,11-74-01,동서 리치스홀커널스위트콘 소 (태국) 425g X 24캔,26400.0,34320.0,0.0,0.0,0.0,,,,103091,판매중,동서 리치스홀커널스위트콘 소 (태국) 425g X 24캔,동서 리치스홀커널스위트콘 소 (태국) 425g X 24캔,9999
64cb33e2b3b0c2c3c0261932,11-75-03,동서 리치스블랙올리브슬라이스405g 24캔,71600.0,93080.0,0.0,0.0,0.0,,,,103511,판매중,동서 리치스블랙올리브슬라이스405g 24캔,동서 리치스블랙올리브슬라이스405g 24캔,9999
64cb33e599c914f17140a057,27-36,롯데 펩시콜라 제로슈거 라임향 355ml(업소용) 24개,18400.0,23920.0,0.0,0.0,0.0,,,,103412,판매중,롯데 펩시콜라 제로슈거 라임향 355ml(업소용) 24개,롯데 펩시콜라 제로슈거 라임향 355ml(업소용) 24개,9989
64cb33e8f8f2ad252a3724ca,23-18-01,웅진 하늘보리180ml 30개,12400.0,16120.0,0.0,0.0,0.0,,,,103995,판매중,웅진 하늘보리180ml 30개,웅진 하늘보리180ml 30개,9999
64cb33ea6fd211ea1822103d,26-04-02,웅진 가야 토마토농장 500mL 20개,29800.0,38740.0,0.0,0.0,0.0,,,,103373,판매중,웅진 가야 토마토농장 500mL 20개,웅진 가야 토마토농장 500mL 20개,9999
64cb33ece5b106ffcda4e4c2,35-18-05,참맑은 토마토 175ml 30개 (캔),12300.0,15990.0,0.0,0.0,0.0,,,,103373,판매중,참맑은 토마토 175ml 30개 (캔),참맑은 토마토 175ml 30개 (캔),9994
64cb33efc23c7678ecf952f2,81-90,CJ 이츠웰 쫄깃한 국수 900g_15개,31700.0,41210.0,0.0,0.0,0.0,,,,103047,판매중,CJ 이츠웰 쫄깃한 국수 900g_15개,CJ 이츠웰 쫄깃한 국수 900g_15개,9999
64cb33f73afe8712ad208a11,11-73,라리 스위트콘 덕용 2.95kg 6개,42700.0,55510.0,0.0,0.0,0.0,,,,103091,판매중,라리 스위트콘 덕용 2.95kg 6개,라리 스위트콘 덕용 2.95kg 6개,9999
64cb340277afcfbfb66722ad,29-00,일화 옥수수수염차 340ml 20개,14700.0,19110.0,0.0,0.0,0.0,,,,103996,판매중,일화 옥수수수염차 340ml 20개,일화 옥수수수염차 340ml 20개,9999
64cb3408fcb3d787c263c428,10-02,유동 자연산골뱅이 140g 48개,187300.0,243490.0,0.0,0.0,0.0,,,,103080,판매중,유동 자연산골뱅이 140g 48개,유동 자연산골뱅이 140g 48개,9999
64cb340cc8ddea17f09790a7,40-09,피죤 블루비앙카 리필 4.2L (2100ml+2100ml) 4개,26400.0,34320.0,0.0,0.0,0.0,,,,11012,판매중,피죤 블루비앙카 리필 4.2L (2100ml+2100ml) 4개,피죤 블루비앙카 리필 4.2L (2100ml+2100ml) 4개,9999
64cb340e47a1d09bc459d8c0,46-04-02,동표 을지로골뱅이 140g 48개,181700.0,236210.0,0.0,0.0,0.0,,,,103412,판매중,동표 을지로골뱅이 140g 48개,동표 을지로골뱅이 140g 48개,9999
64cb3411bfcf7cfdabf270fb,11-16,동원 자연산골뱅이 140g 48개,156000.0,202800.0,0.0,0.0,0.0,,,,103080,판매중,동원 자연산골뱅이 140g 48개,동원 자연산골뱅이 140g 48개,9999
64cb3412b3bfd2f38bbea308,10-07,유동 번데기 130g 48개,42600.0,55380.0,0.0,0.0,0.0,,,,103081,판매중,유동 번데기 130g 48개,유동 번데기 130g 48개,9999
64cb341a32fd1eff5772e77f,31-09,스프라이트 일반 1.5L 12개,24300.0,30400.0,0.0,0.0,0.0,,,,103409,판매중,스프라이트 일반 1.5L 12개,스프라이트 일반 1.5L 12개,9999
64cb341bc3375286a48c030f,31-17-01,스프라이트 250ml 30개,23000.0,28300.0,0.0,0.0,0.0,,,,103409,판매중,스프라이트 250ml 30개,스프라이트 250ml 30개,9999
64cb341db6020381e34596b3,31-09-01,스프라이트 1.5L(업소용) 12개,18200.0,22900.0,0.0,0.0,0.0,,,,103409,판매중,스프라이트 1.5L(업소용) 12개,스프라이트 1.5L(업소용) 12개,9995
64cb341eee87dd79fa3cd097,23-05,웅진 맑게 우려낸 누룽지 500mL 20개,17300.0,22490.0,0.0,0.0,0.0,,,,103396,판매중,웅진 맑게 우려낸 누룽지 500mL 20개,웅진 맑게 우려낸 누룽지 500mL 20개,9999
64cb3420c5fe6eb88563777e,35-27-02,참맑은 피로엔 캔 175ml 30개,12300.0,15990.0,0.0,0.0,0.0,,,,103391,판매중,참맑은 피로엔 캔 175ml 30개,참맑은 피로엔 캔 175ml 30개,9999
64cb34236208058cee5ca3a9,26-27-04,웅진 티즐 제로 자몽블랙티 500ml 20개,21600.0,28080.0,0.0,0.0,0.0,,,,103401,판매중,웅진 티즐 제로 자몽블랙티 500ml 20개,웅진 티즐 제로 자몽블랙티 500ml 20개,9999
64cb3429caecca3865eb64aa,23-09,웅진 아침햇살 1.5L 12개,29500.0,38350.0,0.0,0.0,0.0,,,,103396,판매중,웅진 아침햇살 1.5L 12개,웅진 아침햇살 1.5L 12개,9999
64cb342b6f44275e109270ae,35-01,참맑은 옥수수수염차175ml 90개,26900.0,34970.0,0.0,0.0,0.0,,,,103396,판매중,참맑은 옥수수수염차175ml 90개,참맑은 옥수수수염차175ml 90개,9999
64cb342db3bfd2f38bbea468,24-704-04,스타벅스 더블샷 에스프레소&크림 200ml 36개,48900.0,63570.0,0.0,0.0,0.0,,,,13337,판매중,스타벅스 더블샷 에스프레소&크림 200ml 36개,스타벅스 더블샷 에스프레소&크림 200ml 36개,9999
64cb342f9731e03be740c361,35-27,참맑은 복숭아 캔 175ml 30개,12400.0,16120.0,0.0,0.0,0.0,,,,103355,판매중,참맑은 복숭아 캔 175ml 30개,참맑은 복숭아 캔 175ml 30개,9998
64cb34305dafa72b512874c6,35-08,참맑은 벌꿀 캔175ml 30개,12800.0,16640.0,0.0,0.0,0.0,,,,103388,판매중,참맑은 벌꿀 캔175ml 30개,참맑은 벌꿀 캔175ml 30개,9999
64cb3432f252b6a2ccf69cf6,35-27-01,참맑은 매실 캔 175ml 30개,12100.0,15730.0,0.0,0.0,0.0,,,,103362,판매중,참맑은 매실 캔 175ml 30개,참맑은 매실 캔 175ml 30개,9999
64cb3434b96e45f13ae66295,35-10,참맑은 망고 캔 175ml 30개,12100.0,15730.0,0.0,0.0,0.0,,,,103361,판매중,참맑은 망고 캔 175ml 30개,참맑은 망고 캔 175ml 30개,9999
64cb3437b6020381e34599bb,35-16-01,참맑은 제주감귤 캔 175ml 30개,12200.0,15860.0,0.0,0.0,0.0,,,,103354,판매중,참맑은 제주감귤 캔 175ml 30개,참맑은 제주감귤 캔 175ml 30개,9998
64cb34449f8a2cfaa19e3410,21-17-03,트레비 190ml 캔 30개,13800.0,17940.0,0.0,0.0,0.0,,,,103406,판매중,트레비 190ml 캔 30개,트레비 190ml 캔 30개,9999
64cb34482ec8ed4fb8589f85,68-04,상아제약 6년근 프리미엄 홍삼정 올데이케어 10g 60포 1세트 총 60포,262500.0,341250.0,0.0,0.0,0.0,,,,103208,판매중,상아제약 6년근 프리미엄 홍삼정 올데이케어 10g 60포 1세트 총 60포,상아제약 6년근 프리미엄 홍삼정 올데이케어 10g 60포 1세트 총 60포,9999
64cb344ab3bfd2f38bbea696,67-01-02,상아제약 올데이 365 유산균 (2g 30포) 2세트 총 60포 (120g),30200.0,39260.0,0.0,0.0,0.0,,,,108707,판매중,상아제약 올데이 365 유산균 (2g 30포) 2세트 총 60포 (120g),상아제약 올데이 365 유산균 (2g 30포) 2세트 총 60포 (120g),9999
64cb344c12894a6ea729aeb3,35-01,참맑은 옥수수수염차175ml 30개,11100.0,14430.0,0.0,0.0,0.0,,,,103996,판매중,참맑은 옥수수수염차175ml 30개,참맑은 옥수수수염차175ml 30개,9999
64cb344fc3375286a48c06f7,26-02-02,가야 알로에 농장 500ml 20개,28600.0,37180.0,0.0,0.0,0.0,,,,103373,판매중,가야 알로에 농장 500ml 20개,가야 알로에 농장 500ml 20개,9999
64cb34503b5274f47f69adc2,26-06,가야 당근 농장 1.5L 12개,39700.0,51610.0,0.0,0.0,0.0,,,,103373,판매중,가야 당근 농장 1.5L 12개,가야 당근 농장 1.5L 12개,9999
64cb345330d4e29a7df105b3,20-12-01,광동 위생천 75ml 100개,47900.0,62270.0,0.0,0.0,0.0,,,,103395,판매중,광동 위생천 75ml 100개,광동 위생천 75ml 100개,9998
64cb345585a8167da916a751,20-10,광동 쌍화골드 100ml 100개,54300.0,70590.0,0.0,0.0,0.0,,,,103985,판매중,광동 쌍화골드 100ml 100개,광동 쌍화골드 100ml 100개,9999
64cb3456284e2d7eafefdeaf,28-24-07,동아 나랑드사이다 제로 500ml 24개,22300.0,28990.0,0.0,0.0,0.0,,,,103409,판매중,동아 나랑드사이다 제로 500ml 24개,동아 나랑드사이다 제로 500ml 24개,9994
64cb345f4ccf7fca3196664f,17-01,델몬트 파인애플 통조림 836g 24개,96500.0,125450.0,0.0,0.0,0.0,,,,103082,판매중,델몬트 파인애플 통조림 836g 24개,델몬트 파인애플 통조림 836g 24개,9999
64cb34602bbb5b34fb200ecf,17-01,델몬트 후르츠칵테일 통조림 850g 24개,96500.0,125450.0,0.0,0.0,0.0,,,,103082,판매중,델몬트 후르츠칵테일 통조림 850g 24개,델몬트 후르츠칵테일 통조림 850g 24개,9999
64cb34634759b227124c8383,32-21,해태 코코팜화이트 240ml 30캔,21100.0,27430.0,0.0,0.0,0.0,,,,103355,판매중,해태 코코팜화이트 240ml 30캔,해태 코코팜화이트 240ml 30캔,9999
64cb3469bb09c98e43de788b,12-04-01,동원 샘물 500ml 20개,6400.0,8320.0,0.0,0.0,0.0,,,,103348,판매중,동원 샘물 500ml 20개,동원 샘물 500ml 20개,9999
64cb346bc0f3a909d13acec3,38-09-03,동화 까스활 75ml 120개,98600.0,128180.0,0.0,0.0,0.0,,,,103395,판매중,동화 까스활 75ml 120개,동화 까스활 75ml 120개,9999
64cb346d5f1740e5226a18db,81-25,롯데 수미네잔치집 식혜 340ml 24개,16300.0,21190.0,0.0,0.0,0.0,,,,103400,판매중,롯데 수미네잔치집 식혜 340ml 24개,롯데 수미네잔치집 식혜 340ml 24개,9999
64cb346fc893176437a03e45,32-19-01,해태 코코팜피치핑크 240ml 30캔,20700.0,26910.0,0.0,0.0,0.0,,,,103355,판매중,해태 코코팜피치핑크 240ml 30캔,해태 코코팜피치핑크 240ml 30캔,9999
64cb3475fb6d0b5ad484b407,32-01-03,해태 복숭아봉봉 340ml 24개,19700.0,25610.0,0.0,0.0,0.0,,,,103355,판매중,해태 복숭아봉봉 340ml 24개,해태 복숭아봉봉 340ml 24개,9999
64cb347937719361fd5b79a1,22-04-01,비락 식혜 1.5L 8개,27100.0,35230.0,0.0,0.0,0.0,,,,103400,판매중,비락 식혜 1.5L 8개,비락 식혜 1.5L 8개,9985
64cb347b12091e97c2fcd861,08-49,비트 드럼 2.8L 4개,39600.0,51480.0,0.0,0.0,0.0,,,,100358,판매중,비트 드럼 2.8L 4개,비트 드럼 2.8L 4개,9999
64cb347cb3bfd2f38bbea9c6,22-13-01,귀여운 내친구 뽀로로 샤인머스켓맛 235ml 24개,21800.0,28340.0,0.0,0.0,0.0,,,,100012,판매중,귀여운 내친구 뽀로로 샤인머스켓맛 235ml 24개,귀여운 내친구 뽀로로 샤인머스켓맛 235ml 24개,9999
64cb3481332d510a0a47f196,29-29-05,아망아망 물티슈 캡형 100매 20개,16600.0,21580.0,0.0,0.0,0.0,,,,11288,판매중,아망아망 물티슈 캡형 100매 20개,아망아망 물티슈 캡형 100매 20개,9999
64cb348434ec9b29beeffa98,23-333-01,웅진 결명자차 1.5L 12개,19200.0,24960.0,0.0,0.0,0.0,,,,103993,판매중,웅진 결명자차 1.5L 12개,웅진 결명자차 1.5L 12개,9983
64cb348bbac48803634fdf8c,31-40,조지아 카페라떼 240ml 30개,21100.0,27430.0,0.0,0.0,0.0,,,,13337,판매중,조지아 카페라떼 240ml 30개,조지아 카페라떼 240ml 30개,9995
64cb348eb6020381e3459e7e,31-11,캐나다드라이 토닉워터 캔 250ml 30개,19900.0,25870.0,0.0,0.0,0.0,,,,103407,판매중,캐나다드라이 토닉워터 캔 250ml 30개,캐나다드라이 토닉워터 캔 250ml 30개,9999
64cb349914b230859336010f,22-22,팔도 왕뚜껑 컵라면 110g 18개,24200.0,31460.0,0.0,0.0,0.0,,,,13221,판매중,팔도 왕뚜껑 컵라면 110g 18개,팔도 왕뚜껑 컵라면 110g 18개,9999
64cb349bba78d1563824e2b6,22-23-05,팔도 짬뽕왕뚜껑 110g 18개,24100.0,31330.0,0.0,0.0,0.0,,,,13220,판매중,팔도 짬뽕왕뚜껑 110g 18개,팔도 짬뽕왕뚜껑 110g 18개,9998
64cb349d77afcfbfb6672e2b,40-10-06,피죤 블루비앙카 2500ml+500ml 4개,18400.0,23920.0,0.0,0.0,0.0,,,,11012,판매중,피죤 블루비앙카 2500ml+500ml 4개,피죤 블루비앙카 2500ml+500ml 4개,9999
64cb349ea996816917f9555a,29-30.,일화 한라봉에이드 350ml 캔 24개,15100.0,19630.0,0.0,0.0,0.0,,,,103410,판매중,일화 한라봉에이드 350ml 캔 24개,일화 한라봉에이드 350ml 캔 24개,9999
64cb34a0cc937f99cd443299,02-21,항균 트리오 1kg 12개,28600.0,37180.0,0.0,0.0,0.0,,,,11025,판매중,항균 트리오 1kg 12개,항균 트리오 1kg 12개,9999
64cb34a17eec3bcec110f7fd,28-13,현대 헬씨 올리고 100ml 100병,47600.0,61880.0,0.0,0.0,0.0,,,,103389,판매중,현대 헬씨 올리고 100ml 100병,현대 헬씨 올리고 100ml 100병,9999
64cb34a3692eb4b180306597,57-04,한성 런천미트 340g 24개,46300.0,56500.0,0.0,0.0,0.0,,,,103090,판매중,한성 런천미트 340g 24개,한성 런천미트 340g 24개,9999
64cb34a550a252905d50857e,40-09-01,피죤 옐로우미모사 리필 4.2L (2100ml+2100ml) 4개,26400.0,34320.0,0.0,0.0,0.0,,,,11012,판매중,피죤 옐로우미모사 리필 4.2L (2100ml+2100ml) 4개,피죤 옐로우미모사 리필 4.2L (2100ml+2100ml) 4개,9999
64cb34a73afe8712ad2098c4,40-09-02,피죤 핑크로즈 리필 4.2L (2100ml+2100ml) 4개,26400.0,34320.0,0.0,0.0,0.0,,,,11012,판매중,피죤 핑크로즈 리필 4.2L (2100ml+2100ml) 4개,피죤 핑크로즈 리필 4.2L (2100ml+2100ml) 4개,9999
64cb34a93afe8712ad2098da,28-13-05,현대약품 비타업 100ml 100개,38400.0,49920.0,0.0,0.0,0.0,,,,103187,판매중,현대약품 비타업 100ml 100개,현대약품 비타업 100ml 100개,9999
64cb34adfb6d0b5ad484b6ae,27-11,롯데 펩시콜라(업소용) 500ml 20개 무료배송,17200.0,22360.0,0.0,0.0,0.0,,,,103412,판매중,롯데 펩시콜라(업소용) 500ml 20개 무료배송,롯데 펩시콜라(업소용) 500ml 20개 무료배송,9495
64cb34afa996816917f95606,27-26-01,롯데 펩시콜라(업소용) 1.25L 12개 무료배송,17300.0,22490.0,0.0,0.0,0.0,,,,103412,판매중,롯데 펩시콜라(업소용) 1.25L 12개 무료배송,롯데 펩시콜라(업소용) 1.25L 12개 무료배송,9995
64cb34b66a741c5927390951,27-16,롯데칠성 사이다355ml(업소용) 24개 무료배송,20200.0,26260.0,0.0,0.0,0.0,,,,103409,판매중,롯데칠성 사이다355ml(업소용) 24개 무료배송,롯데칠성 사이다355ml(업소용) 24개 무료배송,9999
64cb34badc8fd7dccddc22f6,38-09-03,동화약품 부채표 까스활 75ml 30개,27300.0,35490.0,0.0,0.0,0.0,,,,103395,판매중,동화약품 부채표 까스활 75ml 30개,동화약품 부채표 까스활 75ml 30개,9996
64cb34bc4f211cfa8e49d061,31-13,코카콜라 파워에이드 240ml 30개,17000.0,22100.0,0.0,0.0,0.0,,,,13335,판매중,코카콜라 파워에이드 240ml 30개,코카콜라 파워에이드 240ml 30개,9999
64cb34bd9cc0484cdfd286d7,14-03.,펭귄 황도 신형 2절 400g 24개,42400.0,55120.0,0.0,0.0,0.0,,,,103082,판매중,펭귄 황도 신형 2절 400g 24개,펭귄 황도 신형 2절 400g 24개,9999
64cb34be6e62854e1215d34c,29-04,일화 초정탄산수 1.5L 12개,18400.0,23920.0,0.0,0.0,0.0,,,,103350,판매중,일화 초정탄산수 1.5L 12개,일화 초정탄산수 1.5L 12개,9997
64cb34bf8b7e2215513d44ef,29-05-01,일화 초정 탄산수 190ml 30개,13200.0,17160.0,0.0,0.0,0.0,,,,103350,판매중,일화 초정 탄산수 190ml 30개,일화 초정 탄산수 190ml 30개,9998
64cb34c11c7370485a4c0398,14-04,펭귄 백도 2절 400g 24개,43100.0,56030.0,0.0,0.0,0.0,,,,103078,판매중,펭귄 백도 2절 400g 24개,펭귄 백도 2절 400g 24개,9999
64cb34c27c66a277ab56fe0d,18-01,삼아 완두콩 400g 24개,27000.0,35100.0,0.0,0.0,0.0,,,,103092,판매중,삼아 완두콩 400g 24개,삼아 완두콩 400g 24개,9999
64cb34c4bf7631526a85910f,28-24-01,동아제약 오로나민C 120ml 50개,40600.0,52780.0,0.0,0.0,0.0,,,,103389,판매중,동아제약 오로나민C 120ml 50개,동아제약 오로나민C 120ml 50개,9999
64cb34c550a252905d5087de,22-56,해태 영진구론산 오리지날 150ml 30개,22400.0,29120.0,0.0,0.0,0.0,,,,103474,판매중,해태 영진구론산 오리지날 150ml 30개,해태 영진구론산 오리지날 150ml 30개,9999
64cb34c6643377f6d71c28ba,30-12,블랙보리 340ml 20개,15800.0,20540.0,0.0,0.0,0.0,,,,103398,판매중,블랙보리 340ml 20개,블랙보리 340ml 20개,9997
64cb34c8aca2d2fbf7a51efe,30-12-02,진로 블랙보리 1.5L 12개,19900.0,25870.0,0.0,0.0,0.0,,,,103398,판매중,진로 블랙보리 1.5L 12개,진로 블랙보리 1.5L 12개,9998
64cb34ca5b50cf19265a5091,31-50,토레타 240ml 30개,18900.0,24000.0,0.0,0.0,0.0,,,,13335,판매중,토레타 240ml 30개,토레타 240ml 30개,9999
64cb34cc9cf6ef98eef964b3,31-50-03,토레타 355ml 24개,18900.0,22700.0,0.0,0.0,0.0,,,,13335,판매중,토레타 355ml 24개,토레타 355ml 24개,9999
64cb34cde37073f21b143909,31-50-02,토레타 1.5L 12개,26400.0,32700.0,0.0,0.0,0.0,,,,13335,판매중,토레타 1.5L 12개,토레타 1.5L 12개,9996
64cb34d3ad973e39ff22d2b1,32-18,해태 갈아만든배 캔 238ml 24개,17900.0,23270.0,0.0,0.0,0.0,,,,103363,판매중,해태 갈아만든배 캔 238ml 24개,해태 갈아만든배 캔 238ml 24개,9989
64cb34d441db903333e933b1,32-18-01,해태 갈아만든배 340ml 24개,20000.0,26000.0,0.0,0.0,0.0,,,,100011,판매중,해태 갈아만든배 340ml 24개,해태 갈아만든배 340ml 24개,9999
64cb34d749300bea8fb65137,20-14-02,광동제약 비타500캔 240ml 30개,19500.0,25350.0,0.0,0.0,0.0,,,,103389,판매중,광동제약 비타500캔 240ml 30개,광동제약 비타500캔 240ml 30개,9997
64cb34d84759b227124c8c20,27-04-03,롯데칠성 밀키스 1.5L 12개,24200.0,31460.0,0.0,0.0,0.0,,,,103408,판매중,롯데칠성 밀키스 1.5L 12개,롯데칠성 밀키스 1.5L 12개,9999
64cb34d9b3bfd2f38bbeb234,27-04-02,롯데칠성 밀키스 500ml 20개,24200.0,31460.0,0.0,0.0,0.0,,,,103408,판매중,롯데칠성 밀키스 500ml 20개,롯데칠성 밀키스 500ml 20개,9999
64cb34dbacbcf841c54d457c,31-16,파워에이드 1.5L 12개,28100.0,36530.0,0.0,0.0,0.0,,,,13335,판매중,파워에이드 1.5L 12개,파워에이드 1.5L 12개,9999
64cb34dc98640d7bd4b61e33,31-13-01,파워에이드 340ml 24개,19400.0,25220.0,0.0,0.0,0.0,,,,13335,판매중,파워에이드 340ml 24개,파워에이드 340ml 24개,9999
64cb34dd1216b939f7fff98b,46-04,동표 을지로골뱅이 400g 24개,188400.0,244920.0,0.0,0.0,0.0,,,,1211,판매중,동표 을지로골뱅이 400g 24개,동표 을지로골뱅이 400g 24개,9999
64cb34e22d73c62e6cdbe1ad,31-09-06,스프라이트 500ml 24개(업소용),19900.0,25600.0,0.0,0.0,0.0,,,,103409,판매중,스프라이트 500ml 24개(업소용),스프라이트 500ml 24개(업소용),9996
64cb34e3ee928fa6d3963029,31-44-01,환타 파인애플맛 1.5L 12개,27300.0,35490.0,0.0,0.0,0.0,,,,103413,판매중,환타 파인애플맛 1.5L 12개,환타 파인애플맛 1.5L 12개,9999
64cb34e4a0edc65625e2803d,23-22,웅진 옥수수수염차 500ml 20개,17300.0,22490.0,0.0,0.0,0.0,,,,103996,판매중,웅진 옥수수수염차 500ml 20개,웅진 옥수수수염차 500ml 20개,9989
64cb34e601146946d5b66ecc,23-39..,웅진 옥수수수염차 1.5L 12개,16500.0,18500.0,0.0,0.0,0.0,,,,103996,판매중,웅진 옥수수수염차 1.5L 12개,웅진 옥수수수염차 1.5L 12개,9519
64cb34e7265e9847f8b9ac79,15-43-03,백설 갈색설탕 3kg 6개,47700.0,62010.0,0.0,0.0,0.0,,,,103130,판매중,백설 갈색설탕 3kg 6개,백설 갈색설탕 3kg 6개,9999
64cb34e98519d21238d60c56,23-07,웅진 초록매실 1.5L 12개,28700.0,37310.0,0.0,0.0,0.0,,,,103362,판매중,웅진 초록매실 1.5L 12개,웅진 초록매실 1.5L 12개,9983
64cb34ebc83ba799f4dc935e,21-91,웅진 꿀홍삼 180ml (12x4) 48개,33300.0,43290.0,0.0,0.0,0.0,,,,103388,판매중,웅진 꿀홍삼 180ml (12x4) 48개,웅진 꿀홍삼 180ml (12x4) 48개,9999
64cb34ed73bdc260e53332f4,23-15,웅진 자연은 고칼슘오렌지1.5L 12개,38700.0,50310.0,0.0,0.0,0.0,,,,103365,판매중,웅진 자연은 고칼슘오렌지1.5L 12개,웅진 자연은 고칼슘오렌지1.5L 12개,9999
64cb34ee04a6e7d62defee5b,37-01,유한락스 레귤러 1L 12개,32000.0,41600.0,0.0,0.0,0.0,,,,11032,판매중,유한락스 레귤러 1L 12개,유한락스 레귤러 1L 12개,9999
64cb34f1a0edc65625e280f0,03-05.,백광 트래펑 1L 12개,25600.0,33280.0,0.0,0.0,0.0,,,,11033,판매중,백광 트래펑 1L 12개,백광 트래펑 1L 12개,9999
64cb34f2b083c11b2ae3cef5,32-19-03,해태 코코팜 포도 340ml 캔 24개,18900.0,24570.0,0.0,0.0,0.0,,,,103355,판매중,해태 코코팜 포도 340ml 캔 24개,해태 코코팜 포도 340ml 캔 24개,9999
64cb34f37d3d2991d3d11341,32-19-04,해태 코코팜 화이트요구르트 캔 340ml 24개,18900.0,24570.0,0.0,0.0,0.0,,,,103355,판매중,해태 코코팜 화이트요구르트 캔 340ml 24개,해태 코코팜 화이트요구르트 캔 340ml 24개,9999
64cb34f5a46ba01d17cf9e30,32-19-02,해태 코코팜 피치핑크 캔 340ml 24개,18600.0,24180.0,0.0,0.0,0.0,,,,103372,판매중,해태 코코팜 피치핑크 캔 340ml 24개,해태 코코팜 피치핑크 캔 340ml 24개,9999
64cb34f77c66a277ab57014e,32-13,해태 과일촌 아침에사과 1.5L 12개,33900.0,44070.0,0.0,0.0,0.0,,,,103365,판매중,해태 과일촌 아침에사과 1.5L 12개,해태 과일촌 아침에사과 1.5L 12개,9999
64cb34f9f1cdc7300812934a,32-01-02,해태 포도봉봉 340ml 24개,18900.0,24570.0,0.0,0.0,0.0,,,,103355,판매중,해태 포도봉봉 340ml 24개,해태 포도봉봉 340ml 24개,9999
64cb34fc2bbb5b34fb20177c,27-014,롯데칠성 핫식스 355ml 24개,24800.0,32240.0,0.0,0.0,0.0,,,,103391,판매중,롯데칠성 핫식스 355ml 24개,롯데칠성 핫식스 355ml 24개,9999
64cb34fd2adf1556d67987a1,31-44,환타 오렌지 1.5L 12개,27100.0,35230.0,0.0,0.0,0.0,,,,103413,판매중,환타 오렌지 1.5L 12개,환타 오렌지 1.5L 12개,9999
64cb34fe30f0df147a2c9131,31-45,환타 오렌지 페트 600ml 24개,36000.0,46800.0,0.0,0.0,0.0,,,,103413,판매중,환타 오렌지 페트 600ml 24개,환타 오렌지 페트 600ml 24개,9999
64cb3500b168e804a31cd0a1,31-42-02,환타 오렌지 캔 250ml 30개,22700.0,29510.0,0.0,0.0,0.0,,,,103413,판매중,환타 오렌지 캔 250ml 30개,환타 오렌지 캔 250ml 30개,9999
64cb350154181f3469839061,31-42,환타 오렌지 캔 190ml 30개,19800.0,25740.0,0.0,0.0,0.0,,,,103413,판매중,환타 오렌지 캔 190ml 30개,환타 오렌지 캔 190ml 30개,9999
64cb3502c5e459311e89e385,31-42-04,환타 파인 캔 250ml 30개,22700.0,29510.0,0.0,0.0,0.0,,,,103413,판매중,환타 파인 캔 250ml 30개,환타 파인 캔 250ml 30개,9999
64cb3504ea527ebdeb9da26f,23-54-03,웅진 자연은 요거새콤파인애플 1.5L 12개,18900.0,24570.0,0.0,0.0,0.0,,,,103365,판매중,웅진 자연은 요거새콤파인애플 1.5L 12개,웅진 자연은 요거새콤파인애플 1.5L 12개,9999
64cb35063457d6ac64615c15,29-05,일화 초정 탄산수 250ml 30개,16300.0,21190.0,0.0,0.0,0.0,,,,103350,판매중,일화 초정 탄산수 250ml 30개,일화 초정 탄산수 250ml 30개,9999
64cb35095f1740e5226a20f6,21-003,남양 과수원 사과 190ml 24개,10500.0,13650.0,0.0,0.0,0.0,,,,103365,판매중,남양 과수원 사과 190ml 24개,남양 과수원 사과 190ml 24개,9951
64cb350beb16b623d65f9970,21-003-01,남양 과수원 복숭아 190ml 24개,10500.0,13650.0,0.0,0.0,0.0,,,,103355,판매중,남양 과수원 복숭아 190ml 24개,남양 과수원 복숭아 190ml 24개,9997
64cb350c1c7370485a4c09b4,21-003-02,남양 과수원 청포도 190ml 24개,10500.0,13650.0,0.0,0.0,0.0,,,,103375,판매중,남양 과수원 청포도 190ml 24개,남양 과수원 청포도 190ml 24개,9959
64cb350ec23c7678ecf9658f,31-28,코카콜라 제로 500ml 24개,40400.0,49100.0,0.0,0.0,0.0,,,,103412,판매중,코카콜라 제로 500ml 24개,코카콜라 제로 500ml 24개,9999
64cb350f6f44275e10927e7f,28-09,동아 오란씨 오렌지 1.5L 12개,19800.0,25740.0,0.0,0.0,0.0,,,,103407,판매중,동아 오란씨 오렌지 1.5L 12개,동아 오란씨 오렌지 1.5L 12개,9999
64cb35114f211cfa8e49d620,31-01-04,코카콜라 245ml 30개(업소용),21100.0,27400.0,0.0,0.0,0.0,,,,103412,판매중,코카콜라 245ml 30개(업소용),코카콜라 245ml 30개(업소용),9871
64cb35133b5274f47f69bae0,26-02-02,웅진 가야 알로에농장 500ml 20개,28600.0,37180.0,0.0,0.0,0.0,,,,103367,판매중,웅진 가야 알로에농장 500ml 20개,웅진 가야 알로에농장 500ml 20개,9999
64cb3515eb2b344d98245902,26-02,웅진 가야농장 알로에1.5L 12개,28200.0,36660.0,0.0,0.0,0.0,,,,103367,판매중,웅진 가야농장 알로에1.5L 12개,웅진 가야농장 알로에1.5L 12개,9998
64cb3516a327c8e83508ba57,27-45-07,칸타타 콘트라베이스 콜드브루 스위트블랙 500ml 24개,32700.0,42510.0,0.0,0.0,0.0,,,,103964,판매중,칸타타 콘트라베이스 콜드브루 스위트블랙 500ml 24개,칸타타 콘트라베이스 콜드브루 스위트블랙 500ml 24개,9999
64cb3520ad973e39ff22d6bc,21-003-02,무배 남양 과수원 청포도 190ml 72개 (24개 X 3박스) 방학 아이 간식 멸균팩 주스,25100.0,32630.0,0.0,0.0,0.0,,,,103365,판매중,무배 남양 과수원 청포도 190ml 72개 (24개 X 3박스) 방학 아이 간식 멸균팩 주스,무배 남양 과수원 청포도 190ml 72개 (24개 X 3박스) 방학 아이 간식 멸균팩 주스,9999
64cb3521e7312df9c868e253,25-01-01,매일 카페라떼마일드 로어슈거 220ml 40개,53800.0,69940.0,0.0,0.0,0.0,,,,103964,판매중,매일 카페라떼마일드 로어슈거 220ml 40개,매일 카페라떼마일드 로어슈거 220ml 40개,9999
64cb35229b2d4a95557fafcd,25-01,매일 카페라떼마일드 220ml 40개,53800.0,69940.0,0.0,0.0,0.0,,,,103964,판매중,매일 카페라떼마일드 220ml 40개,매일 카페라떼마일드 220ml 40개,9999
64cb3525877cb699ec520a96,29-05-01,일화 초정 탄산수 190ml 60개,23700.0,30810.0,0.0,0.0,0.0,,,,103350,판매중,일화 초정 탄산수 190ml 60개,일화 초정 탄산수 190ml 60개,9999
64cb3527265e9847f8b9b082,25-50-08,하이트진로 토닉워터 홍차 제로 300ml PET 24입,20000.0,26000.0,0.0,0.0,0.0,,,,103407,판매중,하이트진로 토닉워터 홍차 제로 300ml PET 24입,하이트진로 토닉워터 홍차 제로 300ml PET 24입,9998
64cb352cf51bfe9889c2a137,25-02,매일 카페라떼 카라멜 마끼아또 220ml 40개,49800.0,64740.0,0.0,0.0,0.0,,,,103964,판매중,매일 카페라떼 카라멜 마끼아또 220ml 40개,매일 카페라떼 카라멜 마끼아또 220ml 40개,9999
64cb352ec9e433bf622c650c,27-15-02,롯데 펩시콜라 캔 190ml 90개,43000.0,55900.0,0.0,0.0,0.0,,,,103412,판매중,롯데 펩시콜라 캔 190ml 90개,롯데 펩시콜라 캔 190ml 90개,9999
64cb353292fdbe025265fb07,27-44,롯데 칸타타 프리미엄라떼 캔 175ml 90개,71500.0,92950.0,0.0,0.0,0.0,,,,103964,판매중,롯데 칸타타 프리미엄라떼 캔 175ml 90개,롯데 칸타타 프리미엄라떼 캔 175ml 90개,9999
64cb35331216b939f7ffffd3,27-01,롯데칠성 사이다 캔 190ml 90개,42400.0,55120.0,0.0,0.0,0.0,,,,103409,판매중,롯데칠성 사이다 캔 190ml 90개,롯데칠성 사이다 캔 190ml 90개,9997
64cb3534e57657122088a7d0,35-06,참맑은 헛개차 캔 175ml 90개,26900.0,34970.0,0.0,0.0,0.0,,,,103404,판매중,참맑은 헛개차 캔 175ml 90개,참맑은 헛개차 캔 175ml 90개,9998
64cb35364ccf7fca319675ff,35-01,참맑은 옥수수수염차 캔 175ml 90개,26900.0,34970.0,0.0,0.0,0.0,,,,103996,판매중,참맑은 옥수수수염차 캔 175ml 90개,참맑은 옥수수수염차 캔 175ml 90개,9992
64cb353847a1d09bc459ec9d,27-36,롯데 펩시콜라 캔 355ml(업소용) 48개,34200.0,44460.0,0.0,0.0,0.0,,,,103412,판매중,롯데 펩시콜라 캔 355ml(업소용) 48개,롯데 펩시콜라 캔 355ml(업소용) 48개,9999
64cb353a98640d7bd4b62499,27-15,롯데 펩시콜라 캔 250ml  60개,44300.0,57590.0,0.0,0.0,0.0,,,,103412,판매중,롯데 펩시콜라 캔 250ml  60개,롯데 펩시콜라 캔 250ml  60개,9999
64cb35401c234b7a1b1e42c9,27-16,롯데칠성 사이다355ml(업소용) 48개,37700.0,49010.0,0.0,0.0,0.0,,,,103409,판매중,롯데칠성 사이다355ml(업소용) 48개,롯데칠성 사이다355ml(업소용) 48개,9999
64cb3541edd9edcecce01df6,31-03-02,몬스터 에너지 몬스터 오리지날 그린 355ml 48개,69800.0,85800.0,0.0,0.0,0.0,,,,103391,판매중,몬스터 에너지 몬스터 오리지날 그린 355ml 48개,몬스터 에너지 몬스터 오리지날 그린 355ml 48개,9999
64cb3544e57657122088aa89,27-01-01,롯데칠성 사이다 캔 250ml 30개,26800.0,34840.0,0.0,0.0,0.0,,,,103409,판매중,롯데칠성 사이다 캔 250ml 30개,롯데칠성 사이다 캔 250ml 30개,9999
64cb35453b2f7c518768bcdb,27-01-01,롯데칠성 사이다 캔 250ml 60개,50900.0,66170.0,0.0,0.0,0.0,,,,103409,판매중,롯데칠성 사이다 캔 250ml 60개,롯데칠성 사이다 캔 250ml 60개,9999
64cb3546197c8d44e80fcafd,35-02,참맑은 녹차 캔 175ml 30개,10800.0,14040.0,0.0,0.0,0.0,,,,103397,판매중,참맑은 녹차 캔 175ml 30개,참맑은 녹차 캔 175ml 30개,9999
64cb35490060da0127917885,28-31,동아제약 박카스F 120ml 50개,41100.0,53430.0,0.0,0.0,0.0,,,,103387,판매중,동아제약 박카스F 120ml 50개,동아제약 박카스F 120ml 50개,9993
64cb354bc34c1361a4a716ef,31-47-01,환타 업소용 파인 355ml 24개,19600.0,25480.0,0.0,0.0,0.0,,,,103413,판매중,환타 파인 350ml 24개,환타 파인 350ml 24개,9995
64cb354fbf7631526a8598e8,22-10,팔도 뽀로로 딸기맛 235ml 24개,21800.0,28340.0,0.0,0.0,0.0,,,,100012,판매중,팔도 뽀로로 딸기맛 235ml 24개,팔도 뽀로로 딸기맛 235ml 24개,9999
64cb3550e5b106ffcda4fa4e,20-13,매일 피크닉 사과맛 200ml 24개,13100.0,17030.0,0.0,0.0,0.0,,,,103355,판매중,매일 피크닉 사과맛 200ml 24개,매일 피크닉 사과맛 200ml 24개,9999
64cb3552dc7ae19d7276ad95,23-17,웅진 하늘보리 1.5L 12개,18800.0,24440.0,0.0,0.0,0.0,,,,103396,판매중,웅진 하늘보리 1.5L 12개,웅진 하늘보리 1.5L 12개,9999
64cb35537d5cd5bdbf0d0557,31-46,코카콜라 환타 파인애플맛 600ml 24개,36000.0,46800.0,0.0,0.0,0.0,,,,103413,판매중,코카콜라 환타 파인애플맛 600ml 24개,코카콜라 환타 파인애플맛 600ml 24개,9999
64cb3555614065bb5fb26c90,31-05,코카콜라 1.5L 12개,39800.0,51400.0,0.0,0.0,0.0,,,,103412,판매중,코카콜라 1.5L 12개,코카콜라 1.5L 12개,9999
64cb35562bbb5b34fb201d55,31-55,캐나다드라이 클럽소다 250ml 30개,19900.0,25870.0,0.0,0.0,0.0,,,,103407,판매중,캐나다드라이 클럽소다 250ml 30개,캐나다드라이 클럽소다 250ml 30개,9999
64cb3557379a3b1c1043cf02,31-29,캐나다드라이 진저엘 캔 250ml 30개 토닉워터캔,19900.0,25870.0,0.0,0.0,0.0,,,,103407,판매중,캐나다드라이 진저엘 캔 250ml 30개 토닉워터캔,캐나다드라이 진저엘 캔 250ml 30개 토닉워터캔,9999
64cb35592005ebaf921ae2c9,15-40-03,백설 갈색설탕 1kg 16개,48800.0,63440.0,0.0,0.0,0.0,,,,103132,판매중,백설 갈색설탕 1kg 16개,백설 갈색설탕 1kg 16개,9999
64cb355a5efe2e76e42b828b,28-20,동아제약 오란씨 파인애플맛 250ml 30개,16600.0,21580.0,0.0,0.0,0.0,,,,103407,판매중,동아제약 오란씨 파인애플맛 250ml 30개,동아제약 오란씨 파인애플맛 250ml 30개,9999
64cb355cdc8fd7dccddc2d87,31-50-01,토레타 500ml 24개,26100.0,32900.0,0.0,0.0,0.0,,,,13335,판매중,토레타 500ml 24개,토레타 500ml 24개,9999
64cb355dfe57eb439dff1fc9,31-01-05,코카콜라 250ml 30개,32800.0,42500.0,0.0,0.0,0.0,,,,103412,판매중,코카콜라 250ml 30개,코카콜라 250ml 30개,9999
64cb356012091e97c2fce680,18-02,삼아 베이크드빈스 400g 24개,31500.0,40950.0,0.0,0.0,0.0,,,,103092,판매중,삼아 베이크드빈스 400g 24개,삼아 베이크드빈스 400g 24개,9999
64cb3565a172335d0ff66ecd,03-05,백광 트래펑 2L 6개,22800.0,29640.0,0.0,0.0,0.0,,,,11034,판매중,백광 트래펑 2L 6개,백광 트래펑 2L 6개,9999
64cb3567a9f3812b9adfd891,31-03-03,몬스터에너지 울트라시트라 355ml 24개,36500.0,44400.0,0.0,0.0,0.0,,,,103391,판매중,몬스터에너지 울트라시트라 355ml 24개,몬스터에너지 울트라시트라 355ml 24개,9999
64cb35689a2ae5c70a17904f,15-87-04,백설 요리 올리고당1.2kg 9개,34100.0,44330.0,0.0,0.0,0.0,,,,13428,판매중,백설 요리 올리고당1.2kg 9개,백설 요리 올리고당1.2kg 9개,9999
64cb356b64412834bcc3f370,30-12-01,블랙보리 520ml 20개,18900.0,24570.0,0.0,0.0,0.0,,,,103398,판매중,블랙보리 520ml 20개,블랙보리 520ml 20개,9994
64cb356ecaecca3865eb7d6e,20-03-01,광동 옥수수수염차 1.5L 12개,20500.0,26650.0,0.0,0.0,0.0,,,,103402,판매중,광동 옥수수수염차 1.5L 12개,광동 옥수수수염차 1.5L 12개,9998
64cb356f654b55863f0ce064,20-09-01,광동 헛개차 1.5L 12개,19800.0,25740.0,0.0,0.0,0.0,,,,103404,판매중,광동 헛개차 1.5L 12개,광동 헛개차 1.5L 12개,9999
64cb357056978798acf25002,22-05.,비락 식혜 500ml 12개,18000.0,23400.0,0.0,0.0,0.0,,,,103378,판매중,비락 식혜 500ml 12개,비락 식혜 500ml 12개,9999
64cb3572bf3525691fe1be76,22-11-01,팔도 뽀로로 사과맛 235ml 24개,21800.0,28340.0,0.0,0.0,0.0,,,,100012,판매중,팔도 뽀로로 사과맛 235ml 24개,팔도 뽀로로 사과맛 235ml 24개,9999
64cb3573cc937f99cd44429d,23-08,웅진 초록매실 500ml 20개,27400.0,35620.0,0.0,0.0,0.0,,,,103362,판매중,웅진 초록매실 500ml 20개,웅진 초록매실 500ml 20개,9998
64cb357652f08f66771f4be1,01-42,농심 프링글스 핫 앤 스파이시 110g 12개,24700.0,32110.0,0.0,0.0,0.0,,,,103474,판매중,농심 프링글스 핫 앤 스파이시 110g 12개,농심 프링글스 핫 앤 스파이시 110g 12개,9999
64cb3579c5315552a6b8fd96,02-22,항균 트리오 2kg 6개,23400.0,30420.0,0.0,0.0,0.0,,,,11025,판매중,항균 트리오 2kg 6개,항균 트리오 2kg 6개,9999
64cb357aa327c8e83508bf5b,22-13,팔도 뽀로로 블루베리 235ml 24개,22000.0,28600.0,0.0,0.0,0.0,,,,100012,판매중,팔도 뽀로로 블루베리 235ml 24개,팔도 뽀로로 블루베리 235ml 24개,9999
64cb357bb7f34a1a22390ddd,23-54-01,웅진 자연은 요거풋풋사과 1.5L 12개,19500.0,25350.0,0.0,0.0,0.0,,,,103365,판매중,웅진 자연은 요거풋풋사과 1.5L 12개,웅진 자연은 요거풋풋사과 1.5L 12개,9998
64cb3580bf7631526a859d6d,22-12,팔도 뽀로로 보리차 220ml 24개,21600.0,28080.0,0.0,0.0,0.0,,,,100012,판매중,팔도 뽀로로 보리차 220ml 24개,팔도 뽀로로 보리차 220ml 24개,9999
64cb35816f44275e1092851f,29-03,일화 맥콜 500ml 20개,22300.0,28990.0,0.0,0.0,0.0,,,,103407,판매중,일화 맥콜 500ml 20개,일화 맥콜 500ml 20개,9997
64cb358232194f45f3ebae1a,31-04-01,코카콜라 500ml 24개,44900.0,58370.0,0.0,0.0,0.0,,,,103412,판매중,코카콜라 500ml 24개,코카콜라 500ml 24개,9999
64cb3583ee928fa6d3963b2e,31-04-02,코카콜라 500ml (업소용) 24개,23400.0,29000.0,0.0,0.0,0.0,,,,103412,판매중,코카콜라 500ml (업소용) 24개,코카콜라 500ml (업소용) 24개,9984
64cb3585ab04bf5377220f73,31-17-02,스프라이트 190ml 30개,19800.0,25700.0,0.0,0.0,0.0,,,,103409,판매중,스프라이트 190ml 30개,스프라이트 190ml 30개,9999
64cb35863132dd56dedc73b0,37-09,유한 펑크린 1L 12개,30100.0,39130.0,0.0,0.0,0.0,,,,11033,판매중,유한 펑크린 1L 12개,유한 펑크린 1L 12개,9999
64cb3589f1cdc73008129e68,31-03-02,몬스터 에너지 드링크 오리지날 그린 355ml 24개,36500.0,46800.0,0.0,0.0,0.0,,,,103391,판매중,몬스터 에너지 드링크 오리지날 그린 355ml 24개,몬스터 에너지 드링크 오리지날 그린 355ml 24개,9999
64cb358af8f2ad252a3746c5,31-03-01,몬스터 에너지 드링크 울트라 355ml 24개,36500.0,44300.0,0.0,0.0,0.0,,,,103391,판매중,몬스터 에너지 드링크 울트라 355ml 24개,몬스터 에너지 드링크 울트라 355ml 24개,9989
64cb358c969ac64419a032f5,22-06,팔도 비락 생칡즙 100ml 40개,35000.0,45500.0,0.0,0.0,0.0,,,,103203,판매중,팔도 비락 생칡즙 100ml 40개,팔도 비락 생칡즙 100ml 40개,9999
64cb358d7f3710f3f2717a5d,26-27-03,웅진 티즐 제로 피치우롱티 500ml 20개,21600.0,28080.0,0.0,0.0,0.0,,,,103396,판매중,웅진 티즐 제로 피치우롱티 500ml 20개,웅진 티즐 제로 피치우롱티 500ml 20개,9997
64cb358fbc25118a82fe9d68,10-21-04,유동 순살왕꼬막 앤 골뱅이 280g 24개,115700.0,150410.0,0.0,0.0,0.0,,,,103080,판매중,유동 순살왕꼬막 앤 골뱅이 280g 24개,유동 순살왕꼬막 앤 골뱅이 280g 24개,9999
64cb35967d3d2991d3d11d92,24-49-04,카프리썬 사과 200ml 40개,24100.0,31330.0,0.0,0.0,0.0,,,,103365,판매중,카프리썬 사과 200ml 40개,카프리썬 사과 200ml 40개,9999
64cb3597bfcf7cfdabf28b03,24-49,카프리썬 오렌지 200ml 40개,24100.0,31330.0,0.0,0.0,0.0,,,,103355,판매중,카프리썬 오렌지 200ml 40개,카프리썬 오렌지 200ml 40개,9999
64cb359b71d9f152be6ff71f,24-49-01,카프리썬 오렌지망고 200ml 40개,24100.0,31330.0,0.0,0.0,0.0,,,,103355,판매중,카프리썬 오렌지망고 200ml 40개,카프리썬 오렌지망고 200ml 40개,9999
64cb359d147d3093e387af98,24-49-02,카프리썬 사파리 200ml 40개,24100.0,31330.0,0.0,0.0,0.0,,,,103355,판매중,카프리썬 사파리 200ml 40개,카프리썬 사파리 200ml 40개,9999
64cb35a8e04429d46f03dec6,26-05,웅진 가야 복숭아농장 1.5L 12개,32400.0,42120.0,0.0,0.0,0.0,,,,103396,판매중,웅진 가야 복숭아농장 1.5L 12개,웅진 가야 복숭아농장 1.5L 12개,9999
64cb35af3afe8712ad20a9c7,55-04,이노엔 헛개수 500ml 20개,18200.0,23660.0,0.0,0.0,0.0,,,,103404,판매중,이노엔 헛개수 500ml 20개,이노엔 헛개수 500ml 20개,9998
64cb35b58ce1a75d843c95be,23-35,웅진 헛개차 500ml 20개,17300.0,22490.0,0.0,0.0,0.0,,,,103404,판매중,웅진 헛개차 500ml 20개,웅진 헛개차 500ml 20개,9999
64cb35b86e62854e1215e39c,27-17-05,롯데 트레비 자몽 500ml 6개,8700.0,11310.0,0.0,0.0,0.0,,,,103350,판매중,롯데 트레비 자몽 500ml 6개,롯데 트레비 자몽 500ml 6개,9999
64cb35ba557205fcd0041502,27-28-01,롯데칠성 사이다 1.5L 12개,31400.0,40820.0,0.0,0.0,0.0,,,,103409,판매중,롯데칠성 사이다 1.5L 12개,롯데칠성 사이다 1.5L 12개,9999
64cb35bb2ec8ed4fb858ba65,27-28-02,롯데칠성 사이다 제로 1.5L 12개,29700.0,38610.0,0.0,0.0,0.0,,,,103409,판매중,롯데칠성 사이다 제로 1.5L 12개,롯데칠성 사이다 제로 1.5L 12개,9999
64cb35bc3132dd56dedc76d9,29-23,일화 천연사이다 500ml 20개,19100.0,24830.0,0.0,0.0,0.0,,,,103409,판매중,일화 천연사이다 500ml 20개,일화 천연사이다 500ml 20개,9994
64cb35be34ec9b29bef00de7,32-30-01,해태 갈아만든배 사이다 1.5L 12개,27800.0,36140.0,0.0,0.0,0.0,,,,103363,판매중,해태 갈아만든배 사이다 1.5L 12개,해태 갈아만든배 사이다 1.5L 12개,9999
64cb35bf692eb4b18030777e,32-30-02,해태 갈아만든배 사이다 355ml 24개,18200.0,23660.0,0.0,0.0,0.0,,,,100011,판매중,해태 갈아만든배 사이다 355ml 24개,해태 갈아만든배 사이다 355ml 24개,9999
64cb35c53afe8712ad20acd6,28-51,현대제약 미에로화이바 210ml 40개,35400.0,46020.0,0.0,0.0,0.0,,,,103392,판매중,현대제약 미에로화이바 210ml 40개,현대제약 미에로화이바 210ml 40개,9999
64cb35c77236dc8a6de576f4,29-19,일화 맥콜 (업소용) 캔 190ml 30개,14300.0,18590.0,0.0,0.0,0.0,,,,103406,판매중,일화 맥콜 (업소용) 캔 190ml 30개,일화 맥콜 (업소용) 캔 190ml 30개,9999
64cb35ca73bdc260e53343c1,23-54-02,웅진 자연은 요거상큼복숭아 1.5L 12개,19100.0,24830.0,0.0,0.0,0.0,,,,103355,판매중,웅진 자연은 요거상큼복숭아 1.5L 12개,웅진 자연은 요거상큼복숭아 1.5L 12개,9997
64cb35cbee87dd79fa3cf570,24-702,동서 스타벅스 프라푸치노 모카 281ml 16개,40200.0,52260.0,0.0,0.0,0.0,,,,13337,판매중,동서 스타벅스 프라푸치노 모카 281ml 16개,동서 스타벅스 프라푸치노 모카 281ml 16개,9999
64cb35cec5fe6eb885639221,37-06,유한 펑크린 2L 6개,28500.0,37050.0,0.0,0.0,0.0,,,,11033,판매중,유한 펑크린 2L 6개,유한 펑크린 2L 6개,9998
64cb35d1de4856d377758ad7,08-01,CJ라이온 참그린 녹차 뽀드득 주방세제 1kg 12개,52400.0,68120.0,0.0,0.0,0.0,,,,11025,판매중,CJ라이온 참그린 녹차 뽀드득 주방세제 1kg 12개,CJ라이온 참그린 녹차 뽀드득 주방세제 1kg 12개,9999
64cb35d2b168e804a31cde99,15-05,CJ 스팸 클래식 1.81kg 6개,143800.0,186940.0,0.0,0.0,0.0,,,,103090,판매중,CJ 스팸 클래식 1.81kg 6개,CJ 스팸 클래식 1.81kg 6개,9999
64cb35d673428b7e044fa709,20-18,광동 옥수수수염차 캔 180ml 30개,14400.0,18720.0,0.0,0.0,0.0,,,,103402,판매중,광동 옥수수수염차 캔 180ml 30개,광동 옥수수수염차 캔 180ml 30개,9999
64cb35d88ec1674327373e34,10-01,유동 자연산골뱅이 230g 24개,149100.0,193830.0,0.0,0.0,0.0,,,,103080,판매중,유동 자연산골뱅이 230g 24개,유동 자연산골뱅이 230g 24개,9999
64cb35d9c23c7678ecf97388,08-32,백설 포도씨유 900ml 12개,84300.0,109590.0,0.0,0.0,0.0,,,,13440,판매중,백설 포도씨유 900ml 12개,백설 포도씨유 900ml 12개,9999
64cb35dba0edc65625e28f2a,54-21,팔도 비빔면 멀티팩(5개입) 8개,40600.0,52780.0,0.0,0.0,0.0,,,,13213,판매중,팔도 비빔면 멀티팩(5개입) 8개,팔도 비빔면 멀티팩(5개입) 8개,9999
64cb35dd9cbc4603c3f41536,31-10,코카콜라 조지아 오리지날240ml 30개,19500.0,25350.0,0.0,0.0,0.0,,,,103964,판매중,코카콜라 조지아 오리지날240ml 30개,코카콜라 조지아 오리지날240ml 30개,9999
64cb35e09cbc4603c3f41547,29-01,일화 맥콜 250ml 30개,18800.0,24440.0,0.0,0.0,0.0,,,,103407,판매중,일화 맥콜 250ml 30개,일화 맥콜 250ml 30개,9999
64cb35e19cbc4603c3f41550,14-01,펭귄 꽁치(한마리) 400g 24개,87400.0,113620.0,0.0,0.0,0.0,,,,103078,판매중,펭귄 꽁치(한마리) 400g 24개,펭귄 꽁치(한마리) 400g 24개,9999
64cb35e2c5315552a6b9036e,14-12,HC꽁치 400g(강구나루) 24개,71500.0,92950.0,0.0,0.0,0.0,,,,103078,판매중,HC꽁치 400g(강구나루) 24개,HC꽁치 400g(강구나루) 24개,9999
64cb35e7265e9847f8b9ba3d,27-11,롯데 펩시콜라(업소용) 500ml 20개,17200.0,22360.0,0.0,0.0,0.0,,,,103412,판매중,롯데 펩시콜라(업소용) 500ml 20개,롯데 펩시콜라(업소용) 500ml 20개,9831
64cb35e82adf1556d679970f,08-47,라이온 비트 2.7kg 4개,28700.0,37310.0,0.0,0.0,0.0,,,,100364,판매중,라이온 비트 2.7kg 4개,라이온 비트 2.7kg 4개,9999
64cb35ea7b833dbe00d56281,28-01,동아제약 포카리스웨트 캔 245ml 30개,24400.0,31720.0,0.0,0.0,0.0,,,,13335,판매중,동아제약 포카리스웨트 캔 245ml 30개,동아제약 포카리스웨트 캔 245ml 30개,9999
64cb35eb41db903333e946bd,27-05,롯데 솔의눈 240ml 30개,22400.0,29120.0,0.0,0.0,0.0,,,,13335,판매중,롯데 솔의눈 240ml 30개,롯데 솔의눈 240ml 30개,9999
64cb35ed6c15284c1c0b5e46,28-04,동아제약 포카리스웨트 340ml 24개,20700.0,26910.0,0.0,0.0,0.0,,,,13335,판매중,동아제약 포카리스웨트 340ml 24개,동아제약 포카리스웨트 340ml 24개,9999
64cb35eec34c1361a4a72127,27-03,롯데 실론티 240ml 30개,18600.0,24180.0,0.0,0.0,0.0,,,,103396,판매중,롯데 실론티 240ml 30개,롯데 실론티 240ml 30개,9999
64cb35f027c898eafc6e8f13,32-01,해태 포도봉봉 238ml 72개,42800.0,55640.0,0.0,0.0,0.0,,,,103375,판매중,해태 포도봉봉 238ml 72개,해태 포도봉봉 238ml 72개,9999
64cb35f350a252905d509b72,24-02,동서 제티초코 175ml 30개,17700.0,23010.0,0.0,0.0,0.0,,,,103879,판매중,동서 제티초코 175ml 30개,동서 제티초코 175ml 30개,9999
64cb35f67f3710f3f27180b2,27-25-01,롯데칠성 사이다 500ml (업소용) 20개,20600.0,26780.0,0.0,0.0,0.0,,,,103409,판매중,롯데칠성 사이다 500ml (업소용) 20개,롯데칠성 사이다 500ml (업소용) 20개,9977
64cb35f854ad6ef750afacd3,27-04,롯데칠성 밀키스 250ml 30개,22100.0,28730.0,0.0,0.0,0.0,,,,103408,판매중,롯데칠성 밀키스 250ml 30개,롯데칠성 밀키스 250ml 30개,9994
64cb35fc47cf2706a72a3116,27-44,롯데 칸타타 프리미엄라떼 175ml 30개,25900.0,33670.0,0.0,0.0,0.0,,,,103964,판매중,롯데 칸타타 프리미엄라떼 175ml 30개,롯데 칸타타 프리미엄라떼 175ml 30개,9999
64cb35fd2ec8ed4fb858bd3c,02-16,애경 스파크R 5.5kg 3개,27600.0,35880.0,0.0,0.0,0.0,,,,11029,판매중,애경 스파크R 5.5kg 3개,애경 스파크R 5.5kg 3개,9999
64cb3600b3b0c2c3c0263e1a,27-15,롯데 펩시콜라 250ml 30개,23500.0,30550.0,0.0,0.0,0.0,,,,103412,판매중,롯데 펩시콜라 250ml 30개,롯데 펩시콜라 250ml 30개,9999
64cb36038b1e82a37a24d88e,28-52,현대제약 미에로화이바 350ml 24개,27200.0,35360.0,0.0,0.0,0.0,,,,13335,판매중,현대제약 미에로화이바 350ml 24개,현대제약 미에로화이바 350ml 24개,9999
64cb3604c9e433bf622c7450,23-40.,일화 목에는 맑은하늘 도라지차 340ml 20개,16100.0,20930.0,0.0,0.0,0.0,,,,103396,판매중,일화 목에는 맑은하늘 도라지차 340ml 20개,일화 목에는 맑은하늘 도라지차 340ml 20개,9999
64cb360612091e97c2fcef3a,28-50,현대제약 미에로화이바 100ml 100개,54400.0,70720.0,0.0,0.0,0.0,,,,103392,판매중,현대제약 미에로화이바 100ml 100개,현대제약 미에로화이바 100ml 100개,9999
64cb3609282829c344e9b74a,22-11,팔도 뽀로로 밀크맛 235ml 24개,21800.0,28340.0,0.0,0.0,0.0,,,,100012,판매중,팔도 뽀로로 밀크맛 235ml 24개,팔도 뽀로로 밀크맛 235ml 24개,9999
64cb360a654b55863f0cea2d,27-28,롯데칠성 사이다 1.25L (업소용) 12개,20600.0,26780.0,0.0,0.0,0.0,,,,103409,판매중,롯데칠성 사이다 1.25L (업소용) 12개,롯데칠성 사이다 1.25L (업소용) 12개,9995
64cb360ce5b106ffcda50678,27-03-01,롯데칠성 실론티175ml(업소용) 30개,14200.0,18460.0,0.0,0.0,0.0,,,,103409,판매중,롯데칠성 실론티175ml(업소용) 30개,롯데칠성 실론티175ml(업소용) 30개,9999
64cb360f5ac30f7891fcf970,31-23,코카콜라 킨사이다(업소용) 1.5L 12개,17100.0,21700.0,0.0,0.0,0.0,,,,103409,판매중,코카콜라 킨사이다(업소용) 1.5L 12개,코카콜라 킨사이다(업소용) 1.5L 12개,9990
64cb3610fa7f1961192ac503,27-15-02,롯데 펩시콜라 190ml 30개,16400.0,21320.0,0.0,0.0,0.0,,,,103412,판매중,롯데 펩시콜라 190ml 30개,롯데 펩시콜라 190ml 30개,9999
64cb36127b833dbe00d564bd,27-26,롯데칠성 펩시콜라 1.5L 12개,28700.0,37310.0,0.0,0.0,0.0,,,,103412,판매중,롯데칠성 펩시콜라 1.5L 12개,롯데칠성 펩시콜라 1.5L 12개,9999
64cb361392dce1f9d0b5f613,27-24-01,롯데 게토레이 1.5L 12개,26800.0,33700.0,0.0,0.0,0.0,,,,13335,판매중,롯데 게토레이 1.5L 12개,롯데 게토레이 1.5L 12개,9994
64cb36161a75e634d8faed39,10-14-02,유동 뚝배기번데기탕(구수한맛) 280g 24개,44000.0,57200.0,0.0,0.0,0.0,,,,103081,판매중,유동 뚝배기번데기탕(구수한맛) 280g 24개,유동 뚝배기번데기탕(구수한맛) 280g 24개,9999
64cb361857891ca155f4d4c8,10-14,유동 뚝배기 번데기탕(얼큰한 맛) 280g 24개,44000.0,57200.0,0.0,0.0,0.0,,,,103081,판매중,유동 뚝배기 번데기탕(얼큰한 맛) 280g 24개,유동 뚝배기 번데기탕(얼큰한 맛) 280g 24개,9999
64cb36190afa03bcbbf32dde,10-00,유동 자연산 골뱅이 400g 24개,233800.0,303940.0,0.0,0.0,0.0,,,,103080,판매중,유동 자연산 골뱅이 400g 24개,유동 자연산 골뱅이 400g 24개,9999
64cb361aea6b7c63d480644b,10-08-02,유동 황도슬라이스 400g 24개,32200.0,41860.0,0.0,0.0,0.0,,,,103082,판매중,유동 황도슬라이스 400g 24개,유동 황도슬라이스 400g 24개,9996
64cb361c50ad9c6cb5427f3c,23-333,웅진 광명찾은 결명자차 500ml 20개,17300.0,22490.0,0.0,0.0,0.0,,,,103396,판매중,웅진 광명찾은 결명자차 500ml 20개,웅진 광명찾은 결명자차 500ml 20개,9998
64cb361dbbd370db9742edbd,28-02,동아오츠카 포카리스웨트 1.5L 12개,30200.0,39260.0,0.0,0.0,0.0,,,,13335,판매중,동아오츠카 포카리스웨트 1.5L 12개,동아오츠카 포카리스웨트 1.5L 12개,9985
64cb361eaa28c02c45d83765,10-29,유동 번데기 280g 24개,39800.0,51740.0,0.0,0.0,0.0,,,,103081,판매중,유동 번데기 280g 24개,유동 번데기 280g 24개,9999
64cb362276d625c5ffb3ecde,23-13,웅진 아침햇살 500ml 20개,26700.0,34710.0,0.0,0.0,0.0,,,,103387,판매중,웅진 아침햇살 500ml 20개,웅진 아침햇살 500ml 20개,9999
64cb3625197c8d44e80fdc6e,12-01-01,동원 보성녹차 340ml 24개,14700.0,19110.0,0.0,0.0,0.0,,,,103397,판매중,동원 보성녹차 340ml 24개,동원 보성녹차 340ml 24개,9999
64cb3628bac48803634ff9c2,20-01-01,광동 옥수수수염차 340ml 20개,17700.0,23010.0,0.0,0.0,0.0,,,,103396,판매중,광동 옥수수수염차 340ml 20개,광동 옥수수수염차 340ml 20개,9999
64cb362981c79be79926923b,27-25,롯데칠성 사이다 500ml 20개,31400.0,40820.0,0.0,0.0,0.0,,,,103409,판매중,롯데칠성 사이다 500ml 20개,롯데칠성 사이다 500ml 20개,9999
64cb362c64399dda753d203d,31-01-01,코카콜라 190ml 30개,21300.0,25900.0,0.0,0.0,0.0,,,,103412,판매중,코카콜라 190ml 30개,코카콜라 190ml 30개,9999
64cb362d0268c864216cfdbd,16-51-03,동원 친친오리지널 치즈 소시지 80g 10개,9700.0,12610.0,0.0,0.0,0.0,,,,103336,판매중,동원 친친오리지널 치즈 소시지 80g 10개,동원 친친오리지널 치즈 소시지 80g 10개,9999
64cb362ee6af34d9914c3da2,14-02-02,펭귄 고등어 통조림 400g 24개,70200.0,91260.0,0.0,0.0,0.0,,,,103078,판매중,펭귄 고등어 통조림 400g 24개,펭귄 고등어 통조림 400g 24개,9999
64cb36321c7370485a4c1c49,27-26-01,롯데 펩시콜라(업소용) 1.25L 12개,17300.0,22490.0,0.0,0.0,0.0,,,,103412,판매중,롯데 펩시콜라(업소용) 1.25L 12개,롯데 펩시콜라(업소용) 1.25L 12개,9965
64cb3634773bd361af9c58fe,31-17,스프라이트 캔 355ml 24개 업소용,19400.0,23700.0,0.0,0.0,0.0,,,,103409,판매중,스프라이트 캔 355ml 24개 업소용,스프라이트 캔 355ml 24개 업소용,9998
64cb363654eaa4bc124f1232,20-07,광동 남헛개차 340ml 20개,17200.0,22360.0,0.0,0.0,0.0,,,,103390,판매중,광동 남헛개차 340ml 20개,광동 남헛개차 340ml 20개,9999
64cb3637d42cac586dd354cc,27-04-01,롯데칠성 밀키스 캔 340ml 24개,17700.0,23010.0,0.0,0.0,0.0,,,,103408,판매중,롯데칠성 밀키스 캔 340ml 24개,롯데칠성 밀키스 캔 340ml 24개,9990
64cb3638edd9edcecce02d3a,20-04,광동제약 비타500 100ml 100개,55200.0,71760.0,0.0,0.0,0.0,,,,103389,판매중,광동제약 비타500 100ml 100개,광동제약 비타500 100ml 100개,9999
64cb36398ec167432737445d,29-24,일화 천연사이다 1.5L 12개,19400.0,25220.0,0.0,0.0,0.0,,,,103409,판매중,일화 천연사이다 1.5L 12개,일화 천연사이다 1.5L 12개,9999
64cb363b80a52b224fc76570,20-08-04,광동제약 남 헛개차 500ml 20개,21000.0,27300.0,0.0,0.0,0.0,,,,103404,판매중,광동제약 남 헛개차 500ml 20개,광동제약 남 헛개차 500ml 20개,9999
64cb363cba78d1563824fd3f,20-05,광동제약 비타500 180ml 40개,37200.0,48360.0,0.0,0.0,0.0,,,,103389,판매중,광동제약 비타500 180ml 40개,광동제약 비타500 180ml 40개,9999
64cb363e167be2d52dd69bff,01-40,농심 프링글스 오리지날 110g 12개,24400.0,31720.0,0.0,0.0,0.0,,,,103474,판매중,농심 프링글스 오리지날 110g 12개,농심 프링글스 오리지날 110g 12개,9999
64cb3642cea20e0089eda333,32-02,해태 갈아만든배 238ml 72개,44000.0,57200.0,0.0,0.0,0.0,,,,103363,판매중,해태 갈아만든배 238ml 72개,해태 갈아만든배 238ml 72개,9999
64cb3643692eb4b180307f1f,32-30,해태 갈아만든배 1.5L 12개,32300.0,41990.0,0.0,0.0,0.0,,,,103363,판매중,해태 갈아만든배 1.5L 12개,해태 갈아만든배 1.5L 12개,9997
64cb3645b96e45f13ae68581,32-05,해태 코코팜 포도 238ml 72개,42800.0,55640.0,0.0,0.0,0.0,,,,103372,판매중,해태 코코팜 포도 238ml 72개,해태 코코팜 포도 238ml 72개,9999
64cb3648a261820e568c9186,23-23,웅진 자연은 알로에 1.5L 12개,32100.0,41730.0,0.0,0.0,0.0,,,,103365,판매중,웅진 자연은 알로에 1.5L 12개,웅진 자연은 알로에 1.5L 12개,9999
64cb3650f5e477c23e15b1e7,23-28,웅진 자연은 토마토 1.5L 12개,32300.0,41990.0,0.0,0.0,0.0,,,,103373,판매중,웅진 자연은 토마토 1.5L 12개,웅진 자연은 토마토 1.5L 12개,9995
64cb3653bf3525691fe1cbcb,31-13-03,파워에이드 600ml 페트 20개,30100.0,39130.0,0.0,0.0,0.0,,,,103391,판매중,파워에이드 600ml 페트 20개,파워에이드 600ml 페트 20개,9999
64cb36546a3313050072cb10,31-47,환타 업소용 오렌지 캔 355ml 24개,19600.0,25480.0,0.0,0.0,0.0,,,,103413,판매중,환타 오렌지 캔 350ml 24개,환타 오렌지 캔 350ml 24개,9994
64cb365664399dda753d22c4,14-10,펭귄 황도 슬라이스 400g 24개,35200.0,45760.0,0.0,0.0,0.0,,,,103082,판매중,펭귄 황도 슬라이스 400g 24개,펭귄 황도 슬라이스 400g 24개,9938
64cb365785a8167da916ca31,21-108-01,남양 커피믹스 루카스나인 라떼 30T 4개,44400.0,57720.0,0.0,0.0,0.0,,,,103968,판매중,남양 커피믹스 루카스나인 라떼 30T 4개,남양 커피믹스 루카스나인 라떼 30T 4개,9999
64cb36595ac30f7891fd0076,21-108-02,남양 커피믹스 루카스나인 바닐라라떼 30T 4개,48000.0,62400.0,0.0,0.0,0.0,,,,103968,판매중,남양 커피믹스 루카스나인 바닐라라떼 30T 4개,남양 커피믹스 루카스나인 바닐라라떼 30T 4개,9999
64cb365ab11ab1f4d0c07eb8,21-108-05,남양 커피믹스 루카스나인 더블샷라떼 30T 4개,47800.0,62140.0,0.0,0.0,0.0,,,,103968,판매중,남양 커피믹스 루카스나인 더블샷라떼 30T 4개,남양 커피믹스 루카스나인 더블샷라떼 30T 4개,9999
64cb365c9e31a2d324764e45,27-24,롯데칠성 게토레이 600ml 20개,25000.0,32500.0,0.0,0.0,0.0,,,,13335,판매중,롯데칠성 게토레이 600ml 20개,롯데칠성 게토레이 600ml 20개,9996
64cb365d282829c344e9bb11,29-22,일화 천연사이다 250ml 30개,16600.0,21580.0,0.0,0.0,0.0,,,,103409,판매중,일화 천연사이다 250ml 30개,일화 천연사이다 250ml 30개,9999
64cb365fdc7ae19d7276c1bc,29-02,일화 맥콜 1.5L 12개,21800.0,28340.0,0.0,0.0,0.0,,,,103407,판매중,일화 맥콜 1.5L 12개,일화 맥콜 1.5L 12개,9999
64cb366057891ca155f4d973,29-04-02,일화 천연사이다 350ml 24개,16600.0,21580.0,0.0,0.0,0.0,,,,103409,판매중,일화 천연사이다 350ml 24개,일화 천연사이다 350ml 24개,9999
64cb3662bc25118a82fea81f,27-330,롯데칠성 마운틴듀 355ml 24개,17700.0,23010.0,0.0,0.0,0.0,,,,103407,판매중,롯데칠성 마운틴듀 355ml 24개,롯데칠성 마운틴듀 355ml 24개,9999
64cb3663267dad678f9f1dc4,31-24,코카콜라 닥터페퍼 350ml 24개,19300.0,25090.0,0.0,0.0,0.0,,,,103407,판매중,코카콜라 닥터페퍼 350ml 24개,코카콜라 닥터페퍼 350ml 24개,9997
64d0594c5e1ea3b931e37488,31-03-05,코카콜라 355ml(업소용) 24개,23000.0,28600.0,0.0,0.0,0.0,,,,103412,판매중,코카콜라 355ml(업소용) 24개,코카콜라 355ml(업소용) 24개,9890
64d0750296f9231099a4a2e3,21-08,남양 17차 500ml 20개,17300.0,22490.0,0.0,0.0,0.0,,,,103396,판매중,남양 17차 500ml 20개,남양 17차 500ml 20개,9990
64d075b87370fb6cac095496,54-01,농심 신라면 멀티팩(5개입) 8개,35600.0,46280.0,0.0,0.0,0.0,,,,13213,판매중,농심 신라면 멀티팩(5개입) 8개,농심 신라면 멀티팩(5개입) 8개,9999
64d0766e46f448f0d5a22d6f,24-05,농심 웰치스 포도 355ml 24개,20600.0,26780.0,0.0,0.0,0.0,,,,103411,판매중,농심 웰치스 포도 355ml 24개,농심 웰치스 포도 355ml 24개,9999
64d077252f3eb61a24a5424b,20-15,광동 헛개차 캔 175ml 30개 (업소용),11400.0,14820.0,0.0,0.0,0.0,,,,103404,판매중,광동 헛개차 캔 175ml 30개 (업소용),광동 헛개차 캔 175ml 30개 (업소용),9981
64d07a4653698b30540b5488,29-10-01,일화 천연사이다 190ml 30개,12300.0,15990.0,0.0,0.0,0.0,,,,103409,판매중,일화 천연사이다 190ml 30개,일화 천연사이다 190ml 30개,9991
64d07ab5b6c3a8316ef786fa,35-05,참맑은 홍차 175ml 30개,11500.0,14950.0,0.0,0.0,0.0,,,,103355,판매중,참맑은 홍차 175ml 30개,참맑은 홍차 175ml 30개,9999
64d07b283d7042430da1da38,12-18-11,동원 쿨피스복숭아 350ml 24개,16600.0,21580.0,0.0,0.0,0.0,,,,103407,판매중,동원 쿨피스복숭아 350ml 24개,동원 쿨피스복숭아 350ml 24개,9999
64d07bbd4d045b498ab72990,22-08,팔도 비락밥알없는식혜 175ml 30개,12500.0,16250.0,0.0,0.0,0.0,,,,13337,판매중,팔도 비락밥알없는식혜 175ml 30개,팔도 비락밥알없는식혜 175ml 30개,9999
64d07d276f9a3c89b6f1ae78,29-06,일화 초정 탄산수 500ml 20펫,20200.0,26260.0,0.0,0.0,0.0,,,,103350,판매중,일화 초정 탄산수 500ml 20펫,일화 초정 탄산수 500ml 20펫,9999
64d07dd1431f48966b504c3a,12-04,동원 샘물2L 6개,5700.0,7410.0,0.0,0.0,0.0,,,,13439,판매중,동원 샘물2L 6개,동원 샘물2L 6개,9999
64d07ebaa82f7b2c48f68d63,27-06,롯데칠성 게토레이 240ml 30개,17100.0,22230.0,0.0,0.0,0.0,,,,13335,판매중,롯데칠성 게토레이 240ml 30개,롯데칠성 게토레이 240ml 30개,9995
64d07f8f333e3d09226db379,23-19,웅진 초록매실180ml 30개,11700.0,15210.0,0.0,0.0,0.0,,,,103362,판매중,웅진 초록매실180ml 30개,웅진 초록매실180ml 30개,9989
64d0807a729fba4781136a89,30-04,광동 제주삼다수2L 6개,9500.0,12350.0,0.0,0.0,0.0,,,,103348,판매중,광동 제주삼다수2L 6개,광동 제주삼다수2L 6개,9993
64d080e733883cab0492df93,27-02,이프로 부족할때 제로 240ml 30개,19500.0,25350.0,0.0,0.0,0.0,,,,13335,판매중,이프로 부족할때 240ml 30개,이프로 부족할때 240ml 30개,9999
64d0815d69f70a9af52e1dec,31-01-06,코카콜라 제로250ml 30개,28000.0,36400.0,0.0,0.0,0.0,,,,103412,판매중,코카콜라 제로250ml 30개,코카콜라 제로250ml 30개,9999
64d081b7a1cbd79ea7f32626,25-50-01,진로 토닉워터 300ml 24개,19700.0,25610.0,0.0,0.0,0.0,,,,103407,판매중,진로 토닉워터 300ml 24개,진로 토닉워터 300ml 24개,9993
64d08212bba56e8c39d3e486,31-03,코카콜라 355ml 24개,24900.0,30900.0,0.0,0.0,0.0,,,,103412,판매중,코카콜라 355ml 24개,코카콜라 355ml 24개,9999
64d08284e6b115940dd00cab,29-01-03,일화 맥콜 350ml 24개,16100.0,20930.0,0.0,0.0,0.0,,,,103407,판매중,일화 맥콜 350ml 24개,일화 맥콜 350ml 24개,9993
64d0865ef4cc73ada38e8df9,39-91,오뚜기 진라면 매운맛 멀티팩(5개입) 8개,27500.0,35750.0,0.0,0.0,0.0,,,,13213,판매중,오뚜기 진라면 매운맛 멀티팩(5개입) 8개,오뚜기 진라면 매운맛 멀티팩(5개입) 8개,9953
64d086f07f0b7c8be287afc8,31-05-01,코카콜라 1.25L(업소용) 12개,21900.0,28470.0,0.0,0.0,0.0,,,,103412,판매중,코카콜라 1.25L(업소용) 12개,코카콜라 1.25L(업소용) 12개,9981
64d0882a33883cab04934b0e,21-07,남양 17차 340ml 20개,14600.0,18980.0,0.0,0.0,0.0,,,,103396,판매중,남양 17차 340ml 20개,남양 17차 340ml 20개,9998
64d0890255dcae384d4d92e8,27-44-01,칸타타 스위트아메리카노 175ml 30개,25800.0,33540.0,0.0,0.0,0.0,,,,13337,판매중,칸타타 스위트아메리카노 175ml 30개,칸타타 스위트아메리카노 175ml 30개,9999
64d09a55a2720b808cb592da,16-05,롯데 런천미트 340g 24개,56900.0,73970.0,0.0,0.0,0.0,,,,103090,판매중,롯데 런천미트 340g 24개,롯데 런천미트 340g 24개,9999
64d09abe89e81408c72cb800,26-27-02,웅진 티즐 제로 유자 그린티 500ml 20개,21600.0,28080.0,0.0,0.0,0.0,,,,103396,판매중,웅진 티즐 제로 유자 그린티 500ml 20개,웅진 티즐 제로 유자 그린티 500ml 20개,9999
64d09bbf93e844ea67156084,14-52-02,몽베스트 330ml 20개,7400.0,9620.0,0.0,0.0,0.0,,,,103348,판매중,몽베스트 330ml 20개,몽베스트 330ml 20개,9980
64d09d079a99b36928d7c3e2,27-01-02,롯데칠성 핫식스 캔 250ml 30개,22700.0,29510.0,0.0,0.0,0.0,,,,103391,판매중,롯데칠성 핫식스 캔 250ml 30개,롯데칠성 핫식스 캔 250ml 30개,9983
64d09f3189e81408c72cf312,39-91-01,오뚜기 진라면 순한맛 멀티팩(5개입) 8개,27500.0,35750.0,0.0,0.0,0.0,,,,13213,판매중,오뚜기 진라면 순한맛 멀티팩(5개입) 8개,오뚜기 진라면 순한맛 멀티팩(5개입) 8개,9966
64d0a200f77de54bf4a7343e,28-12,데미소다 애플 250ml 30개,19900.0,25870.0,0.0,0.0,0.0,,,,103407,판매중,데미소다 애플 250ml 30개,데미소다 애플 250ml 30개,9987
64d0a268c06fd9b8e2826dd7,26-10,웅진 가야 사과농장 1.5L 12개,30300.0,39390.0,0.0,0.0,0.0,,,,103396,판매중,웅진 가야 사과농장 1.5L 12개,웅진 가야 사과농장 1.5L 12개,9999
64d0a2ceee34ed788074e973,27-45-05,"칸타타 콘트라베이스 저칼로리 라떼, 500ml 24개",32700.0,42510.0,0.0,0.0,0.0,,,,103964,판매중,"칸타타 콘트라베이스 콜드브루 라떼, 500ml 24개","칸타타 콘트라베이스 콜드브루 라떼, 500ml 24개",9995
64d0a3520c783542a1610fc6,27-64,조지아 오리지날 캔커피 175ml 30개,13600.0,17680.0,0.0,0.0,0.0,,,,13337,판매중,조지아 오리지날 캔커피 175ml 30개,조지아 오리지날 캔커피 175ml 30개,9997
64d0a3c36015b9d6d4191545,08-52,때가 쏙 비트 4.5kg 3개,37900.0,49270.0,0.0,0.0,0.0,,,,100358,판매중,때가 쏙 비트 4.5kg 3개,때가 쏙 비트 4.5kg 3개,9999
64d1ce5887ce67c6d97abfc9,28-24-06,동아 나랑드사이다 제로 파인애플  245ml 60개,29800.0,38740.0,0.0,0.0,0.0,,,,103407,판매중,동아 나랑드사이다 제로 파인애플  245ml 60개,동아 나랑드사이다 제로 파인애플  245ml 60개,9999
64d1cedc3afebafeb3e328b5,28-24-05,동아 나랑드사이다 제로 파인애플  245ml 60개,29800.0,38740.0,0.0,0.0,0.0,,,,103407,판매중,동아 나랑드사이다 제로 파인애플  245ml 60개,동아 나랑드사이다 제로 파인애플  245ml 60개,9999
64d1cf465f0c6c9a739d4d3d,27-15-03,롯데 펩시콜라 245ml 업소용 슬림 60개,30400.0,39520.0,0.0,0.0,0.0,,,,103412,판매중,롯데 펩시콜라 245ml 업소용 슬림 60개,롯데 펩시콜라 245ml 업소용 슬림 60개,9999
64d1cf9d0fd3f3cfca09d4a7,28-20-01,동아제약 오란씨 오렌지맛 250ml 60개,30100.0,39130.0,0.0,0.0,0.0,,,,103407,판매중,동아제약 오란씨 오렌지맛 250ml 60개,동아제약 오란씨 오렌지맛 250ml 60개,9999
64d1d1150c0a89b7d5b5c707,31-03-07,몬스터 에너지 망고로코 355ml 48개,69800.0,85100.0,0.0,0.0,0.0,,,,103407,판매중,몬스터 에너지 망고로코 355ml 48개,몬스터 에너지 망고로코 355ml 48개,9999
64d1d174da696d0f22ee0e16,80-08,롯데칠성 칸타타 프리미엄 라떼 275ml 48개,52400.0,68120.0,0.0,0.0,0.0,,,,103964,판매중,롯데칠성 칸타타 프리미엄 라떼 275ml 48개,롯데칠성 칸타타 프리미엄 라떼 275ml 48개,9999
64d1d209b53bc42a8cd91bdd,80-08,롯데칠성 칸타타 콜드브루 블랙 275ml 48개,52400.0,68120.0,0.0,0.0,0.0,,,,103964,판매중,롯데칠성 칸타타 콜드브루 블랙 275ml 48개,롯데칠성 칸타타 콜드브루 블랙 275ml 48개,9999
64d1d28c363199614ac56039,80-07,롯데칠성 칸타타 스위트 아메리카노 275ml 48개,52400.0,68120.0,0.0,0.0,0.0,,,,103964,판매중,롯데칠성 칸타타 스위트 아메리카노 275ml 48개,롯데칠성 칸타타 스위트 아메리카노 275ml 48개,9999
64d1d4840c0a89b7d5b5fcdd,80-09,롯데칠성 칸타타 카라멜 마키아토 275ml 48개,52400.0,68120.0,0.0,0.0,0.0,,,,103964,판매중,롯데칠성 칸타타 카라멜 마키아토 275ml 48개,롯데칠성 칸타타 카라멜 마키아토 275ml 48개,9999
64d1d4b9f22889757ac4a593,31-22-02,코라콜라 제로 업소용 355ml 48개,42800.0,51600.0,0.0,0.0,0.0,,,,103412,판매중,코라콜라 제로 업소용 355ml 48개,코라콜라 제로 업소용 355ml 48개,9997
64d1d61002bbb409b815589f,29-00,일화 옥수수수염차 340ml 40개,26600.0,34580.0,0.0,0.0,0.0,,,,103402,판매중,일화 옥수수수염차 340ml 40개,일화 옥수수수염차 340ml 40개,9999
64d1d7ac9591f9c197fe9851,31-13,코카콜라 파워에이드 240ml 60개,31300.0,40690.0,0.0,0.0,0.0,,,,103412,판매중,코카콜라 파워에이드 240ml 60개,코카콜라 파워에이드 240ml 60개,9999
64d1dc34bfca61de7ae13c3a,32-19-01,해태 코코팜피치핑크 240ml 30캔,20700.0,26910.0,0.0,0.0,0.0,,,,103355,판매중,해태 코코팜피치핑크 240ml 30캔,해태 코코팜피치핑크 240ml 30캔,9999
64d1dcac704f40ad3d492be5,81-25,롯데 수미네잔치집 식혜 340ml 48개,29800.0,38740.0,0.0,0.0,0.0,,,,103400,판매중,롯데 수미네잔치집 식혜 340ml 48개,롯데 수미네잔치집 식혜 340ml 48개,9994
64d1dd10fbf7ba662beb0c6d,31-11,캐나다드라이 토닉워터 캔 250ml 60개,37200.0,48360.0,0.0,0.0,0.0,,,,103407,판매중,캐나다드라이 토닉워터 캔 250ml 60개,캐나다드라이 토닉워터 캔 250ml 60개,9999
64d1dd9eba16bbed1b5e153f,31-40,조지아 카페라떼 240ml 60개,39500.0,51350.0,0.0,0.0,0.0,,,,103964,판매중,조지아 카페라떼 240ml 60개,조지아 카페라떼 240ml 60개,9999
64d1ddee95d52bab33f709e7,22-13-01,귀여운 내친구 뽀로로 샤인머스켓맛 235ml 48개,40900.0,53170.0,0.0,0.0,0.0,,,,100012,판매중,귀여운 내친구 뽀로로 샤인머스켓맛 235ml 48개,귀여운 내친구 뽀로로 샤인머스켓맛 235ml 48개,9999
64d1dee1454a050851cba6a9,27-03,롯데 실론티 240ml 60개,34500.0,44850.0,0.0,0.0,0.0,,,,103396,판매중,롯데 실론티 240ml 60개,롯데 실론티 240ml 60개,9999
64d1df1e02bbb409b815db1e,29-01,일화 맥콜 250ml 60개,34500.0,44850.0,0.0,0.0,0.0,,,,103412,판매중,일화 맥콜 250ml 60개,일화 맥콜 250ml 60개,9999
64d1dfbaa9122faa1d7cbc22,22-11,팔도 뽀로로 밀크맛 235ml 48개,40900.0,53170.0,0.0,0.0,0.0,,,,100012,판매중,팔도 뽀로로 밀크맛 235ml 48개,팔도 뽀로로 밀크맛 235ml 48개,9999
64d1e04c3f18f0b35a63fd3e,31-47-01,환타 업소용 파인 355ml 48개,36600.0,47580.0,0.0,0.0,0.0,,,,103413,판매중,환타 파인 350ml 48개,환타 파인 350ml 48개,9997
64d1e120dc0d937bde5dbbb9,31-29,캐나다드라이 진저엘 캔 250ml 60개 토닉워터캔,37000.0,48100.0,0.0,0.0,0.0,,,,103407,판매중,캐나다드라이 진저엘 캔 250ml 60개 토닉워터캔,캐나다드라이 진저엘 캔 250ml 60개 토닉워터캔,9999
64d1e1aa7c6944f94d99b13d,31-42-04,환타 파인 캔 250ml 60개,42700.0,55510.0,0.0,0.0,0.0,,,,103407,판매중,환타 파인 캔 250ml 60개,환타 파인 캔 250ml 60개,9999
64d1e44b3e8c477dc1194a88,28-20,동아제약 오란씨 파인애플맛 250ml 60개,30500.0,39650.0,0.0,0.0,0.0,,,,103407,판매중,동아제약 오란씨 파인애플맛 250ml 60개,동아제약 오란씨 파인애플맛 250ml 60개,9999
64d1e55f704f40ad3d49ac98,27-04,롯데칠성 밀키스 250ml 60개,41400.0,53820.0,0.0,0.0,0.0,,,,103408,판매중,롯데칠성 밀키스 250ml 60개,롯데칠성 밀키스 250ml 60개,9999
64d1eed9600eeb5e67b47212,31-47,환타 업소용 오렌지 캔 355ml 48개,36600.0,47580.0,0.0,0.0,0.0,,,,103407,판매중,환타 오렌지 캔 350ml 48개,환타 오렌지 캔 350ml 48개,9999
64d1ef33599cb6da88d1e9ad,29-05,일화 초정 탄산수 250ml 60개,29900.0,38870.0,0.0,0.0,0.0,,,,103350,판매중,일화 초정 탄산수 250ml 60개,일화 초정 탄산수 250ml 60개,9998
64d1f079852777843cd8b735,22-10,팔도 뽀로로 딸기맛 235ml 48개,40900.0,53170.0,0.0,0.0,0.0,,,,100012,판매중,팔도 뽀로로 딸기맛 235ml 48개,팔도 뽀로로 딸기맛 235ml 48개,9999
64d2e75ed74556fdcf7d4037,20-07-04,광동 남헛개차 340ml 40개,32600.0,42380.0,0.0,0.0,0.0,,,,103390,판매중,광동 남헛개차 340ml 40개,광동 남헛개차 340ml 40개,9999
64d2e8410434fbe420fc1917,27-014,롯데칠성 핫식스 355ml 48개,47000.0,61100.0,0.0,0.0,0.0,,,,103391,판매중,롯데칠성 핫식스 355ml 48개,롯데칠성 핫식스 355ml 48개,9999
64d2e88c29f703b5efc2b898,01-40,농심 프링글스 오리지날 110g 12개,24400.0,31720.0,0.0,0.0,0.0,,,,103474,판매중,농심 프링글스 오리지날 110g 12개,농심 프링글스 오리지날 110g 12개,9999
64d2ef6e35f8722642e43b07,27-15,롯데 펩시콜라 250ml 60개,44300.0,57590.0,0.0,0.0,0.0,,,,103412,판매중,롯데 펩시콜라 250ml 60개,롯데 펩시콜라 250ml 60개,9999
64d2efdb4c1c702d4eab207f,32-19-03,해태 코코팜 포도 340ml 캔 48개,35100.0,45630.0,0.0,0.0,0.0,,,,103355,판매중,해태 코코팜 포도 340ml 캔 48개,해태 코코팜 포도 340ml 캔 48개,9999
64d2f03915a3794078d54dd0,32-19-02,해태 코코팜 피치핑크 캔 340ml 48개,34600.0,44980.0,0.0,0.0,0.0,,,,103355,판매중,해태 코코팜 피치핑크 캔 340ml 48개,해태 코코팜 피치핑크 캔 340ml 48개,9999
64d2f1349ed64b7ffa724882,31-17,스프라이트 캔 355ml 48개 업소용,35600.0,44800.0,0.0,0.0,0.0,,,,103409,판매중,스프라이트 캔 355ml 48개 업소용,스프라이트 캔 355ml 48개 업소용,9999
64d2ff7b8e062f4d58ba39e2,27-04-01,롯데칠성 밀키스 캔 340ml 48개,32700.0,42510.0,0.0,0.0,0.0,,,,103408,판매중,롯데칠성 밀키스 캔 340ml 48개,롯데칠성 밀키스 캔 340ml 48개,9998
64d2ffe0cba59c106f5c1be5,31-03-01,몬스터 에너지 드링크 울트라 355ml 48개,69800.0,84400.0,0.0,0.0,0.0,,,,103407,판매중,몬스터 에너지 드링크 울트라 355ml 48개,몬스터 에너지 드링크 울트라 355ml 48개,9999
64d300280c29507969cb7c37,22-13,팔도 뽀로로 블루베리 235ml 48개,41300.0,53690.0,0.0,0.0,0.0,,,,100012,판매중,팔도 뽀로로 블루베리 235ml 48개,팔도 뽀로로 블루베리 235ml 48개,9999
64d3007e4ca5e97e857d9d35,31-01-05,코카콜라 250ml 60개,62300.0,78100.0,0.0,0.0,0.0,,,,103412,판매중,코카콜라 250ml 60개,코카콜라 250ml 60개,9999
64d301e5317b7edf6ff6eaa8,27-05,롯데 솔의눈 240ml 60개,42200.0,54860.0,0.0,0.0,0.0,,,,103355,판매중,롯데 솔의눈 240ml 60개,롯데 솔의눈 240ml 60개,9999
64d302911408bed69f669f21,32-01-03,해태 복숭아봉봉 340ml 48개,36600.0,47580.0,0.0,0.0,0.0,,,,103355,판매중,해태 복숭아봉봉 340ml 48개,해태 복숭아봉봉 340ml 48개,9999
64d302f0b19b0f378bbccccb,31-03-02,몬스터 에너지 드링크 오리지날 그린 355ml 48개,69800.0,87600.0,0.0,0.0,0.0,,,,103391,판매중,몬스터 에너지 드링크 오리지날 그린 355ml 48개,몬스터 에너지 드링크 오리지날 그린 355ml 48개,9999
64d303ff14d0b661d75d6d9d,32-18-01,해태 갈아만든배 340ml 48개,37200.0,48360.0,0.0,0.0,0.0,,,,100011,판매중,해태 갈아만든배 340ml 48개,해태 갈아만든배 340ml 48개,9999
64d306ce2f6485fa61105bec,22-11-01,팔도 뽀로로 사과맛 235ml 48개,40900.0,53170.0,0.0,0.0,0.0,,,,100012,판매중,팔도 뽀로로 사과맛 235ml 48개,팔도 뽀로로 사과맛 235ml 48개,9999
64d307515da74a6812da5460,01-42,농심 프링글스 핫 앤 스파이시 110g 24개,46600.0,60580.0,0.0,0.0,0.0,,,,103474,판매중,농심 프링글스 핫 앤 스파이시 110g 24개,농심 프링글스 핫 앤 스파이시 110g 24개,9999
64d307b7e6a06c03a64dffd2,32-01-02,해태 포도봉봉 340ml 48개,35100.0,45630.0,0.0,0.0,0.0,,,,103355,판매중,해태 포도봉봉 340ml 48개,해태 포도봉봉 340ml 48개,9999
64d30827ef25dddd7a000d23,27-01-01,롯데칠성 사이다 캔 250ml 60개,50900.0,66170.0,0.0,0.0,0.0,,,,103409,판매중,롯데칠성 사이다 캔 250ml 60개,롯데칠성 사이다 캔 250ml 60개,9999
64d30881f8bceb7f0c41629e,32-18,해태 갈아만든배 캔 238ml 48개,33100.0,43030.0,0.0,0.0,0.0,,,,103355,판매중,해태 갈아만든배 캔 238ml 48개,해태 갈아만든배 캔 238ml 48개,9999
64d308c2ba7ac2539084ad95,31-24,코카콜라 닥터페퍼 350ml 48개,36000.0,46800.0,0.0,0.0,0.0,,,,103407,판매중,코카콜라 닥터페퍼 350ml 48개,코카콜라 닥터페퍼 350ml 48개,9999
64d3092ce052cefcc8450db4,30-12,블랙보리 340ml 40개,28800.0,37440.0,0.0,0.0,0.0,,,,103398,판매중,블랙보리 340ml 40개,블랙보리 340ml 40개,9999
64d314250775bc4655d95968,31-50,토레타 240ml 60개,34600.0,41700.0,0.0,0.0,0.0,,,,13335,판매중,토레타 240ml 60개,토레타 240ml 60개,9996
64d31482679a7ba6974009bc,31-42-02,환타 오렌지 캔 250ml 60개,42700.0,55510.0,0.0,0.0,0.0,,,,103413,판매중,환타 오렌지 캔 250ml 60개,환타 오렌지 캔 250ml 60개,9999
64d3171c93c3d166fcec128b,31-03-03,몬스터에너지 울트라시트라 355ml 48개,69800.0,87300.0,0.0,0.0,0.0,,,,103391,판매중,몬스터에너지 울트라시트라 355ml 48개,몬스터에너지 울트라시트라 355ml 48개,9999
64d317858e7e654cc6d0557c,31-55,캐나다드라이 클럽소다 250ml 60개,37000.0,48100.0,0.0,0.0,0.0,,,,103407,판매중,캐나다드라이 클럽소다 250ml 60개,캐나다드라이 클럽소다 250ml 60개,9999
64d3185825609c8d3d4a2848,31-50-03,토레타 355ml 48개,34700.0,43400.0,0.0,0.0,0.0,,,,13335,판매중,토레타 355ml 48개,토레타 355ml 48개,9999
64d3196da2cf3612e4c3cd68,31-13-01,파워에이드 340ml 48개,36100.0,46930.0,0.0,0.0,0.0,,,,13335,판매중,파워에이드 340ml 48개,파워에이드 340ml 48개,9999
64d319bfe6a06c03a64f0835,32-21,해태 코코팜화이트 240ml 30캔,21100.0,27430.0,0.0,0.0,0.0,,,,103355,판매중,해태 코코팜화이트 240ml 30캔,해태 코코팜화이트 240ml 30캔,9999
64d31c44d9d2e688e379b735,20-01-01,광동 옥수수수염차 340ml 40개,32600.0,42380.0,0.0,0.0,0.0,,,,103396,판매중,광동 옥수수수염차 340ml 40개,광동 옥수수수염차 340ml 40개,9999
64d31c90f9c3d2abcde71631,27-36,롯데 펩시콜라 제로슈거 라임향 355ml(업소용) 48개,34200.0,44460.0,0.0,0.0,0.0,,,,103412,판매중,롯데 펩시콜라 제로슈거 라임향 355ml(업소용) 48개,롯데 펩시콜라 제로슈거 라임향 355ml(업소용) 48개,9999
64d31ced29f703b5efc5c257,32-19-04,해태 코코팜 화이트요구르트 캔 340ml 48개,35100.0,45630.0,0.0,0.0,0.0,,,,103355,판매중,해태 코코팜 화이트요구르트 캔 340ml 48개,해태 코코팜 화이트요구르트 캔 340ml 48개,9999
64d31dda92d2c34bb4984409,28-01,동아제약 포카리스웨트 캔 245ml 60개,46000.0,59800.0,0.0,0.0,0.0,,,,13335,판매중,동아제약 포카리스웨트 캔 245ml 60개,동아제약 포카리스웨트 캔 245ml 60개,9999
64d31e8bca37010a42457b04,31-10,코카콜라 조지아 오리지날240ml 60개,36400.0,47320.0,0.0,0.0,0.0,,,,13337,판매중,코카콜라 조지아 오리지날240ml 60개,코카콜라 조지아 오리지날240ml 60개,9996
64d31fad35d921a5384dddc3,27-16,롯데칠성 사이다355ml(업소용) 48개,37700.0,49010.0,0.0,0.0,0.0,,,,103409,판매중,롯데칠성 사이다355ml(업소용) 48개,롯데칠성 사이다355ml(업소용) 48개,9999
64d31ff90b6f7f38a81c0afe,28-04,동아제약 포카리스웨트 340ml 48개,38600.0,50180.0,0.0,0.0,0.0,,,,13335,판매중,동아제약 포카리스웨트 340ml 48개,동아제약 포카리스웨트 340ml 48개,9999
64d3204ff8bceb7f0c42bf43,29-22,일화 천연사이다 250ml 60개,30600.0,39780.0,0.0,0.0,0.0,,,,103409,판매중,일화 천연사이다 250ml 60개,일화 천연사이다 250ml 60개,9999
64d3208a15e27a00da727aab,27-330,롯데칠성 마운틴듀 355ml 48개,32700.0,42510.0,0.0,0.0,0.0,,,,103407,판매중,롯데칠성 마운틴듀 355ml 48개,롯데칠성 마운틴듀 355ml 48개,9999
64d320d89ed64b7ffa75092a,31-17-01,스프라이트 250ml 60개,42800.0,53200.0,0.0,0.0,0.0,,,,103409,판매중,스프라이트 250ml 60개,스프라이트 250ml 60개,9999
64d321318bbf5681beff01ef,29-04-02,일화 천연사이다 350ml 48개,30400.0,39520.0,0.0,0.0,0.0,,,,103409,판매중,일화 천연사이다 350ml 48개,일화 천연사이다 350ml 48개,9999
64d321862a9f9f721e4f192c,32-30-02,해태 갈아만든배 사이다 355ml 48개,33600.0,43680.0,0.0,0.0,0.0,,,,103355,판매중,해태 갈아만든배 사이다 355ml 48개,해태 갈아만든배 사이다 355ml 48개,9999
64d321d95b59d9c77fe62b7d,29-30.,일화 한라봉에이드 350ml 캔 48개,27600.0,35880.0,0.0,0.0,0.0,,,,103410,판매중,일화 한라봉에이드 350ml 캔 48개,일화 한라봉에이드 350ml 캔 48개,9999
64d3222e0d022331eec4fd99,35-16,참맑은 참대추 175ml 90개,30700.0,39910.0,0.0,0.0,0.0,,,,103394,판매중,참맑은 참대추 175ml 90개,참맑은 참대추 175ml 90개,9999
64d324577dc7b595e8a36de8,31-42,환타 오렌지 캔 190ml 90개,53200.0,69160.0,0.0,0.0,0.0,,,,103407,판매중,환타 오렌지 캔 190ml 90개,환타 오렌지 캔 190ml 90개,9999
64d32494593632a3d5af5dec,35-16-01,참맑은 제주감귤 캔 175ml 90개,30300.0,39390.0,0.0,0.0,0.0,,,,103354,판매중,참맑은 제주감귤 캔 175ml 90개,참맑은 제주감귤 캔 175ml 90개,9994
64d3274f20f20d8e60caef15,35-02,참맑은 녹차 캔 175ml 90개,26100.0,33930.0,0.0,0.0,0.0,,,,103397,판매중,참맑은 녹차 캔 175ml 90개,참맑은 녹차 캔 175ml 90개,9999
64d328a420ab0a562326b462,23-18-01,웅진 하늘보리180ml 90개,30100.0,39130.0,0.0,0.0,0.0,,,,103398,판매중,웅진 하늘보리180ml 90개,웅진 하늘보리180ml 90개,9999
64d32913911de37a5fd9848e,20-18,광동 옥수수수염차 캔 180ml 90개,35700.0,46410.0,0.0,0.0,0.0,,,,103396,판매중,광동 옥수수수염차 캔 180ml 90개,광동 옥수수수염차 캔 180ml 90개,9999
64d3295c2d61118d2c4352c7,27-15-02,롯데 펩시콜라 190ml 90개,43000.0,55900.0,0.0,0.0,0.0,,,,103412,판매중,롯데 펩시콜라 190ml 90개,롯데 펩시콜라 190ml 90개,9999
64d329ea083c1174d222a2cf,24-704-04,스타벅스 더블샷 에스프레소&크림 200ml 108개 (36개 * 3박스),95000.0,123500.0,0.0,0.0,0.0,,,,103964,판매중,스타벅스 더블샷 에스프레소&크림 200ml 108개 (36개 * 3박스),스타벅스 더블샷 에스프레소&크림 200ml 108개 (36개 * 3박스),9999
64d32a29e9bc8b4ff33a4d7e,29-05-01,일화 초정 탄산수 190ml 90개,33400.0,43420.0,0.0,0.0,0.0,,,,103350,판매중,일화 초정 탄산수 190ml 90개,일화 초정 탄산수 190ml 90개,9999
64d32a6bbc9cbe89c1d15d1c,35-01,참맑은 옥수수수염차175ml 90개,26900.0,34970.0,0.0,0.0,0.0,,,,103396,판매중,참맑은 옥수수수염차175ml 90개,참맑은 옥수수수염차175ml 90개,9999
64d32afa075cdb0139cec0d0,35-18-05,참맑은 토마토 175ml 90개,30700.0,39910.0,0.0,0.0,0.0,,,,103373,판매중,참맑은 토마토 175ml 90개,참맑은 토마토 175ml 90개,9999
64d32bc743c94b38d751a9f7,24-02,동서 제티초코 175ml 90개,46800.0,60840.0,0.0,0.0,0.0,,,,103403,판매중,동서 제티초코 175ml 90개,동서 제티초코 175ml 90개,9999
64d32c4332be2adad440ceec,21-17-03,트레비 190ml 캔 90개 (30개 3박스),35000.0,45500.0,0.0,0.0,0.0,,,,103350,판매중,트레비 190ml 캔 90개,트레비 190ml 캔 90개,9999
64d32cd5ae244490b458dac2,27-44,롯데 칸타타 프리미엄라떼 175ml 90개 (30개 * 3박스),71500.0,92950.0,0.0,0.0,0.0,,,,103964,판매중,롯데 칸타타 프리미엄라떼 175ml 90개,롯데 칸타타 프리미엄라떼 175ml 90개,9999
64d32d6104c63f23a82df8b7,27-03-01,롯데칠성 실론티175ml(업소용) 90개,36300.0,47190.0,0.0,0.0,0.0,,,,103396,판매중,롯데칠성 실론티175ml(업소용) 90개,롯데칠성 실론티175ml(업소용) 90개,9999
64d32ea839ef63746280113f,35-27-02,참맑은 비타엔 캔 175ml 90개 (30개 3박스),30700.0,39910.0,0.0,0.0,0.0,,,,103391,판매중,참맑은 피로엔 캔 175ml 90개 (30개 3박스),참맑은 피로엔 캔 175ml 90개 (30개 3박스),9999
64d3300304c63f23a82e1f37,31-17-02,스프라이트 190ml 90개 (30개 3박스),53000.0,65500.0,0.0,0.0,0.0,,,,103409,판매중,스프라이트 190ml 90개 (30개 3박스),스프라이트 190ml 90개 (30개 3박스),9999
64d330cc430ea18c8ad30699,29-19,일화 맥콜 (업소용) 캔 190ml 90개 (30개 * 3박스),36600.0,47580.0,0.0,0.0,0.0,,,,103407,판매중,일화 맥콜 (업소용) 캔 190ml 90개 (30개 * 3박스),일화 맥콜 (업소용) 캔 190ml 90개 (30개 * 3박스),9993
64d33120c449f1c31510463b,35-10,참맑은 망고 캔 175ml 90개,30000.0,39000.0,0.0,0.0,0.0,,,,103361,판매중,참맑은 망고 캔 175ml 90개,참맑은 망고 캔 175ml 90개,9999
64d3328867336dab673f07fb,31-01-01,코카콜라 190ml 90개,57400.0,72900.0,0.0,0.0,0.0,,,,103412,판매중,코카콜라 190ml 90개,코카콜라 190ml 90개,9999
64d3335afae7bee844bd8f1f,35-27-01,참맑은 매실 캔 175ml 90개,30100.0,39130.0,0.0,0.0,0.0,,,,103362,판매중,참맑은 매실 캔 175ml 90개,참맑은 매실 캔 175ml 90개,9996
64d33397db421d67e8aa1890,35-08,참맑은 벌꿀 캔175ml 90개,32000.0,41600.0,0.0,0.0,0.0,,,,103388,판매중,참맑은 벌꿀 캔175ml 90개,참맑은 벌꿀 캔175ml 90개,9999
64d33401a9132b125dccc8f3,35-27,참맑은 복숭아 캔 175ml 90개,30900.0,40170.0,0.0,0.0,0.0,,,,103355,판매중,참맑은 복숭아 캔 175ml 90개,참맑은 복숭아 캔 175ml 90개,9999
64d3384877d0b450a5a2979e,25-01,매일 카페라떼마일드 220ml 40개,53800.0,69940.0,0.0,0.0,0.0,,,,103964,판매중,매일 카페라떼마일드 220ml 40개,매일 카페라떼마일드 220ml 40개,9999
64d338c9ac06a2c6259db225,25-01-01,매일 카페라떼마일드 로어슈거 220ml 40개,53800.0,69940.0,0.0,0.0,0.0,,,,103964,판매중,매일 카페라떼마일드 로어슈거 220ml 40개,매일 카페라떼마일드 로어슈거 220ml 40개,9999
64d33904aaf74fb15378d5ea,21-003-01,남양 과수원 복숭아 190ml 96개,32000.0,41600.0,0.0,0.0,0.0,,,,103355,판매중,남양 과수원 복숭아 190ml 96개,남양 과수원 복숭아 190ml 96개,9999
64d3393cc90a99b3fc1572ea,25-02,매일 카페라떼 카라멜 마끼아또 220ml 40개,49800.0,64740.0,0.0,0.0,0.0,,,,103964,판매중,매일 카페라떼 카라멜 마끼아또 220ml 40개,매일 카페라떼 카라멜 마끼아또 220ml 40개,9999
64d339d700503e96e6b3897e,21-003,남양 과수원 사과 190ml 96개,32000.0,41600.0,0.0,0.0,0.0,,,,103365,판매중,남양 과수원 사과 190ml 96개,남양 과수원 사과 190ml 96개,9993
64d33a2a7f28ecef621f8784,16-51-03,동원 친친오리지널 치즈 소시지 80g 100개 (10개 * 10박스),65500.0,85150.0,0.0,0.0,0.0,,,,103336,판매중,동원 친친오리지널 치즈 소시지 80g 100개 (10개 * 10박스),동원 친친오리지널 치즈 소시지 80g 100개 (10개 * 10박스),9999
64e2d9e2b65dba1b4ba2f9dc,25-40-02,삼성 까스명수 소화제 75ml 60개,37200.0,74360.0,0.0,0.0,0.0,,,,103395,판매중,삼성 까스명수 소화제 75ml 60개,삼성 까스명수 소화제 75ml 60개,9998
64e2da28fc4098a8807a518f,22-01-04,비락식혜 238ml 24입,16200.0,21060.0,0.0,0.0,0.0,,,,103400,판매중,비락식혜 238ml 24입,비락식혜 238ml 24입,9998
64e2e77c5799b9b849850520,12-11-01,동원 쿨피스 제로 복숭아맛 230ml 30개,16000.0,20800.0,0.0,0.0,0.0,,,,100011,판매중,동원 쿨피스 제로 복숭아맛 230ml 30개,동원 쿨피스 제로 복숭아맛 230ml 30개,9999
64e2e9d20d6fa5117c369026,27-08-01,칠성사이다 (업소용) 슬림캔 245ml 30캔,22200.0,28860.0,0.0,0.0,0.0,,,,103409,판매중,칠성사이다 (업소용) 슬림캔 245ml 30캔,칠성사이다 (업소용) 슬림캔 245ml 30캔,9999
64e2ea2f73aad1f7b5e74243,30-12-03,블랙보리 라이트 175ml 30개,11600.0,15080.0,0.0,0.0,0.0,,,,103398,판매중,블랙보리 라이트 175ml 30개,블랙보리 라이트 175ml 30개,9998
64e2ea981c58e9d559a20741,31-03-08,몬스터에너지 제로슈가 355ml 24개,36500.0,44800.0,0.0,0.0,0.0,,,,103407,판매중,몬스터에너지 제로슈가 355ml 24개,몬스터에너지 제로슈가 355ml 24개,9999
64e2eb35954863bf2024ddce,31-03-06,몬스터에너지 파이프라인펀치 (핑크) 355ml 24개,36500.0,45000.0,0.0,0.0,0.0,,,,103407,판매중,몬스터에너지 파이프라인펀치 (핑크) 355ml 24개,몬스터에너지 파이프라인펀치 (핑크) 355ml 24개,9999
64e2ec265ca4c08a6ff1011b,12-01-04,동원 보성홍차 아이스티 제로 복숭아맛 500ml 24개,21400.0,27820.0,0.0,0.0,0.0,,,,103401,판매중,동원 보성홍차 아이스티 제로 복숭아맛 500ml 24개,동원 보성홍차 아이스티 제로 복숭아맛 500ml 24개,9987
64e2ed0eaa7ce059891c6f03,23-16,웅진 자연은 고칼슘 오렌지 캔 180ml 30개,13000.0,16900.0,0.0,0.0,0.0,,,,103369,판매중,웅진 자연은 고칼슘 오렌지 캔 180ml 30개,웅진 자연은 고칼슘 오렌지 캔 180ml 30개,9999
64e2ed6f38773c812729f95a,27-39,델몬트 망고 캔 로어슈거 240ml 30개,25000.0,32500.0,0.0,0.0,0.0,,,,103361,판매중,델몬트 망고 캔 로어슈거 240ml 30개,델몬트 망고 캔 로어슈거 240ml 30개,9999
64e2ee6ad9a3e628523d0f27,27-01-05,칠성 사이다 제로 250ml 30캔,26300.0,34190.0,0.0,0.0,0.0,,,,103409,판매중,칠성 사이다 제로 250ml 30캔,칠성 사이다 제로 250ml 30캔,9999
64e2f1ae18317743867bdb8f,24-701,동서 스타벅스 병커피 281ml 16개,39700.0,51610.0,0.0,0.0,0.0,,,,13337,판매중,동서 스타벅스 병커피 281ml 16개,동서 스타벅스 병커피 281ml 16개,9999
64e2f2419f06219664ca74bb,37-02,유한락스 후레쉬 1L 12개,37200.0,48360.0,0.0,0.0,0.0,,,,11032,판매중,유한락스 후레쉬 1L 12개,유한락스 후레쉬 1L 12개,9999
64e2f27cbfb6a8e4c294f0be,21-108-110-13,남양 프렌치카페 커피믹스 (180T+20T) 4개,117700.0,152700.0,0.0,0.0,0.0,,,,103968,판매중,남양 프렌치카페 커피믹스 (180T+20T) 4개,남양 프렌치카페 커피믹스 (180T+20T) 4개,9999
64e2f3df65c08def1b3554ec,15-15-04,햇반기획 200g 48입,47400.0,61620.0,0.0,0.0,0.0,,,,103066,판매중,햇반기획 200g 48입,햇반기획 200g 48입,9999
64e2f4466613dce4337663d5,12-01-05,동원 보성홍차 아이스티 제로 레몬맛 500ml 24개,21400.0,27820.0,0.0,0.0,0.0,,,,103401,판매중,동원 보성홍차 아이스티 제로 레몬맛 500ml 24개,동원 보성홍차 아이스티 제로 레몬맛 500ml 24개,9999
64e2f4e70a7276857ebdf2ea,11-75-02,동서 리치스 블랙 올리브 홀피티드3kg 5개,85300.0,110890.0,0.0,0.0,0.0,,,,103093,판매중,동서 리치스 블랙 올리브 홀피티드3kg 5개,동서 리치스 블랙 올리브 홀피티드3kg 5개,9999
64e2f53838773c81272a7305,28-18,데미소다 레몬 250ml 30캔,20100.0,26130.0,0.0,0.0,0.0,,,,103407,판매중,데미소다 레몬 250ml 30캔,데미소다 레몬 250ml 30캔,9999
64e2f57265d0a6c7021afe3f,25-50-07,진로 토닉워터 제로 300ml 24개,20100.0,26130.0,0.0,0.0,0.0,,,,103407,판매중,진로 토닉워터 제로 300ml 24개,진로 토닉워터 제로 300ml 24개,9996
64e2f6a2754ba81a37ef6507,28-06,미에로화이바 화이브 미니 100ml 100병,67200.0,87360.0,0.0,0.0,0.0,,,,103389,판매중,미에로화이바 화이브 미니 100ml 100병,미에로화이바 화이브 미니 100ml 100병,9999
64e2f7cac38d4c6baf99363d,23-18,웅진 하늘보리500ml 20개,16600.0,21580.0,0.0,0.0,0.0,,,,103398,판매중,웅진 하늘보리500ml 20개,웅진 하늘보리500ml 20개,9982
64e2f89b3d77266ba9a8dc19,23-34-01,웅진 자연은 사과 1.5L 12개,34300.0,44590.0,0.0,0.0,0.0,,,,103365,판매중,웅진 자연은 사과 1.5L 12개,웅진 자연은 사과 1.5L 12개,9999
64e2fbc313cdadcbaf4f8b24,23-23-01,웅진 자연은 알로에 500ml 20개,28500.0,37050.0,0.0,0.0,0.0,,,,103367,판매중,웅진 자연은 알로에 500ml 20개,웅진 자연은 알로에 500ml 20개,9999
64e2fd10ef6111a430d867ee,22-23-01,팔도 김치왕뚜껑 컵라면 18입,24300.0,31590.0,0.0,0.0,0.0,,,,13221,판매중,팔도 김치왕뚜껑 컵라면 18입,팔도 김치왕뚜껑 컵라면 18입,9999
64e2fd87083a8dec4cbf7bec,54-21-03,팔도 비빔면 컵라면 16입,22200.0,28860.0,0.0,0.0,0.0,,,,13221,판매중,팔도 비빔면 컵라면 16입,팔도 비빔면 컵라면 16입,9999
64e2fe9d73aad1f7b5e882a4,22-51-03,팔도 짜장면 봉지라면 32입,47700.0,62010.0,0.0,0.0,0.0,,,,13213,판매중,팔도 짜장면 봉지라면 32입,팔도 짜장면 봉지라면 32입,9999
64e2ff562b3aab85922fdae1,21-108-110-07,남양 프렌치카페 커피믹스 (90T+10T) 8개,117900.0,152500.0,0.0,0.0,0.0,,,,103968,판매중,남양 프렌치카페 커피믹스 (90T+10T) 8개,남양 프렌치카페 커피믹스 (90T+10T) 8개,9995
64e30083d8d78b453aebd9b3,23-29,웅진 자연은 토마토 500ml 20개,30600.0,39780.0,0.0,0.0,0.0,,,,103373,판매중,웅진 자연은 토마토 500ml 20개,웅진 자연은 토마토 500ml 20개,9999
64e302de64734a2ecb5a5502,30-12-03,블랙보리 라이트 175ml 90개 (30개 3박스),28700.0,37310.0,0.0,0.0,0.0,,,,103398,판매중,블랙보리 라이트 175ml 90개 (30개 3박스),블랙보리 라이트 175ml 90개 (30개 3박스),9999
64e30329cff6794f8b1140cf,23-16,웅진 자연은 고칼슘 오렌지 캔 180ml 90개 (30개 3박스),31700.0,41210.0,0.0,0.0,0.0,,,,103369,판매중,웅진 자연은 고칼슘 오렌지 캔 180ml 90개 (30개 3박스),웅진 자연은 고칼슘 오렌지 캔 180ml 90개 (30개 3박스),9999
64e3066eaa7ce059891df61d,12-11-01,동원 쿨피스 제로 복숭아맛 230ml 60개 (30개 2박스),29400.0,38220.0,0.0,0.0,0.0,,,,100012,판매중,동원 쿨피스 제로 복숭아맛 230ml 60개 (30개 2박스),동원 쿨피스 제로 복숭아맛 230ml 60개 (30개 2박스),9999
64e306ac6232dac104a11638,27-08-01,칠성사이다 (업소용) 슬림캔 245ml 60캔 (30캔 2박스),41700.0,54210.0,0.0,0.0,0.0,,,,103409,판매중,칠성사이다 (업소용) 슬림캔 245ml 60캔 (30캔 2박스),칠성사이다 (업소용) 슬림캔 245ml 60캔 (30캔 2박스),9999
64e306e4e42ce4c606f08e9a,31-03-08,몬스터에너지 제로슈가 355ml 48개 (24개 2박스),69800.0,88000.0,0.0,0.0,0.0,,,,103407,판매중,몬스터에너지 제로슈가 355ml 48개 (24개 2박스),몬스터에너지 제로슈가 355ml 48개 (24개 2박스),9999
64e30720c8f68c1d5d9a2c9e,31-03-06,몬스터에너지 파이프라인펀치 (핑크) 355ml 48개 (24개 2박스),69800.0,87600.0,0.0,0.0,0.0,,,,103407,판매중,몬스터에너지 파이프라인펀치 (핑크) 355ml 48개 (24개 2박스),몬스터에너지 파이프라인펀치 (핑크) 355ml 48개 (24개 2박스),9999
64e307a147a0c142351e044c,27-39,델몬트 망고 캔 로어슈거 240ml 60개 (30개 2박스),47300.0,61490.0,0.0,0.0,0.0,,,,103361,판매중,델몬트 망고 캔 로어슈거 240ml 60개 (30개 2박스),델몬트 망고 캔 로어슈거 240ml 60개 (30개 2박스),9999
64e307e39b7dd7e8cfaa71cd,27-01-05,칠성 사이다 제로 250ml 60캔 (30캔 2박스),49800.0,64740.0,0.0,0.0,0.0,,,,103409,판매중,칠성 사이다 제로 250ml 60캔 (30캔 2박스),칠성 사이다 제로 250ml 60캔 (30캔 2박스),9999
64e30822bfc34b5ea707956e,28-18,데미소다 레몬 250ml 60캔 (30캔 2박스),37500.0,48750.0,0.0,0.0,0.0,,,,103407,판매중,데미소다 레몬 250ml 60캔 (30캔 2박스),데미소다 레몬 250ml 60캔 (30캔 2박스),9999
64e30861d3d71e2f8a2bacb8,25-50-07,진로 토닉워터 제로 300ml 48개 (24개 2박스),37500.0,48750.0,0.0,0.0,0.0,,,,103407,판매중,진로 토닉워터 제로 300ml 48개 (24개 2박스),진로 토닉워터 제로 300ml 48개 (24개 2박스),9999
653f38ee2e65e238e3b308f4,21-91-01,웅진 달달하게 건강을 채우는 꿀물 180ml 30캔,13300.0,17290.0,0.0,0.0,0.0,,,,103387,판매중,웅진 달달하게 건강을 채우는 꿀물 180ml 30캔,웅진 달달하게 건강을 채우는 꿀물 180ml 30캔,9999
653f41a28da35b7f2c5640fc,32-01.,포도봉봉 238ml 24개,17700.0,23010.0,0.0,0.0,0.0,,,,103355,판매중,포도봉봉 238ml 24개,포도봉봉 238ml 24개,9999
653f42120bcf1286f74e524c,31-17-03,스프라이트 제로 355ml 24개,19600.0,25100.0,0.0,0.0,0.0,,,,103409,판매중,스프라이트 제로 355ml 24개,스프라이트 제로 355ml 24개,9997
653f45b4e53e1a0a653fdb8c,32-19-06,코코팜 망고 코코넛 340ml 24개,18900.0,24570.0,0.0,0.0,0.0,,,,103355,판매중,코코팜 망고 코코넛 340ml 24개,코코팜 망고 코코넛 340ml 24개,9999
653f46708172d6a74ef58eec,31-44-08,환타 파인애플 500ml 24개,22300.0,28990.0,0.0,0.0,0.0,,,,103413,판매중,환타 파인애플 500ml 24개,환타 파인애플 500ml 24개,9998
653f4766490e9435d83a998b,23-31,웅진 자연은 포도주스 1.5L 12개,36800.0,47840.0,0.0,0.0,0.0,,,,103375,판매중,웅진 자연은 포도주스 1.5L 12개,웅진 자연은 포도주스 1.5L 12개,9999
653f47c98a15c4e3919c9251,31-13-04,파워에이드 제로 600ml 20개,29200.0,37960.0,0.0,0.0,0.0,,,,13335,판매중,파워에이드 제로 600ml 20개,파워에이드 제로 600ml 20개,9999
653f5226b377ea3a23513748,21-91-01,웅진 달달하게 건강을 채우는 꿀물 180ml 90캔  (30캔 x 3박스),32800.0,42640.0,0.0,0.0,0.0,,,,103387,판매중,웅진 달달하게 건강을 채우는 꿀물 180ml 90캔  (30캔 x 3박스),웅진 달달하게 건강을 채우는 꿀물 180ml 90캔  (30캔 x 3박스),9999
653f55bb6fc8ee57c1824ef6,31-11-01,스프라이트 제로 355ml 48개 (24개 x 2박스),35800.0,46540.0,0.0,0.0,0.0,,,,103409,판매중,스프라이트 제로 355ml 48개 (24개 x 2박스),스프라이트 제로 355ml 48개 (24개 x 2박스),9999
653f5625490e9435d83a9be5,27-15-10,칠성사이다 제로 355ml 48개 (24개 x 2박스),37700.0,49010.0,0.0,0.0,0.0,,,,103409,판매중,칠성사이다 제로 355ml 48개 (24개 x 2박스),칠성사이다 제로 355ml 48개 (24개 x 2박스),9999
653f574d8da35b7f2c5643a0,32-19-06,코코팜 망고 코코넛 340ml 48개 (24개 x 2박스),35100.0,45630.0,0.0,0.0,0.0,,,,103355,판매중,코코팜 망고 코코넛 340ml 48개 (24개 x 2박스),코코팜 망고 코코넛 340ml 48개 (24개 x 2박스),9999
65711c3dc1bb209b4f9713d0,FH6-14-13-01,강구나루 황도슬라이스400g 6개,11100.0,14500.0,0.0,0.0,0.0,,,,103082,판매중,강구나루 황도슬라이스400g 6개,강구나루 황도슬라이스400g 6개,9999
65711ce07fe625cc7b0d8985,FH6-14-12,강구나루 꽁치400g 6개,21300.0,27690.0,0.0,0.0,0.0,,,,103079,판매중,강구나루 꽁치400g 6개,강구나루 꽁치400g 6개,9999
65711d568b194adeac1d1247,FH6-14-10,펭귄 황도슬라이스400g 6개,11600.0,15080.0,0.0,0.0,0.0,,,,103082,판매중,펭귄 황도슬라이스400g 6개,펭귄 황도슬라이스400g 6개,9976
65711e0fc1bb209b4f971404,FH6-14-01,펭귄 한마리꽁치400g 6개,25100.0,32630.0,0.0,0.0,0.0,,,,103079,판매중,펭귄 한마리꽁치400g 6개,펭귄 한마리꽁치400g 6개,9995
65711e82ea40c7ffcbb91c6c,FH6-10-08-02,유동 황도슬라이스400g 6개,11500.0,14950.0,0.0,0.0,0.0,,,,103082,판매중,유동 황도슬라이스400g 6개,유동 황도슬라이스400g 6개,9999
65711f0778da5390b91ddbac,FH6-10-00,유동 골뱅이400g 6개,62600.0,81380.0,0.0,0.0,0.0,,,,103080,판매중,유동 골뱅이400g 6개,유동 골뱅이400g 6개,9999
6583c0862311fdd2945d1021,SP340G6EA-16-05,롯데 런천미트 340g 6개입,17300.0,22490.0,0.0,0.0,0.0,,,,103090,판매중,롯데 런천미트 340g 6개입,롯데 런천미트 340g 6개입,9999
6583ce3cc0de49f21c8cf213,SG1KG4EA-15-40-03,백설 갈색설탕 1kg 4개,14700.0,19110.0,0.0,0.0,0.0,,,,103130,판매중,백설 갈색설탕 1kg 4개,백설 갈색설탕 1kg 4개,9999
6583ceb688f6b89162c49ee1,CMN200T1EA-24-12-10,맥실 모카골드 200T 1개,35500.0,46150.0,0.0,0.0,0.0,,,,103968,판매중,맥실 모카골드 200T 1개,맥실 모카골드 200T 1개,9999
6583cf035c398250643568d0,CMR30T1EA-21-108-02,루카스나인 바닐라라떼 30T 1개,14800.0,19240.0,0.0,0.0,0.0,,,,103968,판매중,루카스나인 바닐라라떼 30T 1개,루카스나인 바닐라라떼 30T 1개,9999
6583cf338cd4d872bdd0329a,CMR30T1EA-21-108-05,루카스나인 더블샷라떼 30T 1개,14700.0,19110.0,0.0,0.0,0.0,,,,103968,판매중,루카스나인 더블샷라떼 30T 1개,루카스나인 더블샷라떼 30T 1개,9996
6583d64e0eed79a3c86f3a56,GB140G12EA-10-02,유동 골뱅이 140g 12개,49400.0,64220.0,0.0,0.0,0.0,,,,103080,판매중,유동 골뱅이 140g 12개,유동 골뱅이 140g 12개,9999
6583d69b7e10072a01df6d87,GB130G12EA-10-07,유동 번데기 130g 12개,13600.0,17680.0,0.0,0.0,0.0,,,,103081,판매중,유동 번데기 130g 12개,유동 번데기 130g 12개,9997
6583d6d778d3cceb4d2109d3,GB280G6EA-10-14,유동 뚝배기번데기탕 얼큰한맛 6개,14100.0,18330.0,0.0,0.0,0.0,,,,103081,판매중,유동 뚝배기번데기탕 얼큰한맛 6개,유동 뚝배기번데기탕 얼큰한맛 6개,9999
6583d719bb26d66d646baff8,GB230G6EA-10-01,유동 골뱅이 230g 6개,38400.0,49920.0,0.0,0.0,0.0,,,,103080,판매중,유동 골뱅이 230g 6개,유동 골뱅이 230g 6개,9999
6583d799732087909ee9874a,GB280G6EA-10-29,유동 번데기 280g 6개,12900.0,16770.0,0.0,0.0,0.0,,,,103081,판매중,유동 번데기 280g 6개,유동 번데기 280g 6개,9999
6583d8910a47ed9170954f50,GB280G6EA-10-14-02,유동 뚝배기번데기탕 구수한맛 6개,14100.0,18330.0,0.0,0.0,0.0,,,,103081,판매중,유동 뚝배기번데기탕 구수한맛 6개,유동 뚝배기번데기탕 구수한맛 6개,9999
659776266d07ead3b30f3275,50-24-01,동원런천67호 4세트 명절 추석 선물세트,131300.0,170690.0,0.0,0.0,0.0,,,,13252,판매중,동원런천67호 4세트 명절 추석 선물세트,동원런천67호 4세트 명절 추석 선물세트,9999
65977661039cba425791b818,50-24-01,동원런천67호 1세트 명절 추석 선물세트,36000.0,46800.0,0.0,0.0,0.0,,,,13252,판매중,동원런천67호 1세트 명절 추석 선물세트,동원캔67호 1세트 명절 추석 선물세트,9999
65d6eecb28a27207227e2200,20-90,광동 썬키스트 모과생강 280ml 24개,25700.0,33410.0,0.0,0.0,0.0,,,,103396,판매중,광동 썬키스트 모과생강 280ml 24개,광동 썬키스트 모과생강 280ml 24개,9999
65d6ef3abe1d47212b3ac4c6,20-90-01,광동 썬키스트 허니유자 280ml 24개,25700.0,33410.0,0.0,0.0,0.0,,,,103396,판매중,광동 썬키스트 허니유자 280ml 24개,광동 썬키스트 허니유자 280ml 24개,9999
65d6ef845340cb4393dd47ae,20-90-02,광동 썬키스트 레몬에이드 500ml 24개,28900.0,37570.0,0.0,0.0,0.0,,,,103396,판매중,광동 썬키스트 레몬에이드 500ml 24개,광동 썬키스트 레몬에이드 500ml 24개,9999
65d6efd428a27207227e22bc,20-90,광동 썬키스트 모과생강 280ml 48개,48600.0,63180.0,0.0,0.0,0.0,,,,103396,판매중,광동 썬키스트 모과생강 280ml 48개,광동 썬키스트 모과생강 280ml 48개,9999
65d6f01f5340cb4393dd47df,20-90-01,광동 썬키스트 허니유자 280ml 48개,48600.0,63180.0,0.0,0.0,0.0,,,,103396,판매중,광동 썬키스트 허니유자 280ml 48개,광동 썬키스트 허니유자 280ml 48개,9999
65f3b117de7a74984b3c4767,22-57,영진구론산 탄산오리지날 150ml 30개,22700.0,29510.0,0.0,0.0,0.0,,,,103387,판매중,영진구론산 탄산오리지날 150ml 30개,영진구론산 탄산오리지날 150ml 30개,9974
65f3b1e2f6928ec8c5fdfc33,25-273,광동 생강쌍화 120ml 100개,86500.0,112450.0,0.0,0.0,0.0,,,,103985,판매중,광동 생강쌍화 120ml 100개,광동 생강쌍화 120ml 100개,9999
65f3c9c754332d6750e3cacf,31-22-02-CB-31-03-05,코카콜라 업소용 355ml 일반 24개 + 코카콜라 업소용 제로 24개 세트상품,45500.0,56500.0,0.0,0.0,0.0,,,,103412,판매중,코카콜라 업소용 355ml 일반 24개 + 코카콜라 업소용 제로 24개 세트상품,코카콜라 업소용 355ml 일반 24개 + 코카콜라 업소용 제로 24개 세트상품,9999
65f3ca9cee3ef97cbbe88148,31-03-07-CB-31-03-08,몬스터에너지 355ml 망고로코 24캔 + 제로슈가 24캔 세트상품,72800.0,89800.0,0.0,0.0,0.0,,,,103407,판매중,몬스터에너지 355ml 망고로코 24캔 + 제로슈가 24캔 세트상품,몬스터에너지 355ml 망고로코 24캔 + 제로슈가 24캔 세트상품,9999
65f3caf513de085c6da87f56,31-03-07-CB-31-03-01,몬스터에너지 355ml 망고로코 24캔 + 울트라 24캔 세트상품,72800.0,88900.0,0.0,0.0,0.0,,,,103407,판매중,몬스터에너지 355ml 망고로코 24캔 + 울트라 24캔 세트상품,몬스터에너지 355ml 망고로코 24캔 + 울트라 24캔 세트상품,9999
65f3cba954332d6750e3cb6c,31-03-08-CB-31-03-01,몬스터에너지 355ml 제로슈가 24캔 + 울트라 24캔 세트상품,72800.0,87600.0,0.0,0.0,0.0,,,,103407,판매중,몬스터에너지 355ml 제로슈가 24캔 + 울트라 24캔 세트상품,몬스터에너지 355ml 제로슈가 24캔 + 울트라 24캔 세트상품,9999
65f3cbedf6928ec8c5fe086a,31-47-01-CB-31-47,환타 355ml 파인애플맛 24개 + 오렌지맛 24개,34300.0,44590.0,0.0,0.0,0.0,,,,103407,판매중,환타 355ml 파인애플맛 24개 + 오렌지맛 24개,환타 355ml 파인애플맛 24개 + 오렌지맛 24개,9999
65f3cc3d60c8f20644b16f52,31-40-10,조지아 맥스 240ml 30개,20100.0,26130.0,0.0,0.0,0.0,,,,13337,판매중,조지아 맥스 240ml 30개,조지아 맥스 240ml 30개,9996
65f3cedcee3ef97cbbe882f8,22-10-14,팔도 뽀로로 바나나맛 235ml 24개,21800.0,28340.0,0.0,0.0,0.0,,,,100012,판매중,팔도 뽀로로 바나나맛 235ml 24개,팔도 뽀로로 바나나맛 235ml 24개,9999
65f3cfaecede8f0fcdfc2890,28-17,데자와 250ml 30개,24700.0,32110.0,0.0,0.0,0.0,,,,103355,판매중,데자와 250ml 30개,데자와 250ml 30개,9999
65f3d387cede8f0fcdfc2a8d,32-19,코코팜 포도 238ml 24개,17500.0,22750.0,0.0,0.0,0.0,,,,103355,판매중,코코팜 포도 238ml 24개,코코팜 포도 238ml 24개,9999
65f3d3c198cac5aae6cdea03,28-22,데미소다 복숭아맛 250ml 30개,20500.0,26650.0,0.0,0.0,0.0,,,,103407,판매중,데미소다 복숭아맛 250ml 30개,데미소다 복숭아맛 250ml 30개,9999
65f3d4ab13de085c6da88405,25-01-CB-25-01-01,매일카페라떼 마일드 10개 + 로어슈거 10개 세트상품,29800.0,38740.0,0.0,0.0,0.0,,,,13337,판매중,매일카페라떼 마일드 10개 + 로어슈거 10개 세트상품,매일카페라떼 마일드 10개 + 로어슈거 10개 세트상품,9999
65f3d4ee13de085c6da8841b,25-01-CB-25-02,매일카페라떼 마일드 10개 + 카라멜마끼아토 10개 세트상품,29800.0,38740.0,0.0,0.0,0.0,,,,13337,판매중,매일카페라떼 마일드 10개 + 카라멜마끼아토 10개 세트상품,매일카페라떼 마일드 10개 + 카라멜마끼아토 10개 세트상품,9999
65f3d52e32b438ba159dd446,25-01-01-CB-25-02,매일카페라떼 로어슈거 10개 + 카라멜마끼아토 10개 세트상품,29800.0,38740.0,0.0,0.0,0.0,,,,13337,판매중,매일카페라떼 로어슈거 10개 + 카라멜마끼아토 10개 세트상품,매일카페라떼 로어슈거 10개 + 카라멜마끼아토 10개 세트상품,9999
65f3d5b113de085c6da8847e,11-40-001-CB-11-40-112,동원참치 150g 살코기 12개 + 고추참치 12개 세트상품,55000.0,71500.0,0.0,0.0,0.0,,,,103101,판매중,동원참치 150g 살코기 12개 + 고추참치 12개 세트상품,동원참치 150g 살코기 12개 + 고추참치 12개 세트상품,9999
65f3d64c09baf8aef6122240,52-55.,참맑은 알로에 175ml 30개,12300.0,15990.0,0.0,0.0,0.0,,,,103355,판매중,참맑은 알로에 175ml 30개,참맑은 알로에 175ml 30개,9999
65f3dea832b438ba159ddb45,35-18-06,참맑은 유자 175ml 30개,13100.0,17030.0,0.0,0.0,0.0,,,,103355,판매중,참맑은 유자 175ml 30개,참맑은 유자 175ml 30개,9999
65f3df30b3f71587b71cc2d9,31-01-011,코카콜라 제로 업소용 190ml 30개,20900.0,26300.0,0.0,0.0,0.0,,,,103412,판매중,코카콜라 제로 업소용 190ml 30개,코카콜라 제로 업소용 190ml 30개,9999
65f3dfe0ee3ef97cbbe889b0,31-40-10,조지아 맥스 240ml 60개,37500.0,48750.0,0.0,0.0,0.0,,,,13337,판매중,조지아 맥스 240ml 60개,조지아 맥스 240ml 60개,9999
65f3e01d0d77872dd10dd179,22-10-14,팔도 뽀로로 바나나맛 235ml 48개,40900.0,53170.0,0.0,0.0,0.0,,,,100012,판매중,팔도 뽀로로 바나나맛 235ml 48개,팔도 뽀로로 바나나맛 235ml 48개,9999
65f3e10f60c8f20644b178ca,28-17,데자와 250ml 60개,46700.0,60710.0,0.0,0.0,0.0,,,,103355,판매중,데자와 250ml 60개,데자와 250ml 60개,9999
65f3e15e09baf8aef61228a0,32-19,코코팜 포도 238ml 48개,32300.0,41990.0,0.0,0.0,0.0,,,,103355,판매중,코코팜 포도 238ml 48개,코코팜 포도 238ml 48개,9999
65f3e193ee3ef97cbbe88ab8,28-22,데미소다 복숭아맛 250ml 60개,38300.0,49790.0,0.0,0.0,0.0,,,,103407,판매중,데미소다 복숭아맛 250ml 60개,데미소다 복숭아맛 250ml 60개,9999
65f3e1ca532c75e9ab58e58a,25-01-CB-25-01-01,매일카페라떼 마일드 20개 + 로어슈거 20개 세트상품,56700.0,73710.0,0.0,0.0,0.0,,,,13337,판매중,매일카페라떼 마일드 20개 + 로어슈거 20개 세트상품,매일카페라떼 마일드 20개 + 로어슈거 20개 세트상품,9999
65f3e202bbed50cd28f3ccb8,25-01-CB-25-02,매일카페라떼 마일드 20개 + 카라멜마끼아토 20개 세트상품,56700.0,73710.0,0.0,0.0,0.0,,,,13337,판매중,매일카페라떼 마일드 20개 + 카라멜마끼아토 20개 세트상품,매일카페라떼 마일드 20개 + 카라멜마끼아토 20개 세트상품,9999
65f3e246b3f71587b71cc3c2,25-01-01-CB-25-02,매일카페라떼 로어슈거 20개 + 카라멜마끼아토 20개 세트상품,56700.0,73710.0,0.0,0.0,0.0,,,,13337,판매중,매일카페라떼 로어슈거 20개 + 카라멜마끼아토 20개 세트상품,매일카페라떼 로어슈거 20개 + 카라멜마끼아토 20개 세트상품,9999
65f3e27613de085c6da889b6,11-40-001-CB-11-40-112,동원참치 150g 살코기 24개 + 고추참치 24개 세트상품,107300.0,139490.0,0.0,0.0,0.0,,,,103101,판매중,동원참치 150g 살코기 24개 + 고추참치 24개 세트상품,동원참치 150g 살코기 24개 + 고추참치 24개 세트상품,9999
65f3e2b45221a2b8dd4d4e0a,52-55.,참맑은 알로에 175ml 90개,30700.0,39910.0,0.0,0.0,0.0,,,,103355,판매중,참맑은 알로에 175ml 90개,참맑은 알로에 175ml 90개,9999
65f3e2f460c8f20644b17a11,35-18-06,참맑은 유자 175ml 90개,32900.0,42770.0,0.0,0.0,0.0,,,,103355,판매중,참맑은 유자 175ml 90개,참맑은 유자 175ml 90개,9999
65f3e32232b438ba159ddcca,31-01-011,코카콜라 제로 업소용 190ml 90개,56500.0,68200.0,0.0,0.0,0.0,,,,103412,판매중,코카콜라 제로 업소용 190ml 90개,코카콜라 제로 업소용 190ml 90개,9999
6600e6d40f639c751632681d,31-03-10,몬스터에너지 355ml 피치킨 24캔,36500.0,43800.0,0.0,0.0,0.0,,,,103407,판매중,몬스터에너지 355ml 피치킨 24캔,몬스터에너지 355ml 피치킨 24캔,9999
6600e70f0f639c751632687a,31-03-10,몬스터에너지 355ml 피치킨 48캔,69800.0,84700.0,0.0,0.0,0.0,,,,103407,판매중,몬스터에너지 355ml 피치킨 48캔,몬스터에너지 355ml 피치킨 48캔,9999
6618ba918ca0998bdc00dd3b,22-01-06,비락식혜 제로 238ml 24개,16400.0,21320.0,0.0,0.0,0.0,,,,103400,판매중,비락식혜 제로 238ml 24개,비락식혜 제로 238ml 24개,9999
6618bb1b2dece24d62e31b3b,22-01-06,비락식혜 제로 238ml 48개,30100.0,39130.0,0.0,0.0,0.0,,,,103400,판매중,비락식혜 제로 238ml 48개,비락식혜 제로 238ml 48개,9999
6618bb6542f9f6f3dc6b1a31,22-04-00,비락식혜 제로 1.5L 8개,26700.0,34710.0,0.0,0.0,0.0,,,,103400,판매중,비락식혜 제로 1.5L 8개,비락식혜 제로 1.5L 8개,9995
6634637cc5d32fcb96936368,35-18-09,참맑은 머스캣 175ml 30개,12300.0,15990.0,0.0,0.0,0.0,,,,103355,판매중,참맑은 머스캣 175ml 30개,참맑은 머스캣 175ml 30개,9999
663463b40a851de80208ea09,35-18-09,참맑은 머스캣 175ml 90개,30700.0,39910.0,0.0,0.0,0.0,,,,103355,판매중,참맑은 머스캣 175ml 90개,참맑은 머스캣 175ml 90개,9999
66346406438b8d662152bc77,35-18-08,참맑은 배 175ml 30개,13100.0,17030.0,0.0,0.0,0.0,,,,103355,판매중,참맑은 배 175ml 30개,참맑은 배 175ml 30개,9999
6634645d1e4cc92fcb1fd061,35-18-08,참맑은 배 175ml 90개,33000.0,42900.0,0.0,0.0,0.0,,,,103355,판매중,참맑은 배 175ml 90개,참맑은 배 175ml 90개,9999
66346f50391f9c4e42a6ea17,35-18-07,참맑은 사과 175ml 30개,12600.0,16380.0,0.0,0.0,0.0,,,,103355,판매중,참맑은 사과 175ml 30개,참맑은 사과 175ml 30개,9999
663470aac38761c3cd6a3079,35-18-07,참맑은 사과 175ml 90개,31300.0,40690.0,0.0,0.0,0.0,,,,103355,판매중,참맑은 사과 175ml 90개,참맑은 사과 175ml 90개,9999
667a5d0e553159c0d2394414,24-35-03,티오피 더블랙 380ml 24개,32500.0,42250.0,0.0,0.0,0.0,,,,13337,판매중,티오피 더블랙 380ml 24개,티오피 더블랙 380ml 24개,9989
667a5d85bdbccb25566906ed,24-35-02,티오피 스위트아메리카노 380ml 24개,32500.0,42250.0,0.0,0.0,0.0,,,,13337,판매중,티오피 스위트아메리카노 380ml 24개,티오피 스위트아메리카노 380ml 24개,9998
667a5df6639295ff1ecf4d3e,24-35-01,티오피 마스터라떼 380ml 24개,32500.0,42250.0,0.0,0.0,0.0,,,,13337,판매중,티오피 마스터라떼 380ml 24개,티오피 마스터라떼 380ml 24개,9987
667a5e5c71f5fdef6b2d3a32,24-174,티오피 스위트아메리카노 275ml 24개,27000.0,35100.0,0.0,0.0,0.0,,,,13337,판매중,티오피 스위트아메리카노 275ml 24개,티오피 스위트아메리카노 275ml 24개,9999
667a5e94f99fd6d10f5ae22c,24-174,티오피 스위트아메리카노 275ml 48개,51400.0,66820.0,0.0,0.0,0.0,,,,13337,판매중,티오피 스위트아메리카노 275ml 48개,티오피 스위트아메리카노 275ml 48개,9999
667a5ec7553159c0d239448d,24-175,티오피 더블랙 275ml 24개,27000.0,35100.0,0.0,0.0,0.0,,,,13337,판매중,티오피 더블랙 275ml 24개,티오피 더블랙 275ml 24개,9999
667a5ef78229c47bcc5bcdc6,24-175,티오피 더블랙 275ml 48개,51400.0,66820.0,0.0,0.0,0.0,,,,13337,판매중,티오피 더블랙 275ml 48개,티오피 더블랙 275ml 48개,9999
667a5f238229c47bcc5bcdca,24-173,티오피 마스터라떼 275ml 24개,27000.0,35100.0,0.0,0.0,0.0,,,,13337,판매중,티오피 마스터라떼 275ml 24개,티오피 마스터라떼 275ml 24개,9999
667a5f5c5ca1da067dc033ed,24-173,티오피 마스터라떼 275ml 48개,51400.0,66820.0,0.0,0.0,0.0,,,,13337,판매중,티오피 마스터라떼 275ml 48개,티오피 마스터라떼 275ml 48개,9995
667a5f8e0825ee4cd9f5fda2,24-06-09,티오피 더블랙 200ml 36개,28600.0,37180.0,0.0,0.0,0.0,,,,13337,판매중,티오피 더블랙 200ml 36개,티오피 더블랙 200ml 36개,9999
667a5fc5c4f17e8c10065510,24-06-09,티오피 더블랙 200ml 72개,54400.0,70720.0,0.0,0.0,0.0,,,,13337,판매중,티오피 더블랙 200ml 72개,티오피 더블랙 200ml 72개,9999
667a5ff9767a9e6f1245f923,24-06-07,티오피 마스터라떼 200ml 36개,28600.0,37180.0,0.0,0.0,0.0,,,,13337,판매중,티오피 마스터라떼 200ml 36개,티오피 마스터라떼 200ml 36개,9999
667a602a373403d62ca1a56b,24-06-07,티오피 마스터라떼 200ml 72개,54400.0,70720.0,0.0,0.0,0.0,,,,13337,판매중,티오피 마스터라떼 200ml 72개,티오피 마스터라떼 200ml 72개,9996
667a6055a360449825ac23db,24-06-08,티오피 스위트아메리카노 200ml 36개,28600.0,37180.0,0.0,0.0,0.0,,,,13337,판매중,티오피 스위트아메리카노 200ml 36개,티오피 스위트아메리카노 200ml 36개,9999
667a607b9a56f300e75d8d93,24-06-08,티오피 스위트아메리카노 200ml 72개,54400.0,70720.0,0.0,0.0,0.0,,,,13337,판매중,티오피 스위트아메리카노 200ml 72개,티오피 스위트아메리카노 200ml 72개,9999
667a60baf8df5f2bd026e00d,35-18-10,참맑은 비스카페라떼 175ml 30개,13100.0,17030.0,0.0,0.0,0.0,,,,13337,판매중,참맑은 비스카페라떼 175ml 30개,참맑은 비스카페라떼 175ml 30개,9999
667a60e0fd071b7f5cc56a70,35-18-10,참맑은 비스카페라떼 175ml 90개,33000.0,42900.0,0.0,0.0,0.0,,,,13337,판매중,참맑은 비스카페라떼 175ml 90개,참맑은 비스카페라떼 175ml 90개,9999
67491ba01f5e3d4aad71f0cb,21-100,남양 맛있는 두유 GT 검은콩깨 190ml 24개,13400.0,17420.0,0.0,0.0,0.0,,,,103378,판매중,남양 맛있는 두유 GT 검은콩깨 190ml 24개,남양 맛있는 두유 GT 검은콩깨 190ml 24개,9828
67491bdd77151d925da80b1b,21-100,남양 맛있는 두유 GT 검은콩깨 190ml 72개,34100.0,44330.0,0.0,0.0,0.0,,,,103378,판매중,남양 맛있는 두유 GT 검은콩깨 190ml 72개,남양 맛있는 두유 GT 검은콩깨 190ml 72개,9904
67a30dbf47624554416a7c3c,MGG1EA-67-74,명가 꽈배기 참깨 500g 1개,8800.0,11440.0,0.0,0.0,0.0,,,,103476,판매중,명가 꽈배기 참깨 500g 1개,명가 꽈배기 참깨 500g 1개,9984
67a30dea9b2ff2c71a1f4562,MGG1EA-67-74-01,명가 꽈배기 흑당 500g 1개,8800.0,11440.0,0.0,0.0,0.0,,,,103476,판매중,명가 꽈배기 흑당 500g 1개,명가 꽈배기 흑당 500g 1개,9928
67a30e27fa42ae6f8a48c6f7,67-74,명가 꽈배기 참깨 500g 16개,89100.0,115830.0,0.0,0.0,0.0,,,,103476,판매중,명가 꽈배기 참깨 500g 16개,명가 꽈배기 참깨 500g 16개,9992
67a30e55e37ee8bad861a35f,67-74-01,명가 꽈배기 흑당 500g 16개,89100.0,115830.0,0.0,0.0,0.0,,,,103476,판매중,명가 꽈배기 흑당 500g 16개,명가 꽈배기 흑당 500g 16개,9998
67bd6205961b1c5efd1a48a8,BT10EA-55-01,헛개 컨디션 100ml 10병,25500.0,33150.0,0.0,0.0,0.0,,,,103390,판매중,CJ헛개 컨디션100ml(80),CJ헛개 컨디션100ml(80),9993
67bd62a978d351685f528bcd,BT10EA-28-13-05,현대 비타업 100ml 40병,17800.0,23140.0,0.0,0.0,0.0,,,,103389,판매중,현대 비타업 100ml 40병,현대 비타업 100ml 40병,9999
67bd63247c8330bf851b06c7,BT10EA-28-13,헬씨올리고 100ml 40병,22300.0,28990.0,0.0,0.0,0.0,,,,103389,판매중,헬씨올리고 100ml 40병,헬씨올리고 100ml 40병,9999
67bd77d696e7d37083b51120,BT10EA-20-10,광동 쌍화골드 100ml 40병,24000.0,31200.0,0.0,0.0,0.0,,,,103387,판매중,광동 쌍화골드 100ml 40병,광동 쌍화골드 100ml 40병,9999
67bd783206110efad5699458,BT10EA-20-04,광동 비타500 100ml 40병,23400.0,30420.0,0.0,0.0,0.0,,,,103389,판매중,광동 비타500 100ml 40병,광동 비타500 100ml 40병,9999
67bd78ced5b98e808e6e2a04,BT10EA-55-09,HK이노엔 홍삼진병 100ml 40병,20000.0,26000.0,0.0,0.0,0.0,,,,103387,판매중,HK이노엔 홍삼진병 100ml 40병,HK이노엔 홍삼진병 100ml 40병,9999
67be6290eeb29c3a963db7c8,BT10EA-28-50,미에로 100ml 40병,23600.0,30680.0,0.0,0.0,0.0,,,,103389,판매중,미에로 100ml 40병,미에로 100ml 40병,9999
67be70cfa780b3c0f8e13514,35-14,참맑은 복분자 175ml 30개,12400.0,16120.0,0.0,0.0,0.0,,,,103355,판매중,참맑은 복분자 175ml 30개,참맑은 복분자 175ml 30개,9999
67be7192bad20de271d97705,23-34-05,웅진 자연은 사과 180ml 30개,13100.0,17030.0,0.0,0.0,0.0,,,,103355,판매중,웅진 자연은 사과 180ml 30개,웅진 자연은 사과 180ml 30개,9999
67be7261b6131e52ba9d4dd5,23-48.,웅진 자연은 망고 캔 180ml 30개,13800.0,17940.0,0.0,0.0,0.0,,,,103355,판매중,웅진 자연은 망고 캔 180ml 30개,웅진 자연은 망고 캔 180ml 30개,9999
67be7901b12f434b604e3be0,31-01-08,코카콜라제로 업소용 245ml 30개,21300.0,27000.0,0.0,0.0,0.0,,,,103412,판매중,코카콜라제로 업소용 245ml 30개,코카콜라제로 업소용 245ml 30개,9999
67be7a05f40c32368e236ac3,25-50-04,진로 토닉워터 캔 250ml 30개,18700.0,24310.0,0.0,0.0,0.0,,,,103350,판매중,진로 토닉워터 캔 250ml 30개,진로 토닉워터 캔 250ml 30개,9999
67be7a4f9e141d0e74628959,31-03-11,몬스터에너지 오지스타일 레모네이드 355ml 24개,36500.0,46300.0,0.0,0.0,0.0,,,,103407,판매중,몬스터에너지 오지스타일 레모네이드 355ml 24개,몬스터에너지 오지스타일 레모네이드 355ml 24개,9999
67be7ac0deb105948a2f4c3b,31-47-14,환타 업소용 포도 캔 355ml 24개,18800.0,24440.0,0.0,0.0,0.0,,,,103407,판매중,환타 포도 캔 355ml 24개,환타 포도 캔 355ml 24개,9999
67be8133b12f434b604ea4c7,27-91-03,립톤 제로 복숭아맛 355ml 24개,16700.0,21710.0,0.0,0.0,0.0,,,,103355,판매중,립톤 제로 복숭아맛 355ml 24개,립톤 제로 복숭아맛 355ml 24개,9999
67be81d6ab747655a5456d7f,12-11-02,동원 쿨피스 파인애플 제로 230ml 30개,15200.0,19760.0,0.0,0.0,0.0,,,,103355,판매중,동원 쿨피스 파인애플 제로 230ml 30개,동원 쿨피스 파인애플 제로 230ml 30개,9999
67be821ba780b3c0f8e20285,28-52-02,미에로 스파클링제로 250ml 30개,17600.0,22880.0,0.0,0.0,0.0,,,,103389,판매중,미에로 스파클링제로 250ml 30개,미에로 스파클링제로 250ml 30개,9999
67be8260ab747655a5457287,100-100,씨그램 플레인 350ml 24페트,17900.0,23270.0,0.0,0.0,0.0,,,,103350,판매중,씨그램 플레인 350ml 24페트,씨그램 플레인 350ml 24페트,9999
67be82999e141d0e7462e668,100-100-02,씨그램 레몬 350ml 24페트,17900.0,23270.0,0.0,0.0,0.0,,,,103406,판매중,씨그램 레몬 350ml 24페트,씨그램 레몬 350ml 24페트,9999
67be82dcf58aeab16c5a8ab4,100-100-01,씨그램 라임 350ml 24페트,17900.0,23270.0,0.0,0.0,0.0,,,,103350,판매중,씨그램 라임 350ml 24페트,씨그램 라임 350ml 24페트,9999
67be836c9e141d0e7462ffae,31-04-03,코카콜라제로 업소용 500ml 24개,23200.0,28100.0,0.0,0.0,0.0,,,,103412,판매중,코카콜라제로 업소용 500ml 24개,코카콜라제로 업소용 500ml 24개,9999
67be83a58d8a20954ade0019,31-05-001,코카콜라제로(업소) 1.25L 12개,21600.0,25900.0,0.0,0.0,0.0,,,,103412,판매중,코카콜라제로(업소) 1.25L 12개,코카콜라제로(업소) 1.25L 12개,9997
67be8449a780b3c0f8e225b9,21-108-110-02,남양 프렌치카페 커피믹스 20T 24개,94000.0,116300.0,0.0,0.0,0.0,,,,103967,판매중,남양 프렌치카페 커피믹스 20T 24개,남양 프렌치카페 커피믹스 20T 24개,9999
67be85f184f8e48f2e29ec29,11-40,동원참치기획 [살코기100g x4+고추100g x4] 10박스 총 80개입,121800.0,158340.0,0.0,0.0,0.0,,,,103101,판매중,동원참치기획 [살코기100g x4+고추100g x4] 10박스 총 80개입,동원참치기획 [살코기100g x4+고추100g x4] 10박스 총 80개입,9999
67bebb918886d6a2bdc03900,34-21,동원 레몬녹차 350ml 24개,15600.0,20280.0,0.0,0.0,0.0,,,,103397,판매중,동원 레몬녹차 350ml 24개,동원 레몬녹차 350ml 24개,9999
67bebc298886d6a2bdc03c0c,26-04,웅진 가야 토마토농장 1.5L 12개,32100.0,41730.0,0.0,0.0,0.0,,,,103373,판매중,웅진 가야 토마토농장 1.5L 12개,웅진 가야 토마토농장 1.5L 12개,9999
67bebc8d3e5b673e0e68b998,39-33,방울이 구포국수 3kg 6개,36500.0,47450.0,0.0,0.0,0.0,,,,103047,판매중,방울이 구포국수 3kg 6개,방울이 구포국수 3kg 6개,9999
67bebcdd8886d6a2bdc043a5,29-05-02,일화 초정 탄산수 355ml 24캔,16000.0,20800.0,0.0,0.0,0.0,,,,103350,판매중,일화 초정 탄산수 355ml 24캔,일화 초정 탄산수 355ml 24캔,9999
67bfb13b14cff67c5aca6f61,BT10EA-28-13-05,현대 비타업 100ml 80병,31300.0,40690.0,0.0,0.0,0.0,,,,103389,판매중,현대 비타업 100ml 80병,현대 비타업 100ml 80병,9999
67bfb22eba8316dac0168e4e,BT10EA-28-13,헬씨올리고 100ml 80병,40100.0,52130.0,0.0,0.0,0.0,,,,103389,판매중,헬씨올리고 100ml 80병,헬씨올리고 100ml 80병,9999
67bfb3f1612c963519527e8f,BT10EA-20-10,광동 쌍화골드 100ml 80병,43300.0,56290.0,0.0,0.0,0.0,,,,103387,판매중,광동 쌍화골드 100ml 80병,광동 쌍화골드 100ml 80병,9999
67bfb464ba8316dac0169fde,BT10EA-20-04,광동 비타500 100ml 80병,42400.0,55120.0,0.0,0.0,0.0,,,,103389,판매중,광동 비타500 100ml 80병,광동 비타500 100ml 80병,9999
67bfb6190670635cb86788ff,BT10EA-55-09,HK이노엔 홍삼진병 100ml 80병,35400.0,46020.0,0.0,0.0,0.0,,,,103387,판매중,HK이노엔 홍삼진병 100ml 80병,HK이노엔 홍삼진병 100ml 80병,9999
67bfb6bc0670635cb8678bab,BT10EA-28-50,미에로 100ml 80병,42700.0,55510.0,0.0,0.0,0.0,,,,103389,판매중,미에로 100ml 80병,미에로 100ml 80병,9999
67bfbc793396249331348465,35-14,참맑은 복분자 175ml 90개,30800.0,40040.0,0.0,0.0,0.0,,,,103355,판매중,참맑은 복분자 175ml 90개,참맑은 복분자 175ml 90개,9999
67bfbcecdb1fd48129e006cd,23-34-05,웅진 자연은 사과 180ml 90개,32000.0,41600.0,0.0,0.0,0.0,,,,103355,판매중,웅진 자연은 사과 180ml 90개,웅진 자연은 사과 180ml 90개,9999
67bfbe5a137ceb058c6ee219,29-05-02,일화 초정 탄산수 355ml 48캔,29400.0,38220.0,0.0,0.0,0.0,,,,103350,판매중,일화 초정 탄산수 355ml 48캔,일화 초정 탄산수 355ml 48캔,9999
67bfbea7476367190fd41f9f,31-01-08,코카콜라제로 업소용 245ml 60개,39400.0,48500.0,0.0,0.0,0.0,,,,103412,판매중,코카콜라제로 업소용 245ml 60개,코카콜라제로 업소용 245ml 60개,9999
67bfbf22ba8316dac016f1ac,25-50-04,진로 토닉워터 캔 250ml 60개,34700.0,45110.0,0.0,0.0,0.0,,,,103407,판매중,진로 토닉워터 캔 250ml 60개,진로 토닉워터 캔 250ml 60개,9999
67bfc056137ceb058c6ee70d,31-03-11,몬스터에너지 오지스타일 레모네이드 355ml 48개,69800.0,85300.0,0.0,0.0,0.0,,,,103407,판매중,몬스터에너지 오지스타일 레모네이드 355ml 48개,몬스터에너지 오지스타일 레모네이드 355ml 48개,9999
67bfc0f03127ca6a5901d7f0,31-47-14,환타 업소용 포도 캔 355ml 48개,35000.0,45500.0,0.0,0.0,0.0,,,,103407,판매중,환타 포도 캔 355ml 48개,환타 포도 캔 355ml 48개,9999
67bfc12df64a7ed2b8b1e9be,27-91-03,립톤 제로 복숭아맛 355ml 48개,30600.0,39780.0,0.0,0.0,0.0,,,,103355,판매중,립톤 제로 복숭아맛 355ml 48개,립톤 제로 복숭아맛 355ml 48개,9999
67bfc181d0fe6bdd17a8a04e,12-11-02,동원 쿨피스 파인애플 제로 230ml 60개,27600.0,35880.0,0.0,0.0,0.0,,,,103355,판매중,동원 쿨피스 파인애플 제로 230ml 60개,동원 쿨피스 파인애플 제로 230ml 60개,9999
67bfc1bdbea12fdd5fd929aa,28-52-02,미에로 스파클링제로 250ml 60개,32300.0,41990.0,0.0,0.0,0.0,,,,103407,판매중,미에로 스파클링제로 250ml 60개,미에로 스파클링제로 250ml 60개,9999
