상품번호,코드,상품명,판매가,정가,배송비,즉시할인,포인트,바코드,오퍼코드,옵션코드,수수료raw,옵션번호,옵션명
739375,31-22-02,코라콜라 제로 업소용 355ml 48개,38000.0,44000.0,3000.0,0.0,0.0,,,,4.5,1447356,코라콜라 제로 업소용 355ml 48개
739373,27-36,펩시콜라 355ml(업소용) 48개,29900.0,29900.0,3000.0,0.0,0.0,,,,4.5,1447354,펩시콜라 355ml(업소용) 48개
739371,27-37,펩시콜라 제로 업소용 355ml 48개,31400.0,31400.0,3000.0,0.0,0.0,,,,4.5,1447352,펩시콜라 제로 업소용 355ml 48개
739366,31-03-05,코카콜라 355ml(업소용) 48개,38300.0,47900.0,3000.0,0.0,0.0,,,,4.5,1447346,코카콜라 355ml(업소용) 48개
690091,27-37,펩시콜라 제로 업소용 355ml 24개,15400.0,21400.0,3000.0,0.0,0.0,,,,4.5,1348406,펩시콜라 제로 업소용 355ml 24개
645075,65-01,메종페리에 라임 캔 330ml 24개,6900.0,11000.0,3000.0,0.0,0.0,,,,5,1265899,메종페리에 라임 캔 330ml 24개
569107,15-08-05,미닛메이드 제주감귤 1.5L 12개,20600.0,26600.0,3000.0,0.0,0.0,,,,4.5,1106032,미닛메이드 제주감귤 1.5L 12개
569106,54-21-01,팔도비빔면2 32입 변우석 포토카드 버전,25400.0,31400.0,3000.0,0.0,0.0,,,,5.5,1106031,팔도비빔면2 32입 변우석 포토카드 버전
569105,55-01-02,헛개 컨디션 120ml 50개,123900.0,129900.0,3000.0,0.0,0.0,,,,4.5,1106030,헛개 컨디션 120ml 50개
569104,23-13-01,웅징 아침햇살 고구마 500ml 20개,24500.0,30500.0,3000.0,0.0,0.0,,,,4.5,1106029,웅징 아침햇살 고구마 500ml 20개
569103,23-13-02,웅진 아침햇살 옥수수 500ml 20개,24500.0,30500.0,3000.0,0.0,0.0,,,,4.5,1106028,웅진 아침햇살 옥수수 500ml 20개
569102,31-05-001,코카콜라제로(업소) 1.25L 12개,17600.0,22700.0,3000.0,0.0,0.0,,,,4.5,1106027,코카콜라제로(업소) 1.25L 12개
569101,11-74-07,동서 리치스 파인청크 3kg 5개,56600.0,62600.0,3000.0,0.0,0.0,,,,5,1106026,동서 리치스 파인청크 3kg 5개
569100,24-35-03,티오피 더블랙 380ml 24개,29000.0,35000.0,3000.0,0.0,0.0,,,,5,1106025,티오피 더블랙 380ml 24개
569099,24-35-02,티오피 스위트아메리카노 380ml 24개,29000.0,35000.0,3000.0,0.0,0.0,,,,5,1106024,티오피 스위트아메리카노 380ml 24개
569098,24-35-01,티오피 마스터라떼 380ml 24개,29000.0,35000.0,3000.0,0.0,0.0,,,,5,1106023,티오피 마스터라떼 380ml 24개
569097,31-18,미닛메이드 오렌지 350ml 24개,27900.0,33900.0,3000.0,0.0,0.0,,,,4.5,1106022,미닛메이드 오렌지 350ml 24개
569096,22-13-03,뽀로로 복숭아 235ml 24개,19400.0,25400.0,3000.0,0.0,0.0,,,,4.5,1106021,뽀로로 복숭아 235ml 24개
569095,24-173,티오피 마스터라떼 275ml 24개,24000.0,30000.0,3000.0,0.0,0.0,,,,5,1106020,티오피 마스터라떼 275ml 24개
569094,24-175,티오피 더블랙 275ml 24개,24000.0,30000.0,3000.0,0.0,0.0,,,,5,1106019,티오피 더블랙 275ml 24개
569093,24-174,티오피 스위트아메리카노 275ml 24개,24000.0,30000.0,3000.0,0.0,0.0,,,,5,1106018,티오피 스위트아메리카노 275ml 24개
569092,24-06-07,티오피 마스터라떼 200ml 36개,24900.0,30900.0,3000.0,0.0,0.0,,,,5,1106017,티오피 마스터라떼 200ml 36개
569091,24-06-08,티오피 스위트아메리카노 200ml 36개,24900.0,30900.0,3000.0,0.0,0.0,,,,5,1106016,티오피 스위트아메리카노 200ml 36개
569090,24-06-09,티오피 더블랙 200ml 36개,24900.0,30900.0,3000.0,0.0,0.0,,,,5,1106015,티오피 더블랙 200ml 36개
569089,23-48.,웅진 자연은 망고 캔 180ml 30개,10200.0,16200.0,3000.0,0.0,0.0,,,,4.5,1106014,웅진 자연은 망고 캔 180ml 30개
569088,81-12-02,웅진 자연은 샤인머스켓 캔 180ml 30개,9500.0,15500.0,3000.0,0.0,0.0,,,,4.5,1106013,웅진 자연은 샤인머스켓 캔 180ml 30개
569087,35-14,참맑은 복분자 175ml 30개,8900.0,14900.0,3000.0,0.0,0.0,,,,4.5,1106012,참맑은 복분자 175ml 30개
569086,35-18-10,참맑은 비스카페라떼 175ml 30개,9600.0,15600.0,3000.0,0.0,0.0,,,,5,1106011,참맑은 비스카페라떼 175ml 30개
569085,31-17-02,스프라이트 190ml 30개,16000.0,20300.0,3000.0,0.0,0.0,,,,4.5,1106010,스프라이트 190ml 30개
569084,100-99,씨그램 190ml 캔 30개,9400.0,15400.0,3000.0,0.0,0.0,,,,5,1106009,씨그램 190ml 캔 30개
506884,31-22-02,태동마트 대표 음료 모음,40300.0,50400.0,3000.0,0.0,0.0,,,,4.5,973613,코카콜라-제로 [업소] 355ml*48개
506884,31-03-05,태동마트 대표 음료 모음,40400.0,50400.0,3000.0,0.0,0.0,,,,4.5,973614,코카콜라 [업소] 355ml*48개
506884,27-16,태동마트 대표 음료 모음,36300.0,47200.0,3000.0,0.0,0.0,,,,4.5,973615,칠성사이다 [업소] 355ml*48개
506884,31-17,태동마트 대표 음료 모음,31300.0,40700.0,3000.0,0.0,0.0,,,,4.5,973616,스프라이트 [업소] 355ml*48개
506884,31-47-01,태동마트 대표 음료 모음,34200.0,47200.0,3000.0,0.0,0.0,,,,4.5,973617,환타-파인 [업소] 355ml*48개
506884,31-47,태동마트 대표 음료 모음,31900.0,44500.0,3000.0,0.0,0.0,,,,4.5,973618,환타-오렌지 [업소] 355ml*48개
506884,31-17-03,태동마트 대표 음료 모음,30600.0,44500.0,3000.0,0.0,0.0,,,,4.5,973619,스프라이트-제로 [업소] 355ml*48개
506884,31-04-02,태동마트 대표 음료 모음,19900.0,25900.0,3000.0,0.0,0.0,,,,4.5,973620,코카콜라 [업소] 500ml*24개
506884,27-25-01,태동마트 대표 음료 모음,19500.0,25900.0,3000.0,0.0,0.0,,,,4.5,973621,칠성사이다 [업소] 500ml*24개
506884,31-09-06,태동마트 대표 음료 모음,18000.0,25900.0,3000.0,0.0,0.0,,,,4.5,973622,스프라이트 [업소] 500ml*24개
506884,31-09-01,태동마트 대표 음료 모음,16500.0,25900.0,3000.0,0.0,0.0,,,,4.5,973623,스프라이트 [업소] 1.5L*12개
506884,31-05-01,태동마트 대표 음료 모음,18500.0,25900.0,3000.0,0.0,0.0,,,,4.5,973624,코카콜라 [업소] 1.25L*12개
506884,31-01-04,태동마트 대표 음료 모음,33700.0,43800.0,3000.0,0.0,0.0,,,,4.5,973625,코카콜라 슬림 [업소] 245ml*60개
506884,27-08-01,태동마트 대표 음료 모음,42500.0,52400.0,3000.0,0.0,0.0,,,,4.5,973626,칠성사이다 슬림 [업소] 245ml*60개
503268,08-28,[물가안정] 백설 콩식용유 1.8L x 10개,54800.0,60700.0,3000.0,0.0,0.0,,,,5,960370,[물가안정] 백설 콩식용유 1.8L x 10개
485029,35-18-07,참맑은 사과 175ml 30개,9000.0,15000.0,3000.0,0.0,0.0,,,,4.5,926616,참맑은 사과 175ml 30개
485028,35-18-08,참맑은 배 175ml 30개,9600.0,15600.0,3000.0,0.0,0.0,,,,4.5,926615,참맑은 배 175ml 30개
485027,35-18-09,참맑은 머스캣 175ml 30개,8800.0,14800.0,3000.0,0.0,0.0,,,,4.5,926614,참맑은 머스캣 175ml 30개
485026,21-004,사과야 팩 190ml 24개,5300.0,11300.0,3000.0,0.0,0.0,,,,4.5,926613,사과야 팩 190ml 24개
485025,21-004-01,청포도야 팩 190ml 24개,5300.0,11300.0,3000.0,0.0,0.0,,,,4.5,926612,청포도야 팩 190ml 24개
477193,22-04-00,비락식혜제로1.5 (48),23900.0,29900.0,3000.0,0.0,0.0,,,,4.5,906775,비락식혜제로1.5 (48)
477192,22-01-06,비락식혜 제로 238ml 24개,12700.0,18700.0,3000.0,0.0,0.0,,,,4.5,906772,비락식혜 제로 238ml 24개
475080,15-02-01,사조 부침가루 1kg 10개,20100.0,26100.0,3000.0,0.0,0.0,,,,5,899597,사조 부침가루 1kg 10개
475079,15-02-02,사조 튀김가루 1kg 10개,20100.0,26100.0,3000.0,0.0,0.0,,,,5,899596,사조 튀김가루 1kg 10개
475078,15-04-11,사조 고등어 통조림 300g 24개,49200.0,55200.0,3000.0,0.0,0.0,,,,5,899595,사조 고등어 통조림 300g 24개
475077,79-02-01,사조 24.7 뼈없는 소갈비탕 500g 16개,66200.0,72200.0,3000.0,0.0,0.0,,,,8,899594,사조 24.7 뼈없는 소갈비탕 500g 16개
475076,79-02-02,사조 24.7 사골 돼지국밥 500g 16개,54200.0,60200.0,3000.0,0.0,0.0,,,,8,899593,사조 24.7 사골 돼지국밥 500g 16개
475075,79-02-03,사조 24.7 진한 사골곰탕 500g 16개,16700.0,22700.0,3000.0,0.0,0.0,,,,8,899592,사조 24.7 진한 사골곰탕 500g 16개
475074,15-09-03,사조 한알레시피 사골 68g 20개,75900.0,81900.0,3000.0,0.0,0.0,,,,5,899591,사조 한알레시피 사골 68g 20개
475073,15-09-01,사조 한알레시피 한우 80g 20개,75900.0,81900.0,3000.0,0.0,0.0,,,,5,899590,사조 한알레시피 한우 80g 20개
475072,15-09-02,사조 한알레시피 해물 80g 20개,75900.0,81900.0,3000.0,0.0,0.0,,,,5.5,899589,사조 한알레시피 해물 80g 20개
475071,64-01-02,사조 팝콘 달콤한맛 80g 48개,42200.0,48200.0,3000.0,0.0,0.0,,,,6,899588,사조 팝콘 달콤한맛 80g 48개
475070,64-01-01,사조 버터맛 팝콘 80g 48개,42200.0,48200.0,3000.0,0.0,0.0,,,,6,899587,사조 버터맛 팝콘 80g 48개
475069,64-01,사조 오리지널 팝콘 80g 48개,42200.0,48200.0,3000.0,0.0,0.0,,,,6,899586,사조 오리지널 팝콘 80g 48개
475068,59-01,사조 고소한 참기름 320ml 12개,59600.0,65600.0,3000.0,0.0,0.0,,,,5.5,899585,사조 고소한 참기름 320ml 12개
475067,59-01-01,사조 고소한 참기름 500ml 12개,90700.0,96700.0,3000.0,0.0,0.0,,,,5.5,899584,사조 고소한 참기름 500ml 12개
475066,53-01-06,사조 깔끔 요리유 900ml 12개,57700.0,63700.0,3000.0,0.0,0.0,,,,5,899583,사조 깔끔 요리유 900ml 12개
475065,53-01-05,사조 바삭 요리유 900ml 12개,51700.0,57700.0,3000.0,0.0,0.0,,,,5,899582,사조 바삭 요리유 900ml 12개
475064,53-01-03,사조 옥수수유 1.8L 12개,89700.0,95700.0,3000.0,0.0,0.0,,,,5,899581,사조 옥수수유 1.8L 12개
475063,53-01-04,사조 올리브유 900ml 12개,227100.0,233100.0,3000.0,0.0,0.0,,,,5,899580,사조 올리브유 900ml 12개
475062,59-01-03,사조 참 진한 들기름 320ml 12개,86900.0,92900.0,3000.0,0.0,0.0,,,,5.5,899579,사조 참 진한 들기름 320ml 12개
475061,53-01-07,사조 카놀라유 900ml 12개,54400.0,60400.0,3000.0,0.0,0.0,,,,5,899578,사조 카놀라유 900ml 12개
475060,53-01-01,사조 콩기름 0.5L 30개,67000.0,73000.0,3000.0,0.0,0.0,,,,5,899577,사조 콩기름 0.5L 30개
475059,53-01-02,사조 콩기름 0.9L 20개,44800.0,50800.0,3000.0,0.0,0.0,,,,5,899576,사조 콩기름 0.9L 20개
475058,53-01-08,사조 포도씨유 900ml 12개,85800.0,91800.0,3000.0,0.0,0.0,,,,5,899575,사조 포도씨유 900ml 12개
475057,59-01-02,사조 고소한 참기름 55ml 30개,51300.0,57300.0,3000.0,0.0,0.0,,,,5.5,899574,사조 고소한 참기름 55ml 30개
475056,53-03-01,사조 더고소한 재래김 16p 8개,30000.0,36000.0,3000.0,0.0,0.0,,,,5,899573,사조 더고소한 재래김 16p 8개
475055,53-03,사조 더고소한 파래김 16p 8개,30000.0,36000.0,3000.0,0.0,0.0,,,,5,899572,사조 더고소한 파래김 16p 8개
475054,15-04-10,사조 꽁치 통조림 300g 24개,68200.0,74200.0,3000.0,0.0,0.0,,,,5,899571,사조 꽁치 통조림 300g 24개
475053,79-01-03,사조 참육수 멸치다시마 500g 12개,50300.0,56300.0,3000.0,0.0,0.0,,,,5,899570,사조 참육수 멸치다시마 500g 12개
475052,38-01,사조 쫄깃한당면 500g 20개,51700.0,57700.0,3000.0,0.0,0.0,,,,6.5,899569,사조 쫄깃한당면 500g 20개
475051,59-02-01,사조 맛술 800ml 15개,33500.0,39500.0,3000.0,0.0,0.0,,,,5.5,899568,사조 맛술 800ml 15개
475050,53-04-01,사조 물엿 1.2kg 12개,30700.0,36700.0,3000.0,0.0,0.0,,,,5.5,899567,사조 물엿 1.2kg 12개
475049,53-04-02,사조 물엿 700g 20개,37000.0,43000.0,3000.0,0.0,0.0,,,,5.5,899566,사조 물엿 700g 20개
475048,58-01,사조 라이트팜 200g 48개,84600.0,90600.0,3000.0,0.0,0.0,,,,5,899565,사조 라이트팜 200g 48개
475047,58-01-01,사조 안심팜 340g 24개,85100.0,91100.0,3000.0,0.0,0.0,,,,5,899564,사조 안심팜 340g 24개
475046,53-01-13,사조 사과식초 1.8L 8개,23300.0,29300.0,3000.0,0.0,0.0,,,,5.5,899563,사조 사과식초 1.8L 8개
475045,53-01-12,사조 양조식초 1.8L 8개,13400.0,19400.0,3000.0,0.0,0.0,,,,5.5,899562,사조 양조식초 1.8L 8개
475044,79-01-05,사조 참치액 칼칼한맛 900g 10개,90500.0,96500.0,3000.0,0.0,0.0,,,,5.5,899561,사조 참치액 칼칼한맛 900g 10개
475043,79-01,사조 참치액 일반맛 900g 10개,61500.0,67500.0,3000.0,0.0,0.0,,,,5.5,899560,사조 참치액 일반맛 900g 10개
475042,79-01-02,사조 프리미엄 꽃게액 550ml 12개,87000.0,93000.0,3000.0,0.0,0.0,,,,5,899559,사조 프리미엄 꽃게액 550ml 12개
475041,79-01-04,사조 프리미엄 참치액 550ml 12개,83800.0,89800.0,3000.0,0.0,0.0,,,,5,899558,사조 프리미엄 참치액 550ml 12개
475040,79-01-01,사조 홍게액 900g 12개,77900.0,83900.0,3000.0,0.0,0.0,,,,5,899557,사조 홍게액 900g 12개
475039,53-01-10,사조 올리고당 1.2kg 12개,51000.0,57000.0,3000.0,0.0,0.0,,,,5.5,899556,사조 올리고당 1.2kg 12개
475038,53-01-09,사조 올리고당 700g 20개,54700.0,60700.0,3000.0,0.0,0.0,,,,5.5,899555,사조 올리고당 700g 20개
475037,48-01-01,사조 365.24 오리지널 구운 육포 30g 30개,59700.0,65700.0,3000.0,0.0,0.0,,,,6,899554,사조 365.24 오리지널 구운 육포 30g 30개
475036,48-01,사조 365.24 오리지널 육포 30g 30개,59700.0,65700.0,3000.0,0.0,0.0,,,,6,899553,사조 365.24 오리지널 육포 30g 30개
475035,53-01-11,사조 조청 1.2kg 12개,48300.0,54300.0,3000.0,0.0,0.0,,,,5,899552,사조 조청 1.2kg 12개
475034,38-02,사조 볶음참깨 180g 20개,72600.0,78600.0,3000.0,0.0,0.0,,,,4,899551,사조 볶음참깨 180g 20개
475033,15-07-11,사조 생생참치 레귤러 115g 24개,62400.0,68400.0,3000.0,0.0,0.0,,,,5,899550,사조 생생참치 레귤러 115g 24개
475032,15-07-02,사조 찌개참치 85g 48개,49700.0,55700.0,3000.0,0.0,0.0,,,,5,899549,사조 찌개참치 85g 48개
475031,15-07-04,사조 통살참치 마라맛 100g 48개,80800.0,86800.0,3000.0,0.0,0.0,,,,5,899548,사조 통살참치 마라맛 100g 48개
475030,15-07-06,사조 통살참치 알바코 100g 48개,92200.0,98200.0,3000.0,0.0,0.0,,,,5,899547,사조 통살참치 알바코 100g 48개
475029,15-07-05,사조 통살참치 트러플 100g 48개,73500.0,79500.0,3000.0,0.0,0.0,,,,5,899546,사조 통살참치 트러플 100g 48개
475028,15-07-03,사조 통살참치 황다랑어 100g 48개,80800.0,86800.0,3000.0,0.0,0.0,,,,5,899545,사조 통살참치 황다랑어 100g 48개
475027,15-07-08,사조참치 간장버터 100g 48개,70800.0,76800.0,3000.0,0.0,0.0,,,,5,899544,사조참치 간장버터 100g 48개
475026,15-07-07,사조참치 고추할라피뇨 100g 48개,70800.0,76800.0,3000.0,0.0,0.0,,,,5,899543,사조참치 고추할라피뇨 100g 48개
475025,15-07-09,사조참치 짜장맛 100g 48개,70800.0,76800.0,3000.0,0.0,0.0,,,,5,899542,사조참치 짜장맛 100g 48개
475024,15-07-10,사조참치 토마토커리맛 100g 48개,70800.0,76800.0,3000.0,0.0,0.0,,,,5,899541,사조참치 토마토커리맛 100g 48개
475023,15-06-04,사조해표 살코기참치 85g 48개,47300.0,53300.0,3000.0,0.0,0.0,,,,5,899540,사조해표 살코기참치 85g 48개
475022,53-02-03,사조 순창궁 새콤상큼초고추장 1kg 12개,37800.0,43800.0,3000.0,0.0,0.0,,,,5.5,899539,사조 순창궁 새콤상큼초고추장 1kg 12개
475021,53-02-02,사조 순창궁 초고주창 170g 24개,28800.0,34800.0,3000.0,0.0,0.0,,,,5.5,899538,사조 순창궁 초고주창 170g 24개
475020,53-02,사조 순창궁 초고추장 320g 20개,41100.0,47100.0,3000.0,0.0,0.0,,,,5.5,899537,사조 순창궁 초고추장 320g 20개
475019,53-02-01,사조 순창궁 초고주창 530g 20개,58500.0,64500.0,3000.0,0.0,0.0,,,,5.5,899536,사조 순창궁 초고주창 530g 20개
471663,03-76-01,사조 진간장S 8L 8개,27800.0,33800.0,3000.0,0.0,0.0,,,,5.5,890447,사조 진간장S 8L 8개
471662,03-76-03,사조 양조간장 8L 8개,47400.0,53400.0,3000.0,0.0,0.0,,,,5.5,890446,사조 양조간장 8L 8개
471661,03-76-02,사조 국간장 8L 8개,36300.0,42300.0,3000.0,0.0,0.0,,,,5.5,890445,사조 국간장 8L 8개
471660,09-51-01,사조 순창궁태양초골드고추장 500g 20개,57100.0,63100.0,3000.0,0.0,0.0,,,,5.5,890444,사조 순창궁태양초골드고추장 500g 20개
471659,09-51-04,사조 순창궁태양초골드고추장 1kg 8개,38500.0,44500.0,3000.0,0.0,0.0,,,,5.5,890443,사조 순창궁태양초골드고추장 1kg 8개
471658,09-51-02,사조 순창궁태양초골드고추장 170g 24개,26600.0,32600.0,3000.0,0.0,0.0,,,,5.5,890442,사조 순창궁태양초골드고추장 170g 24개
471657,09-51-05,사조 순창궁우리햅쌀고추장 500g 20개,67900.0,73900.0,3000.0,0.0,0.0,,,,5.5,890441,사조 순창궁우리햅쌀고추장 500g 20개
471656,09-51-06,사조 순창궁우리햅쌀고추장 1kg 8개,44800.0,50800.0,3000.0,0.0,0.0,,,,5.5,890440,사조 순창궁우리햅쌀고추장 1kg 8개
471655,09-51-03,사조 순창궁우리햅쌀고추장 170g 24개,31900.0,37900.0,3000.0,0.0,0.0,,,,5.5,890439,사조 순창궁우리햅쌀고추장 170g 24개
471654,09-51-07,사조 순창궁매운햅쌀고추장 500g 20개,78400.0,84400.0,3000.0,0.0,0.0,,,,5.5,890438,사조 순창궁매운햅쌀고추장 500g 20개
471653,09-57-04,사조 얼큰 다시팩 15g-10ea 16개,82700.0,88700.0,3000.0,0.0,0.0,,,,5,890437,사조 얼큰 다시팩 15g-10ea 16개
471652,09-57-03,사조 야채 다시팩 15g-10ea 16개,82700.0,88700.0,3000.0,0.0,0.0,,,,5,890436,사조 야채 다시팩 15g-10ea 16개
471651,09-57-02,사조 새우해물 다시팩 15g-10ea 16개,82700.0,88700.0,3000.0,0.0,0.0,,,,5,890435,사조 새우해물 다시팩 15g-10ea 16개
471650,09-57-01,사조 멸치디포리 다시팩 15g-10ea 16개,82700.0,88700.0,3000.0,0.0,0.0,,,,5,890434,사조 멸치디포리 다시팩 15g-10ea 16개
471649,91-51-08,사조 순창궁재래식된장 500g 20개,36200.0,42200.0,3000.0,0.0,0.0,,,,5.5,890433,사조 순창궁재래식된장 500g 20개
471648,91-51-09,사조 순창궁재래식된장 1kg 8개,27200.0,33200.0,3000.0,0.0,0.0,,,,5.5,890432,사조 순창궁재래식된장 1kg 8개
471647,91-51-10,사조 순창궁재래식된장 170g 24개,25500.0,31500.0,3000.0,0.0,0.0,,,,5.5,890431,사조 순창궁재래식된장 170g 24개
471646,09-56-02,사조 완도미역 45g 40개,45100.0,51100.0,3000.0,0.0,0.0,,,,5,890430,사조 완도미역 45g 40개
471645,09-56-01,사조 완도미역 100g 30개,61800.0,67800.0,3000.0,0.0,0.0,,,,5,890429,사조 완도미역 100g 30개
471644,09-71-02,사조 중력밀가루 1kg 10개,13100.0,19100.0,3000.0,0.0,0.0,,,,5,890428,사조 중력밀가루 1kg 10개
471643,09-71-03,사조 우리밀밀가루 750g 14개,38700.0,44700.0,3000.0,0.0,0.0,,,,5,890427,사조 우리밀밀가루 750g 14개
471642,09-74-04,사조 천일염 3kg 5개,44400.0,50400.0,3000.0,0.0,0.0,,,,5,890426,사조 천일염 3kg 5개
471641,09-74-03,사조 천일염 5kg 10개,47500.0,53500.0,3000.0,0.0,0.0,,,,5,890425,사조 천일염 5kg 10개
471640,09-74-02,사조 꽃소금 500g 30개,23100.0,29100.0,3000.0,0.0,0.0,,,,5,890424,사조 꽃소금 500g 30개
471639,09-74-01,사조 꽃소금 1kg 14개,20200.0,26200.0,3000.0,0.0,0.0,,,,5,890423,사조 꽃소금 1kg 14개
471638,91-51-12,사조 가지양념쌈장 500g 20개,36600.0,42600.0,3000.0,0.0,0.0,,,,5.5,890422,사조 가지양념쌈장 500g 20개
471637,91-51-13,사조 가지양념쌈장 1kg 8개,27900.0,33900.0,3000.0,0.0,0.0,,,,5.5,890421,사조 가지양념쌈장 1kg 8개
471636,91-51-11,사조 가지양념쌈장 170g 24개,23300.0,29300.0,3000.0,0.0,0.0,,,,5.5,890420,사조 가지양념쌈장 170g 24개
471635,09-71-01,사조 찹쌀가루 350g 30개,85400.0,91400.0,3000.0,0.0,0.0,,,,4,890419,사조 찹쌀가루 350g 30개
464066,25-50-11,진로 토닉워터제로 솔 300ml 24페트,16700.0,20700.0,3000.0,0.0,0.0,,,,4.5,875492,진로 토닉워터제로 솔 300ml 24페트
464065,25-50-12,진로 토닉워터제로 와일드피치 300ml 24페트,19100.0,25100.0,3000.0,0.0,0.0,,,,4.5,875491,진로 토닉워터제로 와일드피치 300ml 24페트
464063,31-03-10,몬스터에너지 355ml 피치킨 24캔,33900.0,39900.0,3000.0,0.0,0.0,,,,4.5,875489,몬스터에너지 355ml 피치킨 24캔
464062,21-03-01,남양 프렌치카페 악마의유혹 마일드라떼 250ml 10개,9100.0,14500.0,3000.0,0.0,0.0,,,,5,875487,남양 프렌치카페 악마의유혹 마일드라떼 250ml 10개
458525,11-40-001-CB-11-40-112,동원참치 150g 살코기 12개 + 고추참치 12개 세트상품,57300.0,63300.0,3000.0,0.0,0.0,,,,5,863429,동원참치 150g 살코기 12개 + 고추참치 12개 세트상품
458519,25-01-01-CB-25-02,매일카페라떼 로어슈거 10개 + 카라멜마끼아토 10개 세트상품,25900.0,31900.0,3000.0,0.0,0.0,,,,5,863423,매일카페라떼 로어슈거 10개 + 카라멜마끼아토 10개 세트상품
458518,25-01-CB-25-02,매일카페라떼 마일드 10개 + 카라멜마끼아토 10개 세트상품,25900.0,31900.0,3000.0,0.0,0.0,,,,5,863422,매일카페라떼 마일드 10개 + 카라멜마끼아토 10개 세트상품
458517,25-01-CB-25-01-01,매일카페라떼 마일드 10개 + 로어슈거 10개 세트상품,25900.0,31900.0,3000.0,0.0,0.0,,,,5,863421,매일카페라떼 마일드 10개 + 로어슈거 10개 세트상품
458516,31-47-01-CB-31-47,환타 업소용 350ml 파인애플맛 24개 + 오렌지맛 24개,31400.0,37400.0,3000.0,0.0,0.0,,,,4.5,863420,환타 350ml 파인애플맛 24개 + 오렌지맛 24개
458515,31-03-08-CB-31-03-01,몬스터에너지 355ml 제로슈가 24캔 + 울트라 24캔 세트상품,70600.0,76600.0,3000.0,0.0,0.0,,,,4.5,863419,몬스터에너지 355ml 제로슈가 24캔 + 울트라 24캔 세트상품
458514,31-03-07-CB-31-03-01,몬스터에너지 355ml 망고로코 24캔 + 울트라 24캔 세트상품,71400.0,77400.0,3000.0,0.0,0.0,,,,4.5,863418,몬스터에너지 355ml 망고로코 24캔 + 울트라 24캔 세트상품
458513,31-03-07-CB-31-03-08,몬스터에너지 355ml 망고로코 24캔 + 제로슈가 24캔 세트상품,70600.0,76600.0,3000.0,0.0,0.0,,,,4.5,863417,몬스터에너지 355ml 망고로코 24캔 + 제로슈가 24캔 세트상품
458512,31-22-02-CB-31-03-05,코카콜라 업소용 355ml 일반 24개 + 코카콜라 업소용 제로 24개 세트상품,40900.0,52600.0,3000.0,0.0,0.0,,,,4.5,863416,코카콜라 업소용 355ml 일반 24개 + 코카콜라 업소용 제로 24개 세트상품
458511,24-28-01-CB-24-28-03,티오피 380ml 마스터라떼 20개 + 더블랙 20개 세트상품,43500.0,49500.0,3000.0,0.0,0.0,,,,5,863415,티오피 380ml 마스터라떼 20개 + 더블랙 20개 세트상품
458510,24-28-02-CB-24-28-03,티오피 380ml 스위트아메리카노 20개 + 더블랙 20개 세트상품,43500.0,49500.0,3000.0,0.0,0.0,,,,5,863414,티오피 380ml 스위트아메리카노 20개 + 더블랙 20개 세트상품
458509,24-28-02-CB-24-28-01,티오피 380ml 스위트아메리카노 20개 + 마스터라떼 20개 세트상품,43500.0,49500.0,3000.0,0.0,0.0,,,,5,863413,티오피 380ml 스위트아메리카노 20개 + 마스터라떼 20개 세트상품
458508,24-07-01-CB-24-07-03,티오피 275ml 스위트아메리카노 20개 + 더블랙 20개 세트상품,34700.0,40700.0,3000.0,0.0,0.0,,,,5,863412,티오피 275ml 스위트아메리카노 20개 + 더블랙 20개 세트상품
458507,24-07-CB-24-07-03,티오피 275ml 마스터라떼 20개 + 더블랙 20개 세트상품,34700.0,40700.0,3000.0,0.0,0.0,,,,5,863411,티오피 275ml 마스터라떼 20개 + 더블랙 20개 세트상품
458506,24-07-CB-24-07-01,티오피 275ml 마스터라떼 20개 + 스위트아메리카노 20개 세트상품,34700.0,40700.0,3000.0,0.0,0.0,,,,5,863410,티오피 275ml 마스터라떼 20개 + 스위트아메리카노 20개 세트상품
458505,12-41-01,쿨피스 제로 소팩 자두 140ml 24개,6700.0,12700.0,3000.0,0.0,0.0,,,,4.5,863409,쿨피스 제로 소팩 자두 140ml 24개
458504,12-41,쿨피스 제로 소팩 복숭아 140ml 24개,6600.0,12600.0,3000.0,0.0,0.0,,,,4.5,863408,쿨피스 제로 소팩 복숭아 140ml 24개
458503,31-01-011,코카콜라 제로 업소용 190ml 30개,17100.0,20800.0,3000.0,0.0,0.0,,,,4.5,863407,코카콜라 제로 업소용 190ml 30개
458502,35-18-06,참맑은 유자 175ml 30개,9500.0,15500.0,3000.0,0.0,0.0,,,,4.5,863406,참맑은 유자 175ml 30개
458501,52-55.,참맑은 알로에 175ml 30개,8800.0,14800.0,3000.0,0.0,0.0,,,,4.5,863405,참맑은 알로에 175ml 30개
458500,28-22,데미소다 복숭아맛 250ml 30개,16700.0,22700.0,3000.0,0.0,0.0,,,,4.5,863404,데미소다 복숭아맛 250ml 30개
458499,32-19,코코팜 포도 238ml 24개,13800.0,19800.0,3000.0,0.0,0.0,,,,4.5,863403,코코팜 포도 238ml 24개
458498,28-17,데자와 250ml 30개,20800.0,26800.0,3000.0,0.0,0.0,,,,4.5,863402,데자와 250ml 30개
458497,12-34,쿨피스 파인애플맛 350ml 24개,12900.0,18100.0,3000.0,0.0,0.0,,,,4.5,863401,쿨피스 파인애플맛 350ml 24개
458496,31-04,코카콜라 300ml 페트 24개,25900.0,31900.0,3000.0,0.0,0.0,,,,4.5,863400,코카콜라 300ml 페트 24개
458495,22-10-14,팔도 뽀로로 바나나맛 235ml 24개,18500.0,24500.0,3000.0,0.0,0.0,,,,7,863399,팔도 뽀로로 바나나맛 235ml 24개
458494,31-40-10,조지아 맥스 240ml 30개,16400.0,22400.0,3000.0,0.0,0.0,,,,5,863398,조지아 맥스 240ml 30개
458493,25-273,광동 생강쌍화 120ml 100개,73100.0,79100.0,3000.0,0.0,0.0,,,,4.5,863397,광동 생강쌍화 120ml 100개
458492,10-13,유동 고등어 통조림 400g 24개,54300.0,60300.0,3000.0,0.0,0.0,,,,5,863396,유동 고등어 통조림 400g 24개
458491,12-01-13,동원 보성홍차 아이스티제로 샤인머스켓 500ml 24개,15900.0,21900.0,3000.0,0.0,0.0,,,,4.5,863395,동원 보성홍차 아이스티제로 샤인머스켓 500ml 24개
458490,22-57,영진구론산 탄산오리지날 150ml 30개,18800.0,24800.0,3000.0,0.0,0.0,,,,4.5,863394,영진구론산 탄산오리지날 150ml 30개
458488,22-04-03,동원 배식혜 500ml 24개,17000.0,23000.0,3000.0,0.0,0.0,,,,4.5,863392,동원 배식혜 500ml 24개
458487,54-02,안성탕면 멀티팩 40개,27400.0,33400.0,3000.0,0.0,0.0,,,,6.5,863391,안성탕면 멀티팩 40개
458486,36-19,대상 미원 맛소금 2kg 6개,30700.0,36700.0,3000.0,0.0,0.0,,,,5,863390,대상 미원 맛소금 2kg 6개
458485,12-01-12,동원 보성홍차 아이스티 제로 애플 500ml 24개,15900.0,21900.0,3000.0,0.0,0.0,,,,4.5,863389,동원 보성홍차 아이스티 제로 애플 500ml 24개
458484,11-18,그린자이언트 니블렛 스위트콘 340g 24개,31200.0,37200.0,3000.0,0.0,0.0,,,,5,863388,그린자이언트 니블렛 스위트콘 340g 24개
458483,11-25,한성 꽁치 통조림 300g 24개,53500.0,59500.0,3000.0,0.0,0.0,,,,5,863387,한성 꽁치 통조림 300g 24개
458482,11-39-05,동원 꽁치 통조림 300g 24개,60700.0,66700.0,3000.0,0.0,0.0,,,,5,863386,동원 꽁치 통조림 300g 24개
423005,11-74-04,[첫구매특가] 리치스 파인애플 슬라이스 통조림 836g 12개,43100.0,49100.0,3000.0,0.0,0.0,,,,5,786711,[첫구매특가] 리치스 파인애플 슬라이스 통조림 836g 12개
405532,24-15-03,맥심 모카골드 230T 1박스,27300.0,33300.0,3000.0,0.0,0.0,,,,5,755607,맥심 모카골드 230T 1박스
402614,11-05-02,동원 고추참치 150g 48개,109200.0,115200.0,3000.0,0.0,0.0,,,,5,749556,동원 고추참치 150g 48개
402613,21-108-110-11,남양 프렌치카페 커피믹스 (140+20) 4박스,75100.0,81100.0,3000.0,0.0,0.0,,,,5,749555,남양 프렌치카페 커피믹스 (140+20) 4박스
402611,15-15-06,CJ 햇반 200g 30개 (10입*3),27200.0,33200.0,3000.0,0.0,0.0,,,,6.5,749553,CJ 햇반 200g 30개 (10입*3)
402144,15-19,백설 쇠고기 다시다 500g 20개,180000.0,210000.0,3000.0,0.0,0.0,,,,5,748808,백설 쇠고기 다시다 500g 20개
396740,03-18-09,샘표 양조간장501(1.7L+양조500ml) 6세트,66500.0,72500.0,3000.0,0.0,0.0,,,,5.5,740185,샘표 양조간장501(1.7L+양조500ml) 6세트
396736,08-71,해찬들 우리쌀 태양초 고추장 1kg 12개,62400.0,68400.0,3000.0,0.0,0.0,,,,5.5,740181,해찬들 우리쌀 태양초 고추장 1kg 12개
396734,41-05-01,백설 하선정 까나리액젓 800g 15개,53200.0,59200.0,3000.0,0.0,0.0,,,,5,740179,백설 하선정 까나리액젓 800g 15개
396732,08-70,해찬들 우리쌀 태양초 고추장 500g 20개,52700.0,58700.0,3000.0,0.0,0.0,,,,5.5,740177,해찬들 우리쌀 태양초 고추장 500g 20개
396729,41-05,백설 하선정 멸치액젓 골드 800g 15개,53200.0,59200.0,3000.0,0.0,0.0,,,,5,740174,백설 하선정 멸치액젓 골드 800g 15개
396724,03-17-02,샘표 진간장S 1.7L 6개,22700.0,28700.0,3000.0,0.0,0.0,,,,5.5,740167,샘표 진간장S 1.7L 6개
396232,08-20-05,백설 올리브유 500ml 12개,54100.0,60100.0,3000.0,0.0,0.0,,,,5,738648,백설 올리브유 500ml 12개
396228,08-20-04,백설 바삭한 요리유 500ml 12개,11400.0,17400.0,3000.0,0.0,0.0,,,,5,738642,백설 바삭한 요리유 500ml 12개
396226,08-20-03,백설 건강을 생각한 요리유 500ml 12개,11400.0,17400.0,3000.0,0.0,0.0,,,,5,738640,백설 건강을 생각한 요리유 500ml 12개
396223,08-20-02,백설 해바라기유 500ml 12개 (유통기한 임박),11400.0,17400.0,3000.0,0.0,0.0,,,,5,738635,백설 해바라기유 500ml 12개 (유통기한 임박)
396219,08-20-01,백설 포도씨유 500ml 12개,31200.0,37200.0,3000.0,0.0,0.0,,,,5,738629,백설 포도씨유 500ml 12개
396218,08-20,백설 카놀라유 500ml 12개,20500.0,26500.0,3000.0,0.0,0.0,,,,5,738618,백설 카놀라유 500ml 12개
347144,15-44,[첫구매특가] 백설 하얀설탕 15kg 1개,20900.0,32000.0,3000.0,0.0,0.0,,,,5,688299,[첫구매특가] 백설 하얀설탕 15kg 1개
347051,24-09-01,웰치스 제로 샤인머스켓 355ml 24개,15800.0,21800.0,3000.0,0.0,0.0,,,,4.5,688151,웰치스 제로 샤인머스켓 355ml 24개
347050,24-09-02,웰치스 제로 오렌지맛 355ml 24개,15800.0,21800.0,3000.0,0.0,0.0,,,,4.5,688150,웰치스 제로 오렌지맛 355ml 24개
347049,31-13-04,파워에이드 제로 600ml 20개,25600.0,31600.0,3000.0,0.0,0.0,,,,4.5,688149,파워에이드 제로 600ml 20개
347048,23-31,웅진 자연은 포도주스 1.5L 12개,32500.0,38500.0,3000.0,0.0,0.0,,,,4.5,688148,웅진 자연은 포도주스 1.5L 12개
347047,31-44-08,환타 파인애플 500ml 24개,18800.0,24800.0,3000.0,0.0,0.0,,,,4.5,688147,환타 파인애플 500ml 24개
347046,31-47-06,환타 밀크소다 암바사 250ml 30개,13100.0,19100.0,3000.0,0.0,0.0,,,,4.5,688146,환타 밀크소다 암바사 250ml 30개
347045,32-19-06,코코팜 망고 코코넛 340ml 24개,15100.0,21100.0,3000.0,0.0,0.0,,,,4.5,688145,코코팜 망고 코코넛 340ml 24개
347044,28-52-01,미에로 스파클링 제로 350ml 24개,28800.0,29600.0,3000.0,0.0,0.0,,,,4.5,688144,미에로 스파클링 제로 350ml 24개
347043,11-04-05,동원참치 살코기 250g 36개,110300.0,116300.0,3000.0,0.0,0.0,,,,5,688143,동원참치 살코기 250g 36개
347042,25-50-10,진로토닉워터 진저엘 300ml 24개,17700.0,23700.0,3000.0,0.0,0.0,,,,4.5,688142,진로토닉워터 진저엘 300ml 24개
347041,15-20,백설 쇠고기 다시다 1kg 10개,142200.0,148200.0,3000.0,0.0,0.0,,,,5,688141,백설 쇠고기 다시다 1kg 10개
347040,27-15-10,칠성사이다 제로 355ml 24개,16400.0,22400.0,3000.0,0.0,0.0,,,,4.5,688140,칠성사이다 제로 355ml 24개
347039,31-17-03,스프라이트 제로 355ml 24개,15800.0,20500.0,3000.0,0.0,0.0,,,,4.5,688139,스프라이트 제로 355ml 24개
347038,32-01.,포도봉봉 238ml 24개,13800.0,19800.0,3000.0,0.0,0.0,,,,4.5,688138,포도봉봉 238ml 24개
347037,23-36-02,웅진 자연은 내사랑토마토 180ml 30개,9600.0,15600.0,3000.0,0.0,0.0,,,,4.5,688137,웅진 자연은 내사랑토마토 180ml 30개
347036,23-35-02,웅진 헛개차 180ml 30개,8300.0,14300.0,3000.0,0.0,0.0,,,,4.5,688136,웅진 헛개차 180ml 30개
347035,23-36-01,웅진 자연은 내사랑사과 180ml 30개,9600.0,15600.0,3000.0,0.0,0.0,,,,4.5,688135,웅진 자연은 내사랑사과 180ml 30개
347034,08-47-01,CJ 백설 소갈비 양념장 500g 12개,26000.0,32000.0,3000.0,0.0,0.0,,,,5.5,688134,CJ 백설 소갈비 양념장 500g 12개
347033,08-47-02,CJ 백설 돼지갈비 양념장 500g 12개,18700.0,24700.0,3000.0,0.0,0.0,,,,5.5,688133,CJ 백설 돼지갈비 양념장 500g 12개
347032,15-87-03,백설 프락토 올리고당 1.2L 9개,32700.0,38700.0,3000.0,0.0,0.0,,,,5.5,688132,백설 프락토 올리고당 1.2L 9개
347031,21-91-01,웅진 달달하게 건강을 채우는 꿀물 180ml 30캔,9800.0,15800.0,3000.0,0.0,0.0,,,,4.5,688131,웅진 달달하게 건강을 채우는 꿀물 180ml 30캔
347030,31-11-01,캐나다드라이 토닉워터 300ml 24개,15700.0,21700.0,3000.0,0.0,0.0,,,,4.5,688130,캐나다드라이 토닉워터 300ml 24개
336912,15-44,백설 하얀설탕 15kg 1개,22500.0,28500.0,3000.0,0.0,0.0,,,,5,670105,백설 하얀설탕 15kg 1개
334011,14-01,[첫구매특가] 펭귄 꽁치(한마리) 400g 24개,86900.0,92900.0,3000.0,0.0,0.0,,,,5,665174,[첫구매특가] 펭귄 꽁치(한마리) 400g 24개
317643,22-51-03,팔도 짜장면 봉지라면 32입,43500.0,49500.0,3000.0,0.0,0.0,,,,5.5,625347,팔도 짜장면 봉지라면 32입
317642,22-51-05,팔도 일품 해물라면 봉지라면 40입,28700.0,34700.0,3000.0,0.0,0.0,,,,6.5,625346,팔도 일품 해물라면 봉지라면 40입
317641,15-40-03,백설 갈색설탕 1kg 16개,43800.0,49800.0,3000.0,0.0,0.0,,,,5,625345,백설 갈색설탕 1kg 16개
317640,15-40,백설 하얀설탕 1kg 16개,33600.0,39600.0,3000.0,0.0,0.0,,,,5,625344,백설 하얀설탕 1kg 16개
317639,08-28,백설 콩식용유 1.8L 10개,48100.0,54100.0,3000.0,0.0,0.0,,,,5,625343,백설 콩식용유 1.8L 10개
317638,53-01,해표 식용유 1.8L 12개,65200.0,78800.0,3000.0,0.0,0.0,,,,5,625342,해표 식용유 1.8L 12개
317637,08-37-02,백설 고소함가득 참기름 430ml 12개,64600.0,70600.0,3000.0,0.0,0.0,,,,5,625341,백설 고소함가득 참기름 430ml 12개
317636,54-21-03,팔도 비빔면 컵라면 16입,18500.0,24500.0,3000.0,0.0,0.0,,,,5.5,625340,팔도 비빔면 컵라면 16입
317635,22-23-01,팔도 김치왕뚜껑 컵라면 18입,20600.0,26600.0,3000.0,0.0,0.0,,,,5.5,625336,팔도 김치왕뚜껑 컵라면 18입
317634,11-38-02,동원 고등어 300g 24개,36400.0,42400.0,3000.0,0.0,0.0,,,,5,625335,동원 고등어 300g 24개
317633,10-15,유동 꽁치 덕용 1.88kg 6개,90900.0,96900.0,3000.0,0.0,0.0,,,,5,625334,유동 꽁치 덕용 1.88kg 6개
317632,19-17,삼포 번데기 130g 48개,35900.0,41900.0,3000.0,0.0,0.0,,,,5,625333,삼포 번데기 130g 48개
317631,11-05-04,동원 고추참치 250g 36개,116900.0,122900.0,3000.0,0.0,0.0,,,,5,625332,동원 고추참치 250g 36개
317630,11-11,동원 김치찌개참치 200g 36개,111200.0,117200.0,3000.0,0.0,0.0,,,,5,625331,동원 김치찌개참치 200g 36개
317629,11-21,DHA 동원참치 250g 36개,114300.0,120300.0,3000.0,0.0,0.0,,,,5,625330,DHA 동원참치 250g 36개
317628,11-41-05,동원참치 살코기90g 80개,131200.0,137200.0,3000.0,0.0,0.0,,,,5,625329,동원참치 (기획) 살코기90g 80개
317627,15-06-04,사조해표 살코기 참치 85g 48개,47300.0,53300.0,3000.0,0.0,0.0,,,,5,625328,사조해표 살코기 참치 85g 48개
317626,15-06-05,사조해표 고추참치 85g 48개,47000.0,53000.0,3000.0,0.0,0.0,,,,5,625327,사조해표 고추참치 85g 48개
317625,11-73,라리 스위트콘 덕용 2.95kg 5개,38200.0,44200.0,3000.0,0.0,0.0,,,,5,625326,라리 스위트콘 덕용 2.95kg 5개
317624,16-01,로스팜 97% 마일드 340g 24개,78900.0,84900.0,3000.0,0.0,0.0,,,,6.5,625325,로스팜 97% 마일드 340g 24개
317623,15-15-04,햇반 200g 48입,43600.0,49600.0,3000.0,0.0,0.0,,,,6.5,625324,햇반기획 200g 48입
317622,39-126-06,오뚜기밥 210g 12개,10900.0,16900.0,3000.0,0.0,0.0,,,,6.5,625323,오뚜기밥 210g 12개
317621,39-23,오뚜기 3분 쇠고기 짜장 200g 24개,26100.0,32100.0,3000.0,0.0,0.0,,,,8,625322,오뚜기 3분 쇠고기 짜장 200g 24개
317620,28-06,미에로화이바 화이브 미니 100ml 100병,61900.0,67900.0,3000.0,0.0,0.0,,,,4.5,625321,미에로화이바 화이브 미니 100ml 100병
317619,28-53-03,현대 미에로화이바 증정용 1.2L 총 12개,17400.0,23400.0,3000.0,0.0,0.0,,,,4.5,625320,현대 미에로화이바 기획증정용 1.2L 총 12개
317617,23-05,웅진 맑게 우려낸 누룽지 500mL 20개,13600.0,19600.0,3000.0,0.0,0.0,,,,4.5,625318,웅진 맑게 우려낸 누룽지 500mL 20개
317616,23-22,웅진 옥수수수염차 500ml 20개,12700.0,18700.0,3000.0,0.0,0.0,,,,4.5,625317,웅진 옥수수수염차 500ml 20개
317615,23-35,웅진 헛개차 500ml 20개,12700.0,18700.0,3000.0,0.0,0.0,,,,4.5,625316,웅진 헛개차 500ml 20개
317614,23-40,일화 맑은하늘 도라지차 500ml 20개,14100.0,20100.0,3000.0,0.0,0.0,,,,4.5,625315,일화 맑은하늘 도라지차 500ml 20개
317613,29-00,일화 옥수수수염차 340ml 20개,11100.0,17100.0,3000.0,0.0,0.0,,,,4.5,625314,일화 옥수수수염차 340ml 20개
317612,20-04,광동 비타500 100ml 100개,50300.0,56300.0,3000.0,0.0,0.0,,,,4.5,625313,광동 비타500 100ml 100개
317611,20-05,광동 비타500 180ML 40개,32600.0,38600.0,3000.0,0.0,0.0,,,,4.5,625312,광동 비타500 180ML 40개
317610,20-14-02,광동제약 비타500캔 240ml 30개,15800.0,21800.0,3000.0,0.0,0.0,,,,4.5,625311,광동제약 비타500캔 240ml 30개
317609,25-40-02,삼성 까스명수 소화제 75ml 60개,35000.0,58200.0,3000.0,0.0,0.0,,,,4.5,625310,삼성 까스명수 소화제 75ml 100개
317608,25-59-03,신형 여명808 119ml 90병 (15개 X 6곽),252200.0,258200.0,3000.0,0.0,0.0,,,,4.5,625309,신형 여명808 119ml 90병 (15개 X 6곽)
317607,28-60-04,동화 생생톤 120ml 50병 (10병 X 5곽),17600.0,23600.0,3000.0,0.0,0.0,,,,4.5,625308,동화 생생톤 120ml 50병 (10병 X 5곽)
317606,38-09-03,동화약품 부채표 까스활 75ml 60개,45300.0,51300.0,3000.0,0.0,0.0,,,,4.5,625307,동화약품 부채표 까스활 75ml 60개
317605,55-01,이노엔 헛개 컨디션 100ml 50개,126000.0,132000.0,3000.0,0.0,0.0,,,,4.5,625306,이노엔 헛개 컨디션 100ml 50개
317604,81-40,동아 모닝케어 D 100ml(신형) 50개,95600.0,101600.0,3000.0,0.0,0.0,,,,4.5,625305,동아 모닝케어 D 100ml(신형) 50개
317603,12-16,동원 밥알없는식혜 캔 175ml 30개,8400.0,14400.0,3000.0,0.0,0.0,,,,4.5,625304,동원 밥알없는식혜 캔 175ml 30개
317602,22-01-04,비락식혜 238ml 24입,12500.0,18500.0,3000.0,0.0,0.0,,,,4.5,625303,비락식혜 238ml 24입
317601,27-39,델몬트 망고 캔 로어슈거 240ml 30개,20900.0,26900.0,3000.0,0.0,0.0,,,,4.5,625302,델몬트 망고 캔 로어슈거 240ml 30개
317600,23-12,웅진 초록매실 병 180ml 48개,27200.0,33200.0,3000.0,0.0,0.0,,,,4.5,625301,웅진 초록매실 병 180ml 48개
317599,21-003,남양 과수원 사과190ml 24개,6900.0,12900.0,3000.0,0.0,0.0,,,,4.5,625300,남양 과수원 사과190ml 24개
317598,23-34-01,웅진 자연은 사과 1.5L 12개,35400.0,41400.0,3000.0,0.0,0.0,,,,4.5,625299,웅진 자연은 사과 1.5L 12개
317597,23-23-01,웅진 자연은 알로에 500ml 20개,24500.0,30500.0,3000.0,0.0,0.0,,,,4.5,625298,웅진 자연은 알로에 500ml 20개
317596,23-18-01,웅진 하늘보리180ml 30개,8800.0,14800.0,3000.0,0.0,0.0,,,,4.5,625297,웅진 하늘보리180ml 30개
317595,20-07-01,팁코 오렌지 500ml 12개,26300.0,32300.0,3000.0,0.0,0.0,,,,4.5,625296,팁코 오렌지 500ml 12개
317594,23-16,웅진 자연은 고칼슘 오렌지 캔 180ml 30개,9800.0,15800.0,3000.0,0.0,0.0,,,,4.5,625295,웅진 자연은 고칼슘 오렌지 캔 180ml 30개
317593,12-11-01,동원 쿨피스 제로 복숭아맛 230ml 30개,11500.0,17500.0,3000.0,0.0,0.0,,,,4.5,625294,동원 쿨피스 제로 복숭아맛 230ml 30개
317592,20-07-02,팁코 브로콜리 500ml 12개,26300.0,32300.0,3000.0,0.0,0.0,,,,4.5,625293,팁코 브로콜리 500ml 12개
317591,21-003-02,남양 과수원 청포도 190ml 24개,6900.0,12900.0,3000.0,0.0,0.0,,,,4.5,625292,무배 남양 과수원 청포도 190ml 24개
317590,26-13,가야 종합 병세트 180ml  48개,26000.0,32000.0,3000.0,0.0,0.0,,,,4.5,625291,가야 종합 병세트 180ml  48개
317589,54-101,파워오투 500ml 24개,31000.0,37000.0,3000.0,0.0,0.0,,,,4.5,625290,파워오투 500ml 24개
317588,23-30,웅진 자연은 토마토 180ml 48개,28600.0,34600.0,3000.0,0.0,0.0,,,,4.5,625289,웅진 자연은 토마토 180ml 48개
317587,26-04-02,웅진 가야 토마토농장 500mL 20개,25700.0,31700.0,3000.0,0.0,0.0,,,,4.5,625288,웅진 가야 토마토농장 500mL 20개
317586,35-18-05,참맑은 토마토 175ml 30개,8800.0,14800.0,3000.0,0.0,0.0,,,,4.5,625287,참맑은 토마토 175ml 30개
317585,30-12-03,블랙보리 라이트 175ml 30개,8100.0,14100.0,3000.0,0.0,0.0,,,,4.5,625286,블랙보리 라이트 175ml 30개
317584,27-45-05,칸타타 콘트라베이스 콜드브루 라떼 500ml 24개,30600.0,36600.0,3000.0,0.0,0.0,,,,5,625285,칸타타 콘트라베이스 저칼로리 라떼 500ml 24개
317583,27-45-06,칸타타 콘트라베이스 콜드브루 블랙 500ml 24개,30600.0,36600.0,3000.0,0.0,0.0,,,,5,625284,칸타타 콘트라베이스 콜드브루 블랙 500ml 24개
317582,24-701,동서 스타벅스 병커피 281ml 16개,35700.0,41700.0,3000.0,0.0,0.0,,,,5,625283,동서 스타벅스 병커피 281ml 16개
317581,81-29,칸타타 파우치 커피 카라멜마끼아또 230ml 50개,31300.0,37300.0,3000.0,0.0,0.0,,,,5,625282,칸타타 파우치 커피 카라멜마끼아또 230ml 50개
317580,81-30,롯데칠성음료 칸타타 아이스 헤이즐넛향 파우치 230ml 50개,33500.0,39500.0,3000.0,0.0,0.0,,,,5,625281,롯데칠성음료 칸타타 아이스 헤이즐넛향 파우치 230ml 50개
317579,27-45-07,칸타타 콘트라베이스 콜드브루 스위트블랙 500ml 24개,30600.0,36600.0,3000.0,0.0,0.0,,,,5,625280,칸타타 콘트라베이스 콜드브루 스위트블랙 500ml 24개
317578,27-45-07-02,"칸타타 콘트라베이스_디카페인, 500ml 24개",30600.0,36600.0,3000.0,0.0,0.0,,,,5,625279,"칸타타 콘트라베이스_디카페인, 500ml 24개"
317577,29-05-01,일화 초정 탄산수 190ml 30개,9700.0,15700.0,3000.0,0.0,0.0,,,,5,625278,일화 초정 탄산수 190ml 30개
317576,21-34,남양 츄파춥스 스파클링 포도 345ml 24개,11800.0,17800.0,3000.0,0.0,0.0,,,,4.5,625277,남양 츄파춥스 스파클링 포도 345ml 24개
317575,32-16-04,썬키스트 자몽 소다 뚱캔 355ml 24개,15700.0,21700.0,3000.0,0.0,0.0,,,,4.5,625276,썬키스트 자몽 소다 뚱캔 355ml 24개
317574,27-01-05,칠성 사이다 제로 250ml 30캔,23000.0,29000.0,3000.0,0.0,0.0,,,,4.5,625275,칠성 사이다 제로 250ml 30캔
317573,27-08-01,칠성사이다 (업소용) 슬림캔 245ml 30캔,18300.0,24300.0,3000.0,0.0,0.0,,,,4.5,625274,칠성사이다 (업소용) 슬림캔 245ml 30캔
317572,32-30-02,해태 갈아만든배 사이다 355ml 24개,14300.0,20300.0,3000.0,0.0,0.0,,,,4.5,625273,해태 갈아만든배 사이다 355ml 24개
317571,54-100,파워오투 오렌지레몬 500ml 24개,28000.0,34000.0,3000.0,0.0,0.0,,,,4.5,625272,파워오투 오렌지레몬 500ml 24개
317570,12-01-04,동원 보성홍차 아이스티 제로 복숭아맛 500ml 24개,17600.0,23600.0,3000.0,0.0,0.0,,,,4.5,625271,동원 보성홍차 아이스티 제로 복숭아맛 500ml 24개
317569,12-01-05,동원 보성홍차 아이스티 제로 레몬맛 500ml 24개,17600.0,23600.0,3000.0,0.0,0.0,,,,4.5,625270,동원 보성홍차 아이스티 제로 레몬맛 500ml 24개
317568,25-50-07,진로 토닉워터 제로 300ml 24개,16300.0,22300.0,3000.0,0.0,0.0,,,,4.5,625269,진로 토닉워터 제로 300ml 24개
317567,28-18,데미소다 레몬 250ml 30캔,16300.0,22300.0,3000.0,0.0,0.0,,,,4.5,625268,데미소다 레몬 250ml 30캔
317566,31-03-04,몬스터 에너지 드링크 울트라 파라다이스 355ml 24개,34700.0,40700.0,3000.0,0.0,0.0,,,,4.5,625267,몬스터 에너지 드링크 울트라 파라다이스 355ml 24개
317565,31-03-06,몬스터에너지 파이프라인펀치 (핑크) 355ml 24개,33900.0,39900.0,3000.0,0.0,0.0,,,,4.5,625266,몬스터에너지 파이프라인펀치 (핑크) 355ml 24개
317564,31-03-08,몬스터에너지 제로슈가 355ml 24개,33900.0,39900.0,3000.0,0.0,0.0,,,,4.5,625265,몬스터에너지 제로슈가 355ml 24개
317563,31-03-09,몬스터에너지 선라이즈 (주황) 355ml 24개,33900.0,39900.0,3000.0,0.0,0.0,,,,4.5,625264,몬스터에너지 선라이즈 (주황) 355ml 24개
293730,11-75-01,동서 리치스 블랙 올리브 슬라이스 3kg 1개,16000.0,22000.0,3000.0,0.0,0.0,,,,5,568718,동서 리치스 블랙 올리브 슬라이스 3kg 1개
293729,11-75-01,동서 리치스 블랙 올리브 슬라이스 3kg 2개,31000.0,37000.0,3000.0,0.0,0.0,,,,5,568717,동서 리치스 블랙 올리브 슬라이스 3kg 2개
293728,11-75-01,동서 리치스 블랙 올리브 슬라이스 3kg 3개,46000.0,52000.0,3000.0,0.0,0.0,,,,5,568716,동서 리치스 블랙 올리브 슬라이스 3kg 3개
293727,11-75-01,동서 리치스 블랙 올리브 슬라이스 3kg 4개,61000.0,67000.0,3000.0,0.0,0.0,,,,5,568715,동서 리치스 블랙 올리브 슬라이스 3kg 4개
293726,11-75-01,동서 리치스 블랙 올리브 슬라이스 3kg 5개,76000.0,82000.0,3000.0,0.0,0.0,,,,5,568714,동서 리치스 블랙 올리브 슬라이스 3kg 5개
293725,11-75-02,동서 리치스 블랙 올리브 홀 피티드3kg 1개,14200.0,20200.0,3000.0,0.0,0.0,,,,5,568713,동서 리치스 블랙 올리브 홀 피티드3kg 1개
293724,11-75-02,동서 리치스 블랙 올리브 홀 피티드3kg 2개,27500.0,33500.0,3000.0,0.0,0.0,,,,5,568712,동서 리치스 블랙 올리브 홀 피티드3kg 2개
293723,11-75-02,동서 리치스 블랙 올리브 홀 피티드3kg 3개,40800.0,46800.0,3000.0,0.0,0.0,,,,5,568711,동서 리치스 블랙 올리브 홀 피티드3kg 3개
293722,11-75-02,동서 리치스 블랙 올리브 홀 피티드3kg 4개,54100.0,60100.0,3000.0,0.0,0.0,,,,5,568710,동서 리치스 블랙 올리브 홀 피티드3kg 4개
293721,11-75-02,동서 리치스 블랙 올리브 홀 피티드3kg 5개,67400.0,73400.0,3000.0,0.0,0.0,,,,5,568709,동서 리치스 블랙 올리브 홀 피티드3kg 5개
293720,11-75-05,동서 리치스 통 단팥 3kg 1개,10300.0,16300.0,3000.0,0.0,0.0,,,,5,568708,동서 리치스 통 단팥 3kg 1개
293719,11-75-05,동서 리치스 통 단팥 3kg 2개,20200.0,26200.0,3000.0,0.0,0.0,,,,5,568707,동서 리치스 통 단팥 3kg 2개
293718,11-75-05,동서 리치스 통 단팥 3kg 3개,30200.0,36200.0,3000.0,0.0,0.0,,,,5,568706,동서 리치스 통 단팥 3kg 3개
293717,11-75-05,동서 리치스 통 단팥 3kg 4개,40200.0,46200.0,3000.0,0.0,0.0,,,,5,568705,동서 리치스 통 단팥 3kg 4개
293716,11-75-05,동서 리치스 통 단팥 3kg 5개,50200.0,56200.0,3000.0,0.0,0.0,,,,5,568704,동서 리치스 통 단팥 3kg 5개
293715,11-74-05,동서 리치스 파인애플 슬라이스 3kg 1개,11600.0,17600.0,3000.0,0.0,0.0,,,,5,568703,동서 리치스 파인애플 슬라이스 3kg 1개
293714,11-74-05,동서 리치스 파인애플 슬라이스 3kg 2개,22800.0,28800.0,3000.0,0.0,0.0,,,,5,568702,동서 리치스 파인애플 슬라이스 3kg 2개
293713,11-74-05,동서 리치스 파인애플 슬라이스 3kg 3개,33900.0,39900.0,3000.0,0.0,0.0,,,,5,568701,동서 리치스 파인애플 슬라이스 3kg 3개
293712,11-74-05,동서 리치스 파인애플 슬라이스 3kg 4개,45100.0,51100.0,3000.0,0.0,0.0,,,,5,568700,동서 리치스 파인애플 슬라이스 3kg 4개
293711,11-74-05,동서 리치스 파인애플 슬라이스 3kg 5개,56300.0,62300.0,3000.0,0.0,0.0,,,,5,568699,동서 리치스 파인애플 슬라이스 3kg 5개
293708,11-74,동서 리치스 홀커널 스위트콘 덕용 2.950kg 3개,13000.0,19000.0,3000.0,0.0,0.0,,,,5,568696,동서 리치스 홀커널 스위트콘 덕용 2.950kg 3개
293706,11-74,동서 리치스 홀커널 스위트콘 덕용 2.950kg 5개,21400.0,27400.0,3000.0,0.0,0.0,,,,5,568694,동서 리치스 홀커널 스위트콘 덕용 2.950kg 5개
293705,11-74-03,동서 리치스 후르츠칵테일 3kg 1개,9500.0,15500.0,3000.0,0.0,0.0,,,,5,568693,동서 리치스 후르츠칵테일 3kg 1개
293704,11-74-03,동서 리치스 후르츠칵테일 3kg 2개,18600.0,24600.0,3000.0,0.0,0.0,,,,5,568692,동서 리치스 후르츠칵테일 3kg 2개
293703,11-74-03,동서 리치스 후르츠칵테일 3kg 3개,27700.0,33700.0,3000.0,0.0,0.0,,,,5,568691,동서 리치스 후르츠칵테일 3kg 3개
293702,11-74-03,동서 리치스 후르츠칵테일 3kg 4개,36900.0,42900.0,3000.0,0.0,0.0,,,,5,568690,동서 리치스 후르츠칵테일 3kg 4개
293701,11-74-03,동서 리치스 후르츠칵테일 3kg 5개,50000.0,56000.0,3000.0,0.0,0.0,,,,5,568689,동서 리치스 후르츠칵테일 3kg 5개
292514,15-05,[미사용] CJ 스팸 클래식 1.81kg 6개,121000.0,134500.0,3000.0,0.0,0.0,,,,5,566666,[미사용] CJ 스팸 클래식 1.81kg 6개
292513,11-74-02,[미사용] 리치스 후르츠칵테일 통조림 850g 12개,29900.0,39100.0,3000.0,0.0,0.0,,,,5,566665,[미사용] 리치스 후르츠칵테일 통조림 850g 12개
284434,10-01,[미사용] 유동 자연산골뱅이 230g 24개,95200.0,109200.0,3000.0,0.0,0.0,,,,5,552041,유동 자연산골뱅이 230g 24개
283332,10-01,[첫구매특가] 유동 자연산골뱅이 230g 24개,135200.0,141200.0,3000.0,0.0,0.0,,,,5,549961,[첫구매특가] 유동 자연산골뱅이 230g 24개
283329,15-05,[첫구매특가] CJ 스팸 클래식 1.81kg 6개,120700.0,140400.0,3000.0,0.0,0.0,,,,5,549955,[첫구매특가] CJ 스팸 클래식 1.81kg 6개
283311,24-63,캐치 티니핑 음료수 복숭아맛 200ml 24개입,20000.0,26000.0,3000.0,0.0,0.0,,,,4.5,549928,캐치 티니핑 음료수 복숭아맛 200ml 24개입
283310,24-61,캐치 티니핑 음료수 딸기맛 200ml 24개입,20300.0,26300.0,3000.0,0.0,0.0,,,,4.5,549927,캐치 티니핑 음료수 딸기맛 200ml 24개입
283309,24-62,캐치 티니핑 음료수 사과맛 200ml 24개입,20300.0,26300.0,3000.0,0.0,0.0,,,,4.5,549926,캐치 티니핑 음료수 사과맛 200ml 24개입
283306,24-65,웅진 캐치티니핑 유기농 작두콩차 200ml_24개,21000.0,27000.0,3000.0,0.0,0.0,,,,7,549923,웅진 캐치티니핑 유기농 작두콩차 200ml_24개
283305,24-64,웅진 캐치티니핑 유기농 보리차 200ml_24개,20000.0,26000.0,3000.0,0.0,0.0,,,,4.5,549922,웅진 캐치티니핑 유기농 보리차 200ml_24개
251196,11-74,동서 리치스 홀커널 스위트콘 덕용 2950g 5개,21400.0,27400.0,3000.0,0.0,0.0,,,,5,513395,동서 리치스 홀커널 스위트콘 덕용 2950g  5개
250041,31-03-05,코카콜라 355ml(업소용) 24개,19100.0,24800.0,3000.0,0.0,0.0,,,,4.5,510773,코카콜라 355ml(업소용) 24개
250037,15-04-02,CJ 스팸 25% 라이트 마일드 340g 20개,75500.0,76900.0,3000.0,0.0,0.0,,,,5,510730,CJ 스팸 25% 라이트 마일드 340g 20개
250036,15-03-03,CJ 스팸25% 라이트 마일드 200g 20개,51800.0,57800.0,3000.0,0.0,0.0,,,,5,510729,CJ 스팸25% 라이트 마일드 200g 20개
250035,15-03-06,스팸 상품 200g (클래식 4개 + 마일드2개) 6set 총 48개,118700.0,124700.0,3000.0,0.0,0.0,,,,5,510728,스팸 기획상품 200g (클래식 4개 + 마일드2개) 6set 총 48개
250034,23-85-01,목우촌 뚝심 200g 24개,46100.0,52100.0,3000.0,0.0,0.0,,,,5,510727,목우촌 뚝심 200g 24개
250033,57-02,한성 런천미트 200g 24개,28400.0,34400.0,3000.0,0.0,0.0,,,,5,510726,한성 런천미트 200g 24개
250032,15-05,CJ 스팸 클래식 1.81kg 6개,137400.0,143400.0,3000.0,0.0,0.0,,,,5,510725,CJ 스팸 클래식 1.81kg 6개
250031,57-04,한성 런천미트 340g 24개,38600.0,44600.0,3000.0,0.0,0.0,,,,5,510724,한성 런천미트 340g 24개
250030,16-05,롯데 런천미트 340g 24개,52200.0,58200.0,3000.0,0.0,0.0,,,,5,510723,롯데 런천미트 340g 24개
250029,16-06,롯데 런천미트 소 200g 24개,36000.0,42000.0,3000.0,0.0,0.0,,,,5,510722,롯데 런천미트 소 200g 24개
250028,15-04,CJ 스팸 클래식 340g 20개,77700.0,83700.0,3000.0,0.0,0.0,,,,5,510721,CJ 스팸 클래식 340g 20개
250027,15-03,CJ 스팸 클래식 200g 20개,55000.0,70000.0,3000.0,0.0,0.0,,,,5,510720,CJ 스팸 클래식 200g 20개
250026,16-02,롯데 로스팜 마일드 200g 24개,57400.0,63400.0,3000.0,0.0,0.0,,,,6.5,510719,롯데 로스팜 마일드 200g 24개
250025,12-21,동원 리챔 340g 24개,77100.0,90200.0,3000.0,0.0,0.0,,,,5,510718,동원 리챔 340g 24개
250024,23-84,목우촌 뚝심 340g 24개,70100.0,76100.0,3000.0,0.0,0.0,,,,5,510717,목우촌 뚝심 340g 24개
250023,15-04-03,CJ 스팸 340g (클래식 3캔 + 마일드 1캔) 8개,118500.0,124500.0,3000.0,0.0,0.0,,,,5,510716,CJ 스팸 기획 340g (클래식 3캔 + 마일드 1캔)  8개
250022,80-07,롯데칠성 칸타타 스위트 아메리카노 275ml 24개,25000.0,31000.0,3000.0,0.0,0.0,,,,5,510715,롯데칠성 칸타타 스위트 아메리카노 275ml 24개
250021,24-28-01,티오피 마스터라떼 380ml 20개,21200.0,27900.0,3000.0,0.0,0.0,,,,5,510714,티오피 마스터라떼 380ml 20개
250020,24-08-02,티오피 더 블랙 200ml 30개,15900.0,21900.0,3000.0,0.0,0.0,,,,5,510713,티오피 더 블랙 200ml 30개
250019,27-64,조지아 오리지날 캔커피 175ml 30개,10400.0,16400.0,3000.0,0.0,0.0,,,,5,510712,조지아 오리지날 캔커피 175ml 30개
250018,31-10,코카콜라 조지아 오리지날240ml 30개,15900.0,21900.0,3000.0,0.0,0.0,,,,5,510711,코카콜라 조지아 오리지날240ml 30개
250017,27-07,레쓰비 마일드 커피 175ml 30캔,10900.0,16900.0,3000.0,0.0,0.0,,,,5,510710,레쓰비 마일드 커피 175ml 30캔
250016,80-06,롯데칠성 칸타타 프리미엄 라떼 275ml 24개,25000.0,31000.0,3000.0,0.0,0.0,,,,5,510709,롯데칠성 칸타타 프리미엄 라떼 275ml 24개
250015,24-704-04,스타벅스 더블샷 에스프레소크림 200ml 36개,44400.0,54600.0,3000.0,0.0,0.0,,,,5,510708,스타벅스 더블샷 에스프레소크림 200ml 36개
250014,22-03,산타페 오지지날 캔 175ml 30개,9600.0,12000.0,3000.0,0.0,0.0,,,,5,510707,산타페 오지지날 캔 175ml 30개
250013,31-40,조지아 카페라떼 240ml 30개,17400.0,23400.0,3000.0,0.0,0.0,,,,5,510706,조지아 카페라떼 240ml 30개
250012,21-01,남양 프렌치 카페 카페오레 200ml 10개,11100.0,17100.0,3000.0,0.0,0.0,,,,5,510705,남양 프렌치 카페 카페오레 200ml 10개
250011,24-071-01,맥스웰 마스터 (구 콜롬비아나) 캔커피 오리지날 블랙 240ml 30개,16000.0,22000.0,3000.0,0.0,0.0,,,,5,510704,맥스웰 마스터 (구 콜롬비아나) 캔커피 오리지날 블랙 240ml 30개
250010,24-070,맥스웰 마스터 (구 콜롬비아나) 캔커피 240ml 30개,16000.0,22000.0,3000.0,0.0,0.0,,,,5,510703,맥스웰 마스터 (구 콜롬비아나) 캔커피 240ml 30개
250009,24-07-03,티오피 더블랙 275ml 20개,16400.0,22400.0,3000.0,0.0,0.0,,,,5,510702,티오피 더블랙 275ml 20개
250008,24-07-01,티오피 스위트아메리카노 275ml 20개,16400.0,22400.0,3000.0,0.0,0.0,,,,5,510701,티오피 스위트아메리카노 275ml 20개
250007,80-08,롯데칠성 칸타타 콜드브루 블랙 275ml 24개,25000.0,31000.0,3000.0,0.0,0.0,,,,5,510700,롯데칠성 칸타타 콜드브루 블랙 275ml 24개
250006,24-08-01,티오피 스위트 아메리카노 200ml 30개,15700.0,22100.0,3000.0,0.0,0.0,,,,5,510699,티오피 스위트 아메리카노 200ml 30개
250005,21-02,남양 프렌치 카페 카페오레 카푸치노 200ml 10개,10000.0,16000.0,3000.0,0.0,0.0,,,,5,510698,남양 프렌치 카페 카페오레 카푸치노 200ml 10개
250004,35-41,참맑은 베아르시 카푸치노 175ml 30캔,7300.0,13300.0,3000.0,0.0,0.0,,,,5,510697,참맑은 베아르시 카푸치노 175ml 30캔
250003,24-28-02,티오피 스위트 아메리카노 380ml 20개,21400.0,28000.0,3000.0,0.0,0.0,,,,5,510696,티오피 스위트 아메리카노 380ml 20개
250002,24-07,티오피 마스터라떼 275ml 20개,16400.0,22400.0,3000.0,0.0,0.0,,,,5,510695,티오피 마스터라떼 275ml 20개
250001,80-09,롯데칠성 칸타타 카라멜 마키아토 275ml 24개,25000.0,31000.0,3000.0,0.0,0.0,,,,5,510694,롯데칠성 칸타타 카라멜 마키아토 275ml 24개
250000,27-44,롯데 칸타타 프리미엄라떼 175ml 30개,22200.0,28200.0,3000.0,0.0,0.0,,,,5,510693,롯데 칸타타 프리미엄라떼 175ml 30개
249999,24-28-03,티오피 블랙 380ml 20개,21200.0,28000.0,3000.0,0.0,0.0,,,,5,510692,티오피 블랙 380ml 20개
249998,27-07-02,레쓰비 업소용 캔커피 175ml 30개,10000.0,16000.0,3000.0,0.0,0.0,,,,5,510691,레쓰비 업소용 캔커피 175ml 30개
249997,27-44-01,칸타타 스위트 아메리카노 175ml 30개,22000.0,28000.0,3000.0,0.0,0.0,,,,5,510690,칸타타 스위트 아메리카노 175ml 30개
249996,24-702,동서 스타벅스 프라푸치노 모카 281ml 16개,36000.0,42000.0,3000.0,0.0,0.0,,,,5,510689,동서 스타벅스 프라푸치노 모카 281ml 16개
249995,24-08,티오피 마스터 라떼 캔커피 200ml 30개,15600.0,22700.0,3000.0,0.0,0.0,,,,5,510688,티오피 마스터 라떼 캔커피 200ml 30개
249994,22-07,팔도 산타페 헤이즐넛 175ml 30개,10000.0,16000.0,3000.0,0.0,0.0,,,,5,510687,팔도 산타페 헤이즐넛 175ml 30개
249993,24-071,맥스웰 마스터 (구 콜롬비아나)  캔커피 스위트 아메리카노 240ml 30개,17200.0,23200.0,3000.0,0.0,0.0,,,,5,510686,맥스웰 마스터 (구 콜롬비아나)  캔커피 스위트 아메리카노 240ml 30개
249992,25-01-01,매일 카페라떼마일드 로어슈거 220ml 10개,12500.0,18500.0,3000.0,0.0,0.0,,,,5,510685,매일 카페라떼마일드 로어슈거 220ml 10개
249991,25-02,매일 카페라떼 카라멜 마끼아또 220ml 10개,11400.0,17400.0,3000.0,0.0,0.0,,,,5,510684,매일 카페라떼 카라멜 마끼아또 220ml 10개
249990,25-01,매일 카페라떼마일드 220ml 10개,12500.0,18500.0,3000.0,0.0,0.0,,,,5,510683,매일 카페라떼마일드 220ml 10개
249989,14-52-03,몽베스트 스파클링 라임 500ml 24개,11800.0,17800.0,3000.0,0.0,0.0,,,,4.5,510682,몽베스트 스파클링 라임 500ml 24개
249988,30-12-01,블랙보리 520ml 20개,131400.0,137400.0,3000.0,0.0,0.0,,,,4.5,510681,블랙보리 520ml 20개
249987,27-25-01,롯데칠성 사이다 500ml (업소용) 20개,16700.0,22700.0,3000.0,0.0,0.0,,,,4.5,510680,롯데칠성 사이다 500ml (업소용) 20개
249986,20-08-04,광동제약 남 헛개차 500ml 20개,17600.0,23600.0,3000.0,0.0,0.0,,,,4.5,510679,광동제약 남 헛개차 500ml 20개
249985,24-05-02,농심 웰치스 청포도 355ml 24개,16700.0,22700.0,3000.0,0.0,0.0,,,,4.5,510678,농심 웰치스 청포도 355ml 24개
249984,12-13,동원 꿀물캔 175ml 30개,8300.0,14300.0,3000.0,0.0,0.0,,,,4.5,510677,동원 꿀물캔 175ml 30개
249983,31-04-02,코카콜라 500ml (업소용) 24개,19500.0,24400.0,3000.0,0.0,0.0,,,,4.5,510676,코카콜라 500ml (업소용) 24개
249982,31-05-01,코카콜라 1.25L(업소용) 12개,18000.0,23300.0,3000.0,0.0,0.0,,,,4.5,510675,코카콜라 1.25L(업소용) 12개
249981,31-17,스프라이트 캔 355ml 24개 (업소용),15600.0,18800.0,3000.0,0.0,0.0,,,,4.5,510674,스프라이트 캔 355ml 24개
249980,28-09,동아 오란씨 오렌지 1.5L 12개,16000.0,22000.0,3000.0,0.0,0.0,,,,4.5,510673,동아 오란씨 오렌지 1.5L 12개
249979,24-09,농심 웰치스 제로 포도 355ml 24개,15600.0,21600.0,3000.0,0.0,0.0,,,,4.5,510672,농심 웰치스 제로 포도 355ml 24개
249978,31-09-01,스프라이트 1.5L(업소용) 12개,14500.0,17800.0,3000.0,0.0,0.0,,,,4.5,510671,스프라이트 1.5L(업소용) 12개
249977,31-01-01,코카콜라 190ml 30개,17500.0,22000.0,3000.0,0.0,0.0,,,,4.5,510670,코카콜라 190ml 30개
249976,29-01,일화 맥콜 250ml 30개,15800.0,21800.0,3000.0,0.0,0.0,,,,4.5,510669,일화 맥콜 250ml 30개
249975,27-11,펩시콜라 500ML 20개,13600.0,19600.0,3000.0,0.0,0.0,,,,4.5,510668,펩시콜라 500ML 20개
249974,32-11,해태 레몬에이드 350ml 24개,21200.0,27200.0,3000.0,0.0,0.0,,,,4.5,510667,해태 레몬에이드 350ml 24개
249973,20-02,광동 옥수수수염차 500ml 20개,17700.0,23700.0,3000.0,0.0,0.0,,,,4.5,510666,광동 옥수수수염차 500ml 20개
249972,31-09,스프라이트 일반 1.5L 12개,19100.0,25100.0,3000.0,0.0,0.0,,,,4.5,510665,스프라이트 일반 1.5L 12개
249971,20-07-04,광동 남헛개차 340ml 20개,14700.0,20700.0,3000.0,0.0,0.0,,,,4.5,510664,광동 남헛개차 340ml 20개
249970,23-13,웅진 아침햇살 500ml 20개,22700.0,28700.0,3000.0,0.0,0.0,,,,4.5,510663,웅진 아침햇살 500ml 20개
249969,26-02-02,가야 알로에 농장 500ml 20개,24500.0,30500.0,3000.0,0.0,0.0,,,,4.5,510662,가야 알로에 농장 500ml 20개
249968,27-26-01,펩시콜라 1.25L  12개입,13600.0,19600.0,3000.0,0.0,0.0,,,,4.5,510661,펩시콜라 1.25L  12개입
249967,32-19-01,해태 코코팜피치핑크 240ml 30캔,16900.0,22900.0,3000.0,0.0,0.0,,,,4.5,510660,해태 코코팜피치핑크 240ml 30캔
249966,24-05-01,농심 웰치스 딸기 355ml 24개,15700.0,21700.0,3000.0,0.0,0.0,,,,4.5,510659,농심 웰치스 딸기 355ml 24개
249965,29-05,일화 초정 탄산수 250ml 30개,12700.0,18700.0,3000.0,0.0,0.0,,,,5,510658,일화 초정 탄산수 250ml 30개
249964,28-12,데미소다 애플 250ml 30개,16100.0,22100.0,3000.0,0.0,0.0,,,,4.5,510657,데미소다 애플 250ml 30개
249963,29-30.,일화 한라봉에이드 350ml 캔 24개,11500.0,17500.0,3000.0,0.0,0.0,,,,4.5,510656,일화 한라봉에이드 350ml 캔 24개
249962,22-12,팔도 뽀로로 보리차 220ml 24개,18400.0,24400.0,3000.0,0.0,0.0,,,,7,510655,팔도 뽀로로 보리차 220ml 24개
249961,35-10,참맑은 망고 캔 175ml 30개,8500.0,14500.0,3000.0,0.0,0.0,,,,4.5,510654,참맑은 망고 캔 175ml 30개
249960,55-04,이노엔 헛개수 500ml 20개,18100.0,24100.0,3000.0,0.0,0.0,,,,4.5,510653,이노엔 헛개수 500ml 20개
249959,23-40.,일화 목에는 맑은하늘 도라지차 340ml 20개,12800.0,18800.0,3000.0,0.0,0.0,,,,4.5,510652,일화 목에는 맑은하늘 도라지차 340ml 20개
249958,21-35,남양 츄파춥스 스파클링 오렌지 345ml 24개,11900.0,17900.0,3000.0,0.0,0.0,,,,4.5,510651,남양 츄파춥스 스파클링 오렌지 345ml 24개
249957,24-34,동서 레드불 250ml 24개,34600.0,40600.0,3000.0,0.0,0.0,,,,4.5,510650,동서 레드불 250ml 24개
249956,28-24-06,동아 나랑드사이다 제로 파인애플  245ml 30개,12600.0,18600.0,3000.0,0.0,0.0,,,,4.5,510649,동아 나랑드사이다 제로 파인애플  245ml 30개
249955,28-24-05,동아 나랑드사이다 제로 그린애플  245ml 30개,12600.0,18600.0,3000.0,0.0,0.0,,,,4.5,510648,동아 나랑드사이다 제로 그린애플  245ml 30개
249954,31-23,코카콜라 킨사이다(업소용) 1.5L 12개,13400.0,16400.0,3000.0,0.0,0.0,,,,4.5,510647,코카콜라 킨사이다(업소용) 1.5L 12개
249953,27-28-02,롯데칠성 사이다 제로 1.5L 12개,25600.0,31600.0,3000.0,0.0,0.0,,,,4.5,510646,롯데칠성 사이다 제로 1.5L 12개
249952,23-15-01,웅진 자연은 오렌지100% 1.5L 12개,25700.0,31700.0,3000.0,0.0,0.0,,,,4.5,510645,웅진 자연은 오렌지100% 1.5L 12개
249951,27-06,롯데 게토레이캔 240ml 30개,13700.0,19700.0,3000.0,0.0,0.0,,,,4.5,510644,롯데 게토레이캔 240ml 30개
249950,31-16,파워에이드 1.5L 12개,24000.0,30000.0,3000.0,0.0,0.0,,,,4.5,510643,파워에이드 1.5L 12개
249949,24-02,동서 제티초코 175ml 30개,14100.0,20100.0,3000.0,0.0,0.0,,,,5.5,510642,동서 제티초코 175ml 30개
249948,26-02,웅진 가야농장 알로에1.5L 12개,24100.0,30100.0,3000.0,0.0,0.0,,,,4.5,510641,웅진 가야농장 알로에1.5L 12개
249947,27-15,롯데 펩시콜라 250ml 30개,19600.0,25600.0,3000.0,0.0,0.0,,,,4.5,510640,롯데 펩시콜라 250ml 30개
249946,35-16-02,참맑은 파인애플 캔 175ml 30개,8400.0,14400.0,3000.0,0.0,0.0,,,,4.5,510639,참맑은 파인애플 캔 175ml 30개
249945,34-20,동원 레몬녹차 340ml 20개,10300.0,16300.0,3000.0,0.0,0.0,,,,4.5,510638,동원 레몬녹차 340ml 20개
249944,27-36,롯데 펩시콜라 355ml(업소용) 24개,14700.0,20700.0,3000.0,0.0,0.0,,,,4.5,510637,롯데 펩시콜라 355ml(업소용) 24개
249943,30-12-01.,블랙보리 라이트 520ml 20개,16100.0,22100.0,3000.0,0.0,0.0,,,,4.5,510636,블랙보리 라이트 520ml 20개
249942,20-15,광동 헛개차 캔 175ml 30개,9000.0,13200.0,3000.0,0.0,0.0,,,,4.5,510635,광동 헛개차 캔 175ml 30개
249941,27-15-02,롯데 펩시콜라 190ml 30개,13000.0,19000.0,3000.0,0.0,0.0,,,,4.5,510634,롯데 펩시콜라 190ml 30개
249940,27-91-02,립톤 아이스티 복숭아 355ml 24개,12300.0,18300.0,3000.0,0.0,0.0,,,,4.5,510633,립톤 아이스티 복숭아 355ml 24개
249939,32-19-02,해태 코코팜 피치핑크 캔 340ml 24개,15000.0,21000.0,3000.0,0.0,0.0,,,,4.5,510632,해태 코코팜 피치핑크 캔 340ml 24개
249938,27-16,롯데칠성 사이다355ml(업소용) 24개,17000.0,23000.0,3000.0,0.0,0.0,,,,4.5,510631,롯데칠성 사이다355ml(업소용) 24개
249937,31-50-02,토레타 1.5L 12개,22400.0,27900.0,3000.0,0.0,0.0,,,,4.5,510630,토레타 1.5L 12개
249936,25-50-02,진로 토닉워터 깔라만씨 300ml 24개,16200.0,22200.0,3000.0,0.0,0.0,,,,4.5,510629,진로 토닉워터 깔라만씨 300ml 24개
249935,35-27-01,참맑은 매실 캔 175ml 30개,8600.0,14600.0,3000.0,0.0,0.0,,,,4.5,510628,참맑은 매실 캔 175ml 30개
249934,27-28,롯데칠성 사이다 1.25L (업소용) 12개,16800.0,22800.0,3000.0,0.0,0.0,,,,4.5,510627,롯데칠성 사이다 1.25L (업소용) 12개
249933,20-09-01,광동 헛개차 1.5L 12개,16700.0,22700.0,3000.0,0.0,0.0,,,,4.5,510626,광동 헛개차 1.5L 12개
249932,31-24,코카콜라 닥터페퍼 350ml 24개,15600.0,21600.0,3000.0,0.0,0.0,,,,4.5,510625,코카콜라 닥터페퍼 350ml 24개
249931,22-04-01,비락 식혜 1.5L 8개,22800.0,28800.0,3000.0,0.0,0.0,,,,4.5,510624,비락 식혜 1.5L 8개
249930,25-50-06,진로 토닉워터 600ml 20개,19700.0,25700.0,3000.0,0.0,0.0,,,,4.5,510623,진로 토닉워터 600ml 20개
249929,29-04-02,일화 천연사이다 350ml 24개,12900.0,18900.0,3000.0,0.0,0.0,,,,4.5,510622,일화 천연사이다 350ml 24개
249928,31-03-02,몬스터 에너지 드링크 오리지날 그린 355ml 24개,34500.0,40500.0,3000.0,0.0,0.0,,,,4.5,510621,몬스터 에너지 드링크 오리지날 그린 355ml 24개
249927,31-03-03,몬스터에너지 울트라시트라 355ml 24개,32100.0,38700.0,3000.0,0.0,0.0,,,,4.5,510620,몬스터에너지 울트라시트라 355ml 24개
249926,31-03-01,몬스터 에너지 드링크 울트라 355ml 24개,35500.0,41500.0,3000.0,0.0,0.0,,,,4.5,510619,몬스터 에너지 드링크 울트라 355ml 24개
249925,31-03,코카콜라 355ml 24개 (바코드 있음_특수채널용),20900.0,27900.0,3000.0,0.0,0.0,,,,4.5,510618,코카콜라 355ml 24개 (바코드 있음_특수채널용)
249924,28-04,동아제약 포카리스웨트 340ml 24개,16800.0,22800.0,3000.0,0.0,0.0,,,,4.5,510617,동아제약 포카리스웨트 340ml 24개
249923,32-30,해태 갈아만든배 1.5L 12개,33200.0,39200.0,3000.0,0.0,0.0,,,,4.5,510616,해태 갈아만든배 1.5L 12개
249922,31-04-01,코카콜라 500ml 24개,39500.0,45500.0,3000.0,0.0,0.0,,,,4.5,510615,코카콜라 500ml 24개
249921,31-28-01,코카콜라 제로 1.5L 12개,35100.0,41100.0,3000.0,0.0,0.0,,,,4.5,510614,코카콜라 제로 1.5L 12개
249920,27-25,롯데칠성 사이다 500ml 20개,27300.0,33300.0,3000.0,0.0,0.0,,,,4.5,510613,롯데칠성 사이다 500ml 20개
249919,12-18-11,동원 쿨피스복숭아 350ml 24개,12900.0,18100.0,3000.0,0.0,0.0,,,,4.5,510612,동원 쿨피스복숭아 350ml 24개
249918,29-08-01,일화 탑씨 콜라 1.5L 12개,12600.0,16600.0,3000.0,0.0,0.0,,,,4.5,510611,일화 탑씨 콜라 1.5L 12개
249917,27-05,롯데 솔의눈 240ml 30개,18700.0,24700.0,3000.0,0.0,0.0,,,,4.5,510610,롯데 솔의눈 240ml 30개
249916,27-24-01,게토레이 1.5L 12개,22800.0,29400.0,3000.0,0.0,0.0,,,,4.5,510609,게토레이 1.5L 12개
249915,31-50-03,토레타 355ml 24개,15200.0,19400.0,3000.0,0.0,0.0,,,,4.5,510608,토레타 355ml 24개
249914,27-03,롯데 실론티 240ml 30개,14900.0,20900.0,3000.0,0.0,0.0,,,,4.5,510607,롯데 실론티 240ml 30개
249913,20-03-01,광동 옥수수수염차 1.5L 12개,16700.0,22700.0,3000.0,0.0,0.0,,,,4.5,510606,광동 옥수수수염차 1.5L 12개
249912,30-12,블랙보리 340ml 20개,12100.0,18100.0,3000.0,0.0,0.0,,,,4.5,510605,블랙보리 340ml 20개
249911,25-50-01,진로 토닉워터 300ml 24개,16000.0,22000.0,3000.0,0.0,0.0,,,,4.5,510604,진로 토닉워터 300ml 24개
249910,25-50-08,하이트진로 토닉워터 홍차 제로 300ml PET 24입,16200.0,22200.0,3000.0,0.0,0.0,,,,4.5,510603,하이트진로 토닉워터 홍차 제로 300ml PET 24입
249909,20-01-01,광동 옥수수수염차 340ml 20개,14700.0,20700.0,3000.0,0.0,0.0,,,,4.5,510602,광동 옥수수수염차 340ml 20개
249908,27-014,롯데칠성 핫식스 355ml  24캔,20900.0,26900.0,3000.0,0.0,0.0,,,,4.5,510601,롯데칠성 핫식스 355ml  24캔
249907,31-28,코카콜라 제로 500ml 24개,35900.0,46300.0,3000.0,0.0,0.0,,,,4.5,510600,코카콜라 제로 500ml 24개
249906,32-19-04,해태 코코팜 화이트요구르트 캔 340ml 24개,15100.0,21100.0,3000.0,0.0,0.0,,,,4.5,510599,해태 코코팜 화이트요구르트 캔 340ml 24개
249905,32-19-03,해태 코코팜 포도 340ml 캔 24개,15100.0,21100.0,3000.0,0.0,0.0,,,,4.5,510598,해태 코코팜 포도 340ml 캔 24개
249904,27-01-01,롯데칠성 사이다 캔 250ml 30개,23000.0,29000.0,3000.0,0.0,0.0,,,,4.5,510597,롯데칠성 사이다 캔 250ml 30개
249903,22-11-01,팔도 뽀로로 사과맛 235ml 24개,18700.0,24700.0,3000.0,0.0,0.0,,,,7,510596,팔도 뽀로로 사과맛 235ml 24개
249902,22-10,팔도 뽀로로 딸기맛 235ml 24개,18700.0,24700.0,3000.0,0.0,0.0,,,,7,510595,팔도 뽀로로 딸기맛 235ml 24개
249901,22-13-01,귀여운 내친구 뽀로로 샤인머스켓맛 235ml 24개,18700.0,24700.0,3000.0,0.0,0.0,,,,7,510594,귀여운 내친구 뽀로로 샤인머스켓맛 235ml 24개
249900,22-11,팔도 뽀로로 밀크맛 235ml 24개,18700.0,24700.0,3000.0,0.0,0.0,,,,7,510593,팔도 뽀로로 밀크맛 235ml 24개
249899,29-22,일화 천연사이다 250ml 30개,12900.0,18900.0,3000.0,0.0,0.0,,,,4.5,510592,일화 천연사이다 250ml 30개
249898,28-24-07,동아 나랑드사이다 제로 500ml 24개,18200.0,23200.0,3000.0,0.0,0.0,,,,4.5,510591,동아 나랑드사이다 제로 500ml 24개
249897,31-09-06,스프라이트 500ml 24개(업소용),16100.0,20600.0,3000.0,0.0,0.0,,,,4.5,510590,스프라이트 500ml 24개(업소용)
249896,31-17-01,스프라이트 250ml 30개,19100.0,24100.0,3000.0,0.0,0.0,,,,4.5,510589,스프라이트 250ml 30개
249895,28-15,동아 오란씨 파인애플 1.5L 12개,16200.0,22200.0,3000.0,0.0,0.0,,,,4.5,510588,동아 오란씨 파인애플 1.5L 12개
249894,25-50-04,진로 토닉워터 캔 250ml 30개,14900.0,20900.0,3000.0,0.0,0.0,,,,4.5,510587,진로 토닉워터 캔 250ml 30개
249893,29-19,일화 맥콜 캔 190ml 30개,10700.0,16700.0,3000.0,0.0,0.0,,,,4.5,510586,일화 맥콜 캔 190ml 30개
249892,12-15,동원 정식혜 238ml 72개,26200.0,32200.0,3000.0,0.0,0.0,,,,4.5,510585,동원 정식혜 238ml 72개
249891,27-28-01,롯데칠성 사이다 1.5L 12개,28900.0,34900.0,3000.0,0.0,0.0,,,,4.5,510584,롯데칠성 사이다 1.5L 12개
249890,12-18-03,동원 쿨피스 파인애플 캔 350ml 12개,6500.0,12500.0,3000.0,0.0,0.0,,,,4.5,510583,동원 쿨피스 파인애플 캔 350ml 12개
249889,35-07,참맑은 식혜 175ml 30개,8600.0,14600.0,3000.0,0.0,0.0,,,,4.5,510582,참맑은 식혜 175ml 30개
249888,27-17-04,롯데 트레비 레몬 500ml 6개,5100.0,11100.0,3000.0,0.0,0.0,,,,5,510581,롯데 트레비 레몬 500ml 6개
249887,27-17-05,롯데 트레비 자몽 500ml 6개,5200.0,11200.0,3000.0,0.0,0.0,,,,4.5,510580,롯데 트레비 자몽 500ml 6개
249886,27-17-06,롯데 트레비 플레인 500ml 6개,5300.0,11300.0,3000.0,0.0,0.0,,,,4.5,510579,롯데 트레비 플레인 500ml 6개
249885,27-04-03,롯데칠성 밀키스 1.5L 12개,20200.0,26200.0,3000.0,0.0,0.0,,,,4.5,510578,롯데칠성 밀키스 1.5L 12개
249883,27-04-02,롯데칠성 밀키스 500ml 20개,20200.0,26200.0,3000.0,0.0,0.0,,,,4.5,510576,롯데칠성 밀키스 500ml 20개
249882,35-16,참맑은 참대추 175ml 30개,8800.0,14800.0,3000.0,0.0,0.0,,,,4.5,510575,참맑은 참대추 175ml 30개
249881,27-01,롯데칠성 사이다 190ml 30개,13100.0,19100.0,3000.0,0.0,0.0,,,,4.5,510574,롯데칠성 사이다 190ml 30개
249880,35-16-01,참맑은 제주감귤 캔 175ml 30개,8600.0,14600.0,3000.0,0.0,0.0,,,,4.5,510573,참맑은 제주감귤 캔 175ml 30개
249879,31-29,캐나다드라이 토닉워터 250ml 30개,16100.0,22100.0,3000.0,0.0,0.0,,,,4.5,510572,캐나다드라이 진저엘 250ml 30개
249878,31-55,캐나다드라이 클럽소다 250ml 30개,16100.0,22100.0,3000.0,0.0,0.0,,,,4.5,510571,캐나다드라이 클럽소다 250ml 30개
249877,31-05,코카콜라 1.5L 12개,35400.0,45500.0,3000.0,0.0,0.0,,,,4.5,510570,코카콜라 1.5L 12개
249876,31-01-05,코카콜라 250ml 30개,28600.0,34700.0,3000.0,0.0,0.0,,,,4.5,510569,코카콜라 250ml 30개
249875,29-17,일화 헛개차 340ml 20개,10200.0,16200.0,3000.0,0.0,0.0,,,,4.5,510568,일화 헛개차 340ml 20개
249874,29-04,일화 초정탄산수 1.5L 12개,14700.0,20700.0,3000.0,0.0,0.0,,,,4.5,510567,일화 초정탄산수 1.5L 12개
249873,28-24-03,동아 나랑드사이다 제로 파인애플  500ml 20개,15400.0,21400.0,3000.0,0.0,0.0,,,,4.5,510566,동아 나랑드사이다 제로 파인애플  500ml 20개
249872,28-24-04,동아 나랑드사이다 제로 그린애플  500ml 20개,15300.0,21300.0,3000.0,0.0,0.0,,,,4.5,510565,동아 나랑드사이다 제로 그린애플  500ml 20개
249871,31-50,토레타 240ml 30개,15200.0,19500.0,3000.0,0.0,0.0,,,,4.5,510564,토레타 240ml 30개
249870,28-02,동아오츠카 포카리스웨트 1.5L 12개,25900.0,31900.0,3000.0,0.0,0.0,,,,4.5,510563,동아오츠카 포카리스웨트 1.5L 12개
249869,27-02,이프로 부족할때 제로 240ml 30개,15900.0,21900.0,3000.0,0.0,0.0,,,,4.5,510562,이프로 부족할때 제로 240ml 30개
249868,31-03-07,몬스터 에너지 망고로코 355ml 24개,34600.0,40600.0,3000.0,0.0,0.0,,,,4.5,510561,몬스터 에너지 망고로코 355ml 24개
249867,31-50-01,토레타 500ml 24개,22200.0,27900.0,3000.0,0.0,0.0,,,,4.5,510560,토레타 500ml 24개
249866,27-04,롯데칠성 밀키스 250ml 30개,18300.0,24300.0,3000.0,0.0,0.0,,,,4.5,510559,롯데칠성 밀키스 250ml 30개
249865,29-10-01,일화 천연사이다 190ml 30개,8700.0,14700.0,3000.0,0.0,0.0,,,,4.5,510558,일화 천연사이다 190ml 30개
249864,31-01-06,코카콜라 제로250ml 30개,25500.0,31500.0,3000.0,0.0,0.0,,,,4.5,510557,코카콜라 제로250ml 30개
249863,27-26,롯데칠성 펩시콜라 1.5L 12개,24600.0,30600.0,3000.0,0.0,0.0,,,,4.5,510556,롯데칠성 펩시콜라 1.5L 12개
249862,22-04-05,비락 수정과 238ml 24개,13700.0,19700.0,3000.0,0.0,0.0,,,,4.5,510555,비락 수정과 238ml 24개
249861,27-330,롯데칠성 마운틴듀 355ml 24개,14200.0,20200.0,3000.0,0.0,0.0,,,,4.5,510554,롯데칠성 마운틴듀 355ml 24개
249860,27-04-01,롯데칠성 밀키스 캔 340ml 24개,14200.0,20200.0,3000.0,0.0,0.0,,,,4.5,510553,롯데칠성 밀키스 캔 340ml 24개
249859,23-54-03,웅진 자연은 요거새콤파인애플 1.5L 12개,15100.0,21100.0,3000.0,0.0,0.0,,,,4.5,510552,웅진 자연은 요거새콤파인애플 1.5L 12개
249858,21-114,남양 초코에몽 175ml 30개,12800.0,18800.0,3000.0,0.0,0.0,,,,4.5,510551,남양 초코에몽 175ml 30개
249857,32-30-01,해태 갈아만든배 사이다 1.5L 12개,23800.0,29800.0,3000.0,0.0,0.0,,,,4.5,510550,해태 갈아만든배 사이다 1.5L 12개
249856,21-09,남양 17차 1.5L 12개,13300.0,19300.0,3000.0,0.0,0.0,,,,4.5,510549,남양 17차 1.5L 12개
249855,24-49,카프리썬 오렌지 200ml 10개,5100.0,11100.0,3000.0,0.0,0.0,,,,4.5,510548,카프리썬 오렌지 200ml 10개
249854,24-49-05,카프리썬 알래스카아이스티 200ml 10개,5100.0,11100.0,3000.0,0.0,0.0,,,,4.5,510547,카프리썬 알래스카아이스티 200ml 10개
249853,24-49-01,카프리썬 오렌지망고 200ml 10개,5100.0,11100.0,3000.0,0.0,0.0,,,,4.5,510546,카프리썬 오렌지망고 200ml 10개
249852,24-49-02,카프리썬 사파리 200ml 10개,5000.0,11000.0,3000.0,0.0,0.0,,,,4.5,510545,카프리썬 사파리 200ml 10개
249851,12-10,동원 알로에캔 175ml 30개,7100.0,13100.0,3000.0,0.0,0.0,,,,4.5,510544,동원 알로에캔 175ml 30개
249850,22-08,팔도 비락밥알없는식혜 175ml 30개,8800.0,14800.0,3000.0,0.0,0.0,,,,4.5,510543,팔도 비락밥알없는식혜 175ml 30개
249849,28-03,동아제약 포카리스웨트 340ml 24개,23600.0,29600.0,3000.0,0.0,0.0,,,,4.5,510542,동아제약 포카리스웨트 340ml 24개
249848,22-05.,비락 식혜 500ml 12개,14300.0,20300.0,3000.0,0.0,0.0,,,,4.5,510541,비락 식혜 500ml 12개
249847,32-01-02,해태 포도봉봉 340ml 24개,14900.0,20900.0,3000.0,0.0,0.0,,,,4.5,510540,해태 포도봉봉 340ml 24개
249846,29-23,일화 천연사이다 500ml 20개,15400.0,21400.0,3000.0,0.0,0.0,,,,4.5,510539,일화 천연사이다 500ml 20개
249845,27-03-01,실론티 175ml 30캔,10700.0,16700.0,3000.0,0.0,0.0,,,,4.5,510538,실론티 175ml 30캔
249844,29-02,일화 맥콜 1.5L 12개,17900.0,23900.0,3000.0,0.0,0.0,,,,4.5,510537,일화 맥콜 1.5L 12개
249843,12-14,동원 보성녹차 175ml 30개,7400.0,13400.0,3000.0,0.0,0.0,,,,4.5,510536,동원 보성녹차 175ml 30개
249842,35-02,참맑은 보성녹차 캔 175ml 30개,7300.0,13300.0,3000.0,0.0,0.0,,,,4.5,510535,참맑은 녹차 캔 175ml 30개
249841,24-05,농심 웰치스 포도 355ml 24개,16800.0,22800.0,3000.0,0.0,0.0,,,,4.5,510534,농심 웰치스 포도 355ml 24개
249840,20-18,광동 옥수수수염차 캔 180ml 30개,8400.0,13400.0,3000.0,0.0,0.0,,,,4.5,510533,광동 옥수수수염차 캔 180ml 30개
249839,12-02,동원 보성녹차 1.5L 12개,11100.0,17100.0,3000.0,0.0,0.0,,,,4.5,510532,동원 보성녹차 1.5L 12개
249838,27-20-03,델몬트 망고 1.5L 6개입,17700.0,23700.0,3000.0,0.0,0.0,,,,4.5,510531,델몬트 망고 1.5L 6개입
249837,28-20-01,동아제약 오란씨 오렌지맛 250ml 30개,12700.0,18700.0,3000.0,0.0,0.0,,,,4.5,510530,동아제약 오란씨 오렌지맛 250ml 30개
249836,24-49-04,카프리썬 사과 200ml 10개,5100.0,11100.0,3000.0,0.0,0.0,,,,4.5,510529,카프리썬 사과 200ml 10개
249835,22-06,팔도 비락 생칡즙 120ml 40개,30800.0,36800.0,3000.0,0.0,0.0,,,,4.5,510528,팔도 비락 생칡즙 120ml 40개
249834,29-08,일화 탑씨 파인애플 1.5L 12개,12900.0,16900.0,3000.0,0.0,0.0,,,,4.5,510527,일화 탑씨 파인애플 1.5L 12개
249833,23-07,웅진 초록매실 1.5L 12개,26900.0,27800.0,3000.0,0.0,0.0,,,,4.5,510526,웅진 초록매실 1.5L 12개
249832,32-18-01,해태 갈아만든배 340ml 24개,16000.0,22000.0,3000.0,0.0,0.0,,,,4.5,510525,해태 갈아만든배 340ml 24개
249831,29-01-03,일화 맥콜 350ml 24개,12500.0,18500.0,3000.0,0.0,0.0,,,,4.5,510524,일화 맥콜 350ml 24개
249830,35-18-03,참맑은 cool사이다 175ml 30개,9200.0,15200.0,3000.0,0.0,0.0,,,,4.5,510523,참맑은 cool사이다 175ml 30개
249829,27-15-03,롯데 펩시콜라 245ml 업소용 슬림 30개,13000.0,19000.0,3000.0,0.0,0.0,,,,4.5,510522,롯데 펩시콜라 245ml 업소용 슬림 30개
249828,32-72,코코뿌요 280ml 24개 애플망고맛,18500.0,24500.0,3000.0,0.0,0.0,,,,4.5,510521,코코뿌요 280ml 24개 애플망고맛
249827,32-71,코코뿌요 280ml 24개 복숭아맛,18500.0,24500.0,3000.0,0.0,0.0,,,,4.5,510520,코코뿌요 280ml 24개 복숭아맛
249826,29-07-01,일화 탑씨 포도 1.5L 12개,13000.0,17000.0,3000.0,0.0,0.0,,,,4.5,510519,일화 탑씨 포도 1.5L 12개
249825,12-01-01,동원 보성녹차 340ml 24개,11000.0,17000.0,3000.0,0.0,0.0,,,,4.5,510518,동원 보성녹차 340ml 24개
249824,29-03,일화 맥콜 500ml 20개,18500.0,24500.0,3000.0,0.0,0.0,,,,4.5,510517,일화 맥콜 500ml 20개
249823,31-47,환타  업소용 오렌지 캔 350ml 24개,15900.0,21900.0,3000.0,0.0,0.0,,,,4.5,510516,환타 업소용 오렌지 캔 355ml 24개
249822,31-01-04,코카콜라 245ml 30개(업소용),17200.0,22000.0,3000.0,0.0,0.0,,,,4.5,510515,코카콜라 245ml 30개(업소용)
249821,28-01,포카리스웨트 캔 245ml 30개,20400.0,26400.0,3000.0,0.0,0.0,,,,4.5,510514,포카리스웨트 캔 245ml 30개
249820,17-12,돌 dole 파인 쥬스 1000ml 12개,34600.0,36500.0,3000.0,0.0,0.0,,,,4.5,510513,돌 dole 파인 쥬스 1000ml 12개
249819,23-19-01,초록매실 캔 180ml 90개,29300.0,35300.0,3000.0,0.0,0.0,,,,4.5,510512,초록매실 캔 180ml 90개
249818,22-13,팔도 뽀로로 블루베리 235ml 24개,18900.0,24900.0,3000.0,0.0,0.0,,,,7,510511,팔도 뽀로로 블루베리 235ml 24개
249817,35-08,참맑은 벌꿀 캔175ml 30개,9200.0,15200.0,3000.0,0.0,0.0,,,,4.5,510510,참맑은 벌꿀 캔175ml 30개
249816,32-01-03,해태 복숭아봉봉 340ml 24개,59100.0,65100.0,3000.0,0.0,0.0,,,,4.5,510509,해태 복숭아봉봉 340ml 24개
249815,28-53-03,현대 미에로화이바 1.2L 12개,19000.0,22300.0,3000.0,0.0,0.0,,,,4.5,510508,현대 미에로화이바 1.2L 12개
249814,27-20,델몬트 오렌지 1.5L 12개,32700.0,38700.0,3000.0,0.0,0.0,,,,4.5,510507,델몬트 오렌지 1.5L 12개
249813,21-003-01,남양 과수원 복숭아 200ml 24개,7000.0,13000.0,3000.0,0.0,0.0,,,,4.5,510506,남양 과수원 복숭아 200ml 24개
249812,30-12-02,진로 블랙보리 1.5L 12개,16100.0,22100.0,3000.0,0.0,0.0,,,,4.5,510505,진로 블랙보리 1.5L 12개
249811,21-91,웅진 꿀홍삼 180ml (12x4) 48개,11800.0,17800.0,3000.0,0.0,0.0,,,,4.5,510504,웅진 꿀홍삼 180ml (12x4) 48개
249810,28-51,현대제약 미에로화이바 210ml 40개,34000.0,35100.0,3000.0,0.0,0.0,,,,4.5,510503,현대제약 미에로화이바 210ml 40개
249809,31-11,캐나다드라이 토닉워터 캔 250ml 30개,16200.0,22200.0,3000.0,0.0,0.0,,,,4.5,510502,캐나다드라이 토닉워터 캔 250ml 30개
249808,27-39-01,델몬트 망고 캔 음료수 180ml 30개,13200.0,19200.0,3000.0,0.0,0.0,,,,4.5,510501,델몬트 망고 캔 음료수 180ml 30개
249807,31-42-02,환타 오렌지 캔 250ml 30개,18900.0,24900.0,3000.0,0.0,0.0,,,,4.5,510500,환타 오렌지 캔 250ml 30개
249806,12-12,동원 옥수수수염차 캔 175ml 30개,7500.0,13500.0,3000.0,0.0,0.0,,,,4.5,510499,동원 옥수수수염차 캔 175ml 30개
249805,28-24-01,동아제약 오로나민C 120ml 50개,36200.0,42200.0,3000.0,0.0,0.0,,,,4.5,510498,동아제약 오로나민C 120ml 50개
249804,32-21,해태 코코팜화이트 240ml 30캔,17300.0,23300.0,3000.0,0.0,0.0,,,,4.5,510497,해태 코코팜화이트 240ml 30캔
249803,31-22-02,코라콜라 제로 업소용 355ml 24개,19100.0,24100.0,3000.0,0.0,0.0,,,,4.5,510496,코라콜라 제로 업소용 355ml 24개
249802,23-54-02,웅진 자연은 요거상큼복숭아 1.5L 12개,15300.0,21300.0,3000.0,0.0,0.0,,,,4.5,510495,웅진 자연은 요거상큼복숭아 1.5L 12개
249801,21-17-03,트레비 190ml 캔 30개,10200.0,16200.0,3000.0,0.0,0.0,,,,4.5,510494,트레비 190ml 캔 30개
249800,32-18,해태 갈아만든배 캔 238ml 24개,14000.0,20000.0,3000.0,0.0,0.0,,,,4.5,510493,해태 갈아만든배 캔 238ml 24개
249799,27-37-02,펩시콜라 제로 355ml 24개 일반,17300.0,23300.0,3000.0,0.0,0.0,,,,4.5,510492,펩시콜라 제로 355ml 24개 일반
249798,27-21-01,델몬트 포도 1.5L 6개입,17600.0,23600.0,3000.0,0.0,0.0,,,,4.5,510491,델몬트 포도 1.5L 6개입
249797,32-05,해태 코코팜 포도 238ml 72개,38300.0,44300.0,3000.0,0.0,0.0,,,,4.5,510490,해태 코코팜 포도 238ml 72개
249796,32-02,해태 갈아만든배 238ml 72개,39400.0,45400.0,3000.0,0.0,0.0,,,,4.5,510489,해태 갈아만든배 238ml 72개
249795,23-18,웅진 하늘보리500ml 20개,13200.0,19200.0,3000.0,0.0,0.0,,,,4.5,510488,웅진 하늘보리500ml 20개
249794,32-01,해태 포도봉봉 238ml 72개,38300.0,44300.0,3000.0,0.0,0.0,,,,4.5,510487,해태 포도봉봉 238ml 72개
249793,23-08,웅진 초록매실 500ml 20개,23400.0,29400.0,3000.0,0.0,0.0,,,,4.5,510486,웅진 초록매실 500ml 20개
249792,28-20,동아제약 오란씨 파인애플맛 250ml 30개,12900.0,18900.0,3000.0,0.0,0.0,,,,4.5,510485,동아제약 오란씨 파인애플맛 250ml 30개
249791,27-04-05,밀키스 제로 500ml 6개,24700.0,30700.0,3000.0,0.0,0.0,,,,4.5,510484,밀키스 제로 500ml 6개
249790,27-01-02,롯데 핫식스 오리지널 250ml 30개,18800.0,24800.0,3000.0,0.0,0.0,,,,4.5,510483,롯데 핫식스 오리지널 250ml 30개
249789,31-13-01,파워에이드 340ml 24개,15600.0,21600.0,3000.0,0.0,0.0,,,,4.5,510482,파워에이드 340ml 24개
249788,31-13-03,파워에이드 600ml 페트 20개,26000.0,32000.0,3000.0,0.0,0.0,,,,4.5,510481,파워에이드 600ml 페트 20개
249787,54-102,파워오투 애플키위 500ml 24개,30800.0,36800.0,3000.0,0.0,0.0,,,,4.5,510480,파워오투 애플키위 500ml 24개
249786,35-27,참맑은 복숭아 캔 175ml 30개,8900.0,14900.0,3000.0,0.0,0.0,,,,4.5,510479,참맑은 복숭아 캔 175ml 30개
249785,81-25,수미네 잔치집 식혜 340,12800.0,18800.0,3000.0,0.0,0.0,,,,4.5,510478,수미네 잔치집 식혜 340
249784,35-18-01,참맑은 톡톡 포도 175ml 30개,7700.0,13700.0,3000.0,0.0,0.0,,,,4.5,510477,참맑은 톡톡 포도 175ml 30개
249783,32,해태 과일촌 아침에사과 500ml 24개,25100.0,31100.0,3000.0,0.0,0.0,,,,4.5,510476,해태 과일촌 아침에사과 500ml 24개
249782,81-63,해태 갈아만든배 500ml 24개,31600.0,37600.0,3000.0,0.0,0.0,,,,4.5,510475,해태 갈아만든배 500ml 24개
249781,12-29,동원 정식혜 238ml 24개,8400.0,14400.0,3000.0,0.0,0.0,,,,4.5,510474,동원 정식혜 238ml 24개
249780,28-31,동아제약 박카스F 120ml 50개,36600.0,42600.0,3000.0,0.0,0.0,,,,4.5,510473,동아제약 박카스F 120ml 50개
249779,31-13,코카콜라 파워에이드 240ml 30개,13300.0,19300.0,3000.0,0.0,0.0,,,,4.5,510472,코카콜라 파워에이드 240ml 30개
249778,31-42,환타 오렌지 캔 185ml 30개,16000.0,22000.0,3000.0,0.0,0.0,,,,4.5,510471,환타 오렌지 캔 185ml 30개
249777,31-44-02,환타 포도맛 1.5L 12개,24100.0,30100.0,3000.0,0.0,0.0,,,,4.5,510470,환타 포도맛 1.5L 12개
249776,27-24,롯데칠성 게토레이 600ml 20개,20700.0,26700.0,3000.0,0.0,0.0,,,,4.5,510469,롯데칠성 게토레이 600ml 20개
249775,27-20-01,델몬트 오렌지 1.5L 6개입,17500.0,23500.0,3000.0,0.0,0.0,,,,4.5,510468,델몬트 오렌지 1.5L 6개입
249774,31-47-01,환타  업소용 파인 350ml 24개,15800.0,21800.0,3000.0,0.0,0.0,,,,4.5,510467,환타 파인 업소용 355ml 24개
249773,29-24,일화 천연사이다 1.5L 12개,15600.0,21600.0,3000.0,0.0,0.0,,,,4.5,510466,일화 천연사이다 1.5L 12개
249772,23-05-01,웅진 맑게 우려낸 누룽지 1.5L 12개,13300.0,19300.0,3000.0,0.0,0.0,,,,4.5,510465,웅진 맑게 우려낸 누룽지 1.5L 12개
249771,21-08,남양 17차 500ml 20개,13600.0,19600.0,3000.0,0.0,0.0,,,,4.5,510464,남양 17차 500ml 20개
249770,31-42-04,환타 파인 캔 250ml 30개,18900.0,24900.0,3000.0,0.0,0.0,,,,4.5,510463,환타 파인 캔 250ml 30개
249769,23-09,웅진 아침햇살 1.5L 12개,24100.0,30100.0,3000.0,0.0,0.0,,,,4.5,510462,웅진 아침햇살 1.5L 12개
249768,31-45,환타 오렌지 페트 600ml 24개,31600.0,37600.0,3000.0,0.0,0.0,,,,4.5,510461,환타 오렌지 페트 600ml 24개
249767,31-46,코카콜라 환타 파인애플맛 600ml 24개,31600.0,37600.0,3000.0,0.0,0.0,,,,4.5,510460,코카콜라 환타 파인애플맛 600ml 24개
249766,31-44-01,환타 파인애플맛 1.5L 12개,22900.0,28900.0,3000.0,0.0,0.0,,,,4.5,510459,환타 파인애플맛 1.5L 12개
249765,29-06,일화 초정 탄산수 500ml 20펫,16500.0,22500.0,3000.0,0.0,0.0,,,,5,510458,일화 초정 탄산수 500ml 20펫
249764,32-13,해태 과일촌 아침에사과 1.5L 12개,29600.0,35600.0,3000.0,0.0,0.0,,,,4.5,510457,해태 과일촌 아침에사과 1.5L 12개
249763,31-47-14,환타 업소용 포도 캔 350ml 24개,15900.0,21900.0,3000.0,0.0,0.0,,,,4.5,510456,환타 포도 캔 350ml 24개
249762,23-54-01,웅진 자연은 요거풋풋사과 1.5L 12개,15800.0,21800.0,3000.0,0.0,0.0,,,,4.5,510455,웅진 자연은 요거풋풋사과 1.5L 12개
249761,28-52,현대제약 미에로화이바 350ml 24개,24400.0,30400.0,3000.0,0.0,0.0,,,,4.5,510454,현대제약 미에로화이바 350ml 24개
249760,21-07,남양 17차 340ml 20개,11000.0,17000.0,3000.0,0.0,0.0,,,,4.5,510453,남양 17차 340ml 20개
249759,35-27-02,참맑은 비타엔 캔 175ml 30개,8800.0,14800.0,3000.0,0.0,0.0,,,,4.5,510452,참맑은 비타엔 캔 175ml 30개
249758,12-37-02,동원 옥수수수염차 350ml 24개,11600.0,17600.0,3000.0,0.0,0.0,,,,4.5,510451,동원 옥수수수염차 350ml 24개
249757,31-44,환타 오렌지 1.5L 12개,24300.0,30300.0,3000.0,0.0,0.0,,,,4.5,510450,환타 오렌지 1.5L 12개
249756,20-13,매일 피크닉 사과맛 200ml 24개,9600.0,15600.0,3000.0,0.0,0.0,,,,4.5,510449,매일 피크닉 사과맛 200ml 24개
249755,20-10,광동 쌍화골드 100ml 100개,48800.0,54800.0,3000.0,0.0,0.0,,,,4.5,510448,광동 쌍화골드 100ml 100개
249754,22-56,해태 영진구론산 오리지날 150ml 30개,18600.0,24600.0,3000.0,0.0,0.0,,,,4.5,510447,해태 영진구론산 오리지날 150ml 30개
249753,20-12-01,광동 위생천 75ml 100개,43200.0,49200.0,3000.0,0.0,0.0,,,,4.5,510446,광동 위생천 75ml 100개
249752,35-01,참맑은 옥수수 수염차 175ml 30캔,7600.0,13600.0,3000.0,0.0,0.0,,,,4.5,510445,참맑은 옥수수 수염차 175ml 30캔
249751,23-19,웅진 초록매실180ml 30개,8700.0,14700.0,3000.0,0.0,0.0,,,,4.5,510444,웅진 초록매실180ml 30개
249750,23-17,웅진 하늘보리 1.5L 12개,14800.0,20800.0,3000.0,0.0,0.0,,,,4.5,510443,웅진 하늘보리 1.5L 12개
249749,55-09,에이치케이이노엔 홍삼진 100ml 100병,37400.0,43400.0,3000.0,0.0,0.0,,,,4.5,510442,에이치케이이노엔 홍삼진 100ml 100병
249748,26-05,웅진 가야 복숭아농장 1.5L 12개,28200.0,34200.0,3000.0,0.0,0.0,,,,4.5,510441,웅진 가야 복숭아농장 1.5L 12개
249747,65-02,네슬레 페리에 레몬 330ml 24개,21800.0,27800.0,3000.0,0.0,0.0,,,,4.5,510440,네슬레 페리에 레몬 330ml 24개
249746,29-07,일화 탑씨 오렌지 1.5L 12개,12800.0,16800.0,3000.0,0.0,0.0,,,,4.5,510439,일화 탑씨 오렌지 1.5L 12개
249745,26-10,웅진 가야 사과농장 1.5L 12개,26200.0,32200.0,3000.0,0.0,0.0,,,,4.5,510438,웅진 가야 사과농장 1.5L 12개
249744,35-05,참맑은 홍차 175ml 30개,7900.0,13900.0,3000.0,0.0,0.0,,,,4.5,510437,참맑은 홍차 175ml 30개
249743,21-10,남양 주전자보리차 500ml 20개,6500.0,12500.0,3000.0,0.0,0.0,,,,4.5,510436,남양 주전자보리차 500ml 20개
249742,65-01,페리에 라임 330ml 24개,25700.0,31700.0,3000.0,0.0,0.0,,,,5,510435,페리에 라임 330ml 24개
249741,35-06,참맑은 헛개차 175ml  30캔,7600.0,13600.0,3000.0,0.0,0.0,,,,4.5,510434,참맑은 헛개차 175ml  30캔
249740,26-04-03,웅진 가야 토마토농장 180ml 48개,26700.0,31800.0,3000.0,0.0,0.0,,,,4.5,510433,웅진 가야 토마토농장 180ml 48개
249739,23-333,웅진 광명찾은 결명자차 500ml 20개,13600.0,19600.0,3000.0,0.0,0.0,,,,4.5,510432,웅진 광명찾은 결명자차 500ml 20개
249738,26-02-03,웅진 가야 알로에농장 180ml 48개,26600.0,32600.0,3000.0,0.0,0.0,,,,4.5,510431,웅진 가야 알로에농장 180ml 48개
249737,65-03,페리에 플레인 330ml 24개,22500.0,28500.0,3000.0,0.0,0.0,,,,4.5,510430,페리에 플레인 330ml 24개
249736,28-13-05,현대약품 비타업 100ml 100개,34000.0,40000.0,3000.0,0.0,0.0,,,,4.5,510429,현대약품 비타업 100ml 100개
249735,34-20-01,동원 복숭아 녹차 340ml 20개,10600.0,16600.0,3000.0,0.0,0.0,,,,4.5,510428,동원 복숭아 녹차 340ml 20개
249734,28-50,미에로화이바 100ml 100개,47800.0,53800.0,3000.0,0.0,0.0,,,,4.5,510427,미에로화이바 100ml 100개
249733,26-04,웅진 가야 토마토농장 1.5L 12개,27900.0,33900.0,3000.0,0.0,0.0,,,,4.5,510426,웅진 가야 토마토농장 1.5L 12개
249732,26-06,가야 당근 농장 1.5L 12개,35200.0,41200.0,3000.0,0.0,0.0,,,,4.5,510425,가야 당근 농장 1.5L 12개
249731,23-27,웅진 자연은 알로에 180ml (12x4) 48개,28600.0,34600.0,3000.0,0.0,0.0,,,,4.5,510424,웅진 자연은 알로에 180ml (12x4) 48개
249730,23-23,웅진 자연은 알로에 1.5L 12개,27900.0,33900.0,3000.0,0.0,0.0,,,,4.5,510423,웅진 자연은 알로에 1.5L 12개
249729,23-28,웅진 자연은 토마토 1.5L 12개,28100.0,34100.0,3000.0,0.0,0.0,,,,4.5,510422,웅진 자연은 토마토 1.5L 12개
249728,23-29,웅진 자연은 토마토 500ml 20개,26400.0,32400.0,3000.0,0.0,0.0,,,,4.5,510421,웅진 자연은 토마토 500ml 20개
249727,26-27-02,웅진 티즐 제로 유자 그린티 500ml 20개,17200.0,23200.0,3000.0,0.0,0.0,,,,4.5,510420,웅진 티즐 제로 유자 그린티 500ml 20개
249726,26-27-03,웅진 티즐 제로 피치우롱티 500ml 20개,17200.0,23200.0,3000.0,0.0,0.0,,,,4.5,510419,웅진 티즐 제로 피치우롱티 500ml 20개
249725,26-27-04,웅진 티즐 제로 자몽블랙티 500ml 20개,17200.0,23200.0,3000.0,0.0,0.0,,,,4.5,510418,웅진 티즐 제로 자몽블랙티 500ml 20개
249724,26-27-05,웅진 티즐 제로 피치얼그레이  500ml 20개,17800.0,23800.0,3000.0,0.0,0.0,,,,4.5,510417,웅진 티즐 제로 피치얼그레이  500ml 20개
249723,26-27-06,웅진 티즐 제로 라임민트티 500ml 20개,17800.0,23800.0,3000.0,0.0,0.0,,,,4.5,510416,웅진 티즐 제로 라임민트티 500ml 20개
249722,23-35-01,웅진 헛개차 1.5L 12펫,15400.0,21400.0,3000.0,0.0,0.0,,,,4.5,510415,웅진 헛개차 1.5L 12펫
249721,23-39..,웅진 옥수수수염차 1.5L 12개,14200.0,20200.0,3000.0,0.0,0.0,,,,4.5,510414,웅진 옥수수수염차 1.5L 12개
249720,23-333-01,웅진 결명자차 1.5L 12개,14200.0,20200.0,3000.0,0.0,0.0,,,,4.5,510413,웅진 결명자차 1.5L 12개
249719,23-15,웅진 자연은 고칼슘오렌지1.5L 12개,34300.0,40300.0,3000.0,0.0,0.0,,,,4.5,510412,웅진 자연은 고칼슘오렌지1.5L 12개
249718,28-13,현대 헬씨 올리고 100ml 100병,48600.0,54600.0,3000.0,0.0,0.0,,,,4.5,510411,현대 헬씨 올리고 100ml 100병
249717,34-01-01,호연당 아카시아꿀물 180ml 48개,29300.0,35300.0,3000.0,0.0,0.0,,,,4.5,510410,호연당 아카시아꿀물 180ml 48개
249716,38-09-03,동화 까스활 75ml 120개,90800.0,96800.0,3000.0,0.0,0.0,,,,4.5,510409,동화 까스활 75ml 120개
249715,23-36,웅진 자연은 알로에 캔 180ml 30개,13000.0,19000.0,3000.0,0.0,0.0,,,,4.5,510408,웅진 자연은 알로에 캔 180ml 30개
249714,34-01-02,호연당 아카시아 꿀물파우치 150ml X 60개,46800.0,52800.0,3000.0,0.0,0.0,,,,4.5,510407,호연당 아카시아 꿀물파우치 150ml X 60개
249713,01-41,농심 프링글스 양파 110g 12개,19800.0,25800.0,3000.0,0.0,0.0,,,,6,510406,농심 프링글스 양파 110g 12개
249712,01-43,농심 프링글스 치즈 110g 12개,20600.0,26600.0,3000.0,0.0,0.0,,,,6,510405,농심 프링글스 치즈 110g 12개
249711,01-40,농심 프링글스 오리지날 110g 12개,20800.0,26800.0,3000.0,0.0,0.0,,,,6,510404,농심 프링글스 오리지날 110g 12개
249710,01-18,켈로그 콘푸로스트 600g 12개,41600.0,47600.0,3000.0,0.0,0.0,,,,6,510403,켈로그 콘푸로스트 600g 12개
249709,01-42,농심 프링글스 핫 앤 스파이시 110g 12개,21100.0,27100.0,3000.0,0.0,0.0,,,,6,510402,농심 프링글스 핫 앤 스파이시 110g 12개
249708,16-51-03,동원 친친오리지널 치즈 소시지 80g 10개,6300.0,12300.0,3000.0,0.0,0.0,,,,6.5,510401,동원 친친오리지널 치즈 소시지 80g 10개
249707,15-62,큐원 흑설탕 15KG 1개,35700.0,41700.0,3000.0,0.0,0.0,,,,5,510400,큐원 흑설탕 15KG 1개
249706,15-61-03,큐원 갈색설탕 15kg 1개,31500.0,37500.0,3000.0,0.0,0.0,,,,5,510399,큐원 갈색설탕 15kg 1개
249705,15-61,큐원 하얀설탕 15kg 1개,22200.0,28200.0,3000.0,0.0,0.0,,,,5,510398,큐원 하얀설탕 15kg 1개
249704,15-63,큐원 흑설탕 1KG 16개,46800.0,52800.0,3000.0,0.0,0.0,,,,5,510397,큐원 흑설탕 1KG 16개
249703,15-42-02,백설 하얀설탕 3kg 6개,35100.0,41100.0,3000.0,0.0,0.0,,,,5,510396,백설 하얀설탕 3kg 6개
249702,15-43-03,백설 갈색설탕 3kg 6개,43200.0,49200.0,3000.0,0.0,0.0,,,,5,510395,백설 갈색설탕 3kg 6개
249701,15-87-04,백설 요리 올리고당1.2kg 9개,30200.0,36200.0,3000.0,0.0,0.0,,,,5.5,510394,백설 요리 올리고당1.2kg 9개
249700,08-47-04,CJ 백설 돼지불고기 양념장 500g 12개,18200.0,24200.0,3000.0,0.0,0.0,,,,5.5,510393,CJ 백설 돼지불고기 양념장 500g 12개
249699,08-47-03,CJ 백설 소불고기 양념장 500g 12개,26100.0,32100.0,3000.0,0.0,0.0,,,,5.5,510392,CJ 백설 소불고기 양념장 500g 12개
249698,41-51,올리브유 900ml 12개,104400.0,110400.0,3000.0,0.0,0.0,,,,5,510391,올리브유 900ml 12개
249697,08-32-02,백설 카놀라유 900ml 12개,40600.0,46600.0,3000.0,0.0,0.0,,,,5,510390,백설 카놀라유 900ml 12개
249696,39-80..,오뚜기 옛날참기름 450ml 12개,74500.0,80500.0,3000.0,0.0,0.0,,,,5.5,510389,오뚜기 옛날참기름 450ml 12개
249695,08-32,백설 포도씨유 900ml 12개,78900.0,84900.0,3000.0,0.0,0.0,,,,5,510388,백설 포도씨유 900ml 12개
249694,10-14,유동 뚝배기 번데기탕(얼큰한 맛) 280g 24개,39600.0,45600.0,3000.0,0.0,0.0,,,,5,510387,유동 뚝배기 번데기탕(얼큰한 맛) 280g 24개
249693,14-01,펭귄 꽁치(한마리) 400g 24개,87700.0,93700.0,3000.0,0.0,0.0,,,,5,510386,펭귄 꽁치(한마리) 400g 24개
249692,10-07,유동 번데기 130g 48개,38300.0,44300.0,3000.0,0.0,0.0,,,,5,510385,유동 번데기 130g 48개
249691,14-02-02,펭귄 고등어 통조림 400g 24개,65100.0,71100.0,3000.0,0.0,0.0,,,,5,510384,펭귄 고등어 통조림 400g 24개
249690,14-13,HC 강구나루 고등어 400g 24개,44600.0,50600.0,3000.0,0.0,0.0,,,,5,510383,HC 강구나루 고등어 400g 24개
249689,10-02,유동 자연산골뱅이 140g 48개,182000.0,188000.0,3000.0,0.0,0.0,,,,5,510382,유동 자연산골뱅이 140g 48개
249688,46-04-02,동표 을지로골뱅이 140g 48개,173600.0,179600.0,3000.0,0.0,0.0,,,,5,510381,동표 을지로골뱅이 140g 48개
249687,10-21-04,유동 순살왕꼬막 앤 골뱅이 280g 24개,109000.0,115000.0,3000.0,0.0,0.0,,,,5,510380,유동 순살왕꼬막 앤 골뱅이 280g 24개
249686,14-15,펭귄 번데기 130g 48개,42100.0,48100.0,3000.0,0.0,0.0,,,,5,510379,펭귄 번데기 130g 48개
249685,11-16,동원 자연산골뱅이 140g 48개,148600.0,149400.0,3000.0,0.0,0.0,,,,5,510378,동원 자연산골뱅이 140g 48개
249684,14-12,HC꽁치 400g(강구나루) 24개,65400.0,73600.0,3000.0,0.0,0.0,,,,5,510377,HC꽁치 400g(강구나루) 24개
249682,11-17,동원 자연산골뱅이 400g 24개,176000.0,176000.0,3000.0,0.0,0.0,,,,5,510375,동원 자연산골뱅이 400g 24개
249681,10-14-02,유동 뚝배기번데기탕(구수한맛) 280g 24개,39600.0,45600.0,3000.0,0.0,0.0,,,,5,510374,유동 뚝배기번데기탕(구수한맛) 280g 24개
249680,10-29,유동 번데기 280g 24개,35600.0,41600.0,3000.0,0.0,0.0,,,,5,510373,유동 번데기 280g 24개
249679,10-00-02,유동 골뱅이 300g 24개,148000.0,154000.0,3000.0,0.0,0.0,,,,5,510372,유동 골뱅이 300g 24개
249678,10-00,유동 자연산 골뱅이 400g 24개,218400.0,224400.0,3000.0,0.0,0.0,,,,5,510371,유동 자연산 골뱅이 400g 24개
249677,10-04,유동 꽁치 통조림 400g 24개,70300.0,76300.0,3000.0,0.0,0.0,,,,5,510370,유동 꽁치 통조림 400g 24개
249676,10-01,유동 자연산골뱅이 230g 24개,134300.0,140300.0,3000.0,0.0,0.0,,,,5,510369,유동 자연산골뱅이 230g 24개
249675,46-04-01,동표 을지로골뱅이 230g 24개,124100.0,130100.0,3000.0,0.0,0.0,,,,5,510368,동표 을지로골뱅이 230g 24개
249674,46-04,동표 을지로골뱅이 400g 24개,180200.0,186200.0,3000.0,0.0,0.0,,,,5,510367,동표 을지로골뱅이 400g 24개
249673,11-74-04,리치스 파인애플 슬라이스 통조림 836g 12개,44100.0,50100.0,3000.0,0.0,0.0,,,,5,510366,리치스 파인애플 슬라이스 통조림 836g 12개
249672,11-74-02,리치스 후르츠칵테일 통조림 850g 12개,35400.0,41400.0,3000.0,0.0,0.0,,,,5,510365,리치스 후르츠칵테일 통조림 850g 12개
249671,18-01,삼아 완두콩 400g 24개,23200.0,29200.0,3000.0,0.0,0.0,,,,5,510364,삼아 완두콩 400g 24개
249670,18-02,삼아 베이크드빈스 400g 24개,27800.0,33800.0,3000.0,0.0,0.0,,,,5,510363,삼아 베이크드빈스 400g 24개
249669,14-13-01,강구나루 황도 슬라이스 400g 24개,30800.0,36800.0,3000.0,0.0,0.0,,,,5,510362,강구나루 황도 슬라이스 400g 24개
249668,14-04,펭귄 백도 2절 400g 24개,38300.0,44300.0,3000.0,0.0,0.0,,,,4,510361,펭귄 백도 2절 400g 24개
249667,14-03.,펭귄 황도 신형 2절 400g 24개,38100.0,44100.0,3000.0,0.0,0.0,,,,5,510360,펭귄 황도 신형 2절 400g 24개
249666,11-13-02,동원 골드스위트콘 340g 24개,33400.0,39400.0,3000.0,0.0,0.0,,,,5,510359,동원 골드스위트콘 340g 24개
249665,10-08-02,유동 황도슬라이스 400g 24개,28200.0,34200.0,3000.0,0.0,0.0,,,,5,510358,유동 황도슬라이스 400g 24개
249664,14-10,펭귄 황도 슬라이스 400g 24개,33000.0,39000.0,3000.0,0.0,0.0,,,,5,510357,펭귄 황도 슬라이스 400g 24개
249662,11-74-01,동서 리치스홀커널스위트콘 소 (태국) 425g *24캔,22000.0,28000.0,3000.0,0.0,0.0,,,,5,510355,동서 리치스홀커널스위트콘 소 (태국) 425g *24캔
249661,17-01,델몬트 파인애플 통조림 836g 24개,96400.0,102400.0,3000.0,0.0,0.0,,,,5,510354,델몬트 파인애플 통조림 836g 24개
249660,11-30,동원 후르츠칵테일 836g 12개,28900.0,37600.0,3000.0,0.0,0.0,,,,5,510353,동원 후르츠칵테일 836g 12개
249659,17-02,델몬트 후르츠칵테일 통조림 850g 24개,81500.0,87500.0,3000.0,0.0,0.0,,,,5,510352,델몬트 후르츠칵테일 통조림 850g 24개
249658,11-61,동원 황도슬라이스 400G 24개,39800.0,43000.0,3000.0,0.0,0.0,,,,5,510351,동원 황도슬라이스 400G 24개
249657,11-75-03,동서 리치스블랙올리브슬라이스405g*24캔,64100.0,70100.0,3000.0,0.0,0.0,,,,5,510350,동서 리치스블랙올리브슬라이스405g*24캔
249656,11-75-04,동서 리치스블랙올리브홀 피티드405g*24캔,68200.0,74200.0,3000.0,0.0,0.0,,,,5,510349,동서 리치스블랙올리브홀 피티드405g*24캔
249655,11-70,동원 순닭가슴살 135g 36개,74400.0,80400.0,3000.0,0.0,0.0,,,,5,510348,동원 순닭가슴살 135g 36개
249654,15-07,사조 마일드 참치 200g  36캔,79700.0,85700.0,3000.0,0.0,0.0,,,,5,510347,사조 마일드 참치 200g  36캔
249653,11-11-02,동원 김치찌개참치 250g 36개,109100.0,115100.0,3000.0,0.0,0.0,,,,5,510346,동원 김치찌개참치 250g 36개
249652,11-04,동원참치 마일드 200g 36개,84300.0,90300.0,3000.0,0.0,0.0,,,,5,510345,동원참치 마일드 200g 36개
249651,11-03,동원참치 살코기 200g 36개,84200.0,90200.0,3000.0,0.0,0.0,,,,5,510344,동원참치 살코기 200g 36개
249650,11-07-02,동원 야채참치 90g 60개,85800.0,91800.0,3000.0,0.0,0.0,,,,5,510343,동원 야채참치 90g 60개
249649,11-40-001,동원참치 특별 살코기150g 12개,26700.0,32700.0,3000.0,0.0,0.0,,,,5,510342,동원참치 특별기획 살코기150g 12개
249648,11-21-02,동원 살코기 참치 1.88K(덕용) 6개,88000.0,91000.0,3000.0,0.0,0.0,,,,5,510341,동원 살코기 참치 1.88K(덕용) 6개
249647,10-21,유동 순살왕꼬막 280g 24개,91300.0,97300.0,3000.0,0.0,0.0,,,,5,510340,유동 순살왕꼬막 280g 24개
249646,21-108-01,남양 커피믹스 루카스나인 라떼 30T 4개,40000.0,47100.0,3000.0,0.0,0.0,,,,5,510339,남양 커피믹스 루카스나인 라떼 30T 4개
249645,21-108-110-02,남양 프렌치카페 커피믹스 20T 24개,88300.0,110400.0,3000.0,0.0,0.0,,,,5,510338,남양 프렌치카페 커피믹스 20T 24개
249644,21-108-110-07,남양 프렌치카페 커피믹스 (90T+10T) 8개,111600.0,143600.0,3000.0,0.0,0.0,,,,5,510337,남양 프렌치카페 커피믹스 (90T+10T) 8개
249643,21-108-05,남양 커피믹스 루카스나인 더블샷라떼 30T 4개,43400.0,49400.0,3000.0,0.0,0.0,,,,5,510336,남양 커피믹스 루카스나인 더블샷라떼 30T 4개
249642,21-108-02,남양 커피믹스 루카스나인 바닐라라떼 30T 4개,43600.0,49600.0,3000.0,0.0,0.0,,,,5,510335,남양 커피믹스 루카스나인 바닐라라떼 30T 4개
249641,21-108-110-13,남양 프렌치카페 커피믹스 (180T+20T) 4개,111300.0,135100.0,3000.0,0.0,0.0,,,,5,510334,남양 프렌치카페 커피믹스 (180T+20T) 4개
249640,24-12-10,맥심 모카골드(180T+20T) 4개,118300.0,124300.0,3000.0,0.0,0.0,,,,5,510333,맥심 모카골드(180T+20T) 4개
249639,24-52,동서 맥스웰 커피믹스 마일드 자판기용 900g 12개,61000.0,67000.0,3000.0,0.0,0.0,,,,5,510332,동서 맥스웰 커피믹스 마일드 자판기용 900g 12개
249638,22-22,팔도 왕뚜껑 컵라면 110g 18개,20500.0,24800.0,3000.0,0.0,0.0,,,,5.5,510331,팔도 왕뚜껑 컵라면 110g 18개
249637,54-07,농심 짜파게티 멀티팩(5개입) 8개,35900.0,41900.0,3000.0,0.0,0.0,,,,5.5,510330,농심 짜파게티 멀티팩(5개입) 8개
249636,22-23-05,팔도 짬뽕왕뚜껑 110g 18개,20400.0,26400.0,3000.0,0.0,0.0,,,,5.5,510329,팔도 짬뽕왕뚜껑 110g 18개
249635,22-51,팔도 틈새라면 빨계떡 40봉,38500.0,44500.0,3000.0,0.0,0.0,,,,5.5,510328,팔도 틈새라면 빨계떡 40봉
249634,39-91-01,오뚜기 진라면 순한맛 멀티팩(5개입) 8개,24200.0,30200.0,3000.0,0.0,0.0,,,,5.5,510327,오뚜기 진라면 순한맛 멀티팩(5개입) 8개
249633,39-91,오뚜기 진라면 매운맛 멀티팩(5개입) 8개,24200.0,30200.0,3000.0,0.0,0.0,,,,5.5,510326,오뚜기 진라면 매운맛 멀티팩(5개입) 8개
249632,54-10,삼양라면 깔끔한 감칠맛 멀티팩(5개입) 8개 총 40개,23800.0,29800.0,3000.0,0.0,0.0,,,,5.5,510325,삼양라면 깔끔한 감칠맛 멀티팩(5개입) 8개 총 40개
249631,39-94-01,오뚜기 진비빔면(4개입) 8개,17700.0,23700.0,3000.0,0.0,0.0,,,,6.5,510324,오뚜기 진비빔면(4개입) 8개
249630,54-01,농심 신라면 멀티팩(5개입) 8개,31700.0,37700.0,3000.0,0.0,0.0,,,,5.5,510323,농심 신라면 멀티팩(5개입) 8개
249629,39-02,오뚜기 옛날국수 소면 900g 15개,38200.0,44200.0,3000.0,0.0,0.0,,,,6.5,510322,오뚜기 옛날국수 소면 900g 15개
249628,81-91,CJ 이츠웰 쫄깃한 소면국수 3kg*4개,22700.0,28700.0,3000.0,0.0,0.0,,,,6.5,510321,CJ 이츠웰 쫄깃한 소면국수 3kg*6개
249627,54-21,팔도 비빔면 멀티팩(5개입) 8개,36600.0,42600.0,3000.0,0.0,0.0,,,,5.5,510320,팔도 비빔면 멀티팩(5개입) 8개
249626,81-90,CJ 이츠웰 쫄깃한 소면국수 900g*15개,27800.0,33800.0,3000.0,0.0,0.0,,,,6.5,510319,CJ 이츠웰 쫄깃한 소면국수 900g*15개
249625,21-100,남양 맛있는 두유 GT 검은콩깨 190ml 24개,10900.0,14500.0,3000.0,0.0,0.0,,,,4.5,510318,남양 맛있는 두유 GT 검은콩깨 190ml 24개
249624,81-67,매일두유 오리지널 두유 190ml 24개,16000.0,22000.0,3000.0,0.0,0.0,,,,4.5,510317,매일두유 오리지널 두유 190ml 24개
249623,21-103,남양 맛있는 두유GT검은콩깨 200ml 병 (10개입) 3세트 총 30개,21000.0,27000.0,3000.0,0.0,0.0,,,,4.5,510316,남양 맛있는 두유GT검은콩깨 200ml 병 (10개입) 3세트 총 30개
249622,81-69,매일두유 검은콩 두유 190ml 24개,14200.0,20200.0,3000.0,0.0,0.0,,,,4.5,510315,매일두유 검은콩 두유 190ml 24개
249621,61-58,CJ 비비고 사골곰탕 500g 18개,20300.0,26300.0,3000.0,0.0,0.0,,,,8,510314,CJ 비비고 사골곰탕 500g 18개
249620,11-26,양반참치죽 285g  24개,33300.0,39300.0,3000.0,0.0,0.0,,,,8,510313,양반참치죽 285g  24개
249619,11-28-02,양반밤닽팥죽 285g  24개,40500.0,46500.0,3000.0,0.0,0.0,,,,8,510312,양반밤닽팥죽 285g  24개
249618,11-24,양반 단호박죽 285g 24개,40600.0,46600.0,3000.0,0.0,0.0,,,,8,510311,양반 단호박죽 285g 24개
249617,11-27,양반야채죽 285g  24개,39200.0,45200.0,3000.0,0.0,0.0,,,,8,510310,양반야채죽 285g  24개
249616,11-28,양반쇠고기죽 285g  24개,39200.0,45200.0,3000.0,0.0,0.0,,,,8,510309,양반쇠고기죽 285g  24개
249615,11-22,양반전복죽 285g  24개,53100.0,59100.0,3000.0,0.0,0.0,,,,8,510308,양반전복죽 285g  24개
249614,39-22,오뚜기 3분 쇠고기 카레 200g 24,26800.0,32800.0,3000.0,0.0,0.0,,,,8,510307,오뚜기 3분 쇠고기 카레 200g 24
249613,11-23,양반전통잣죽 286g  24개,52200.0,58200.0,3000.0,0.0,0.0,,,,8,510306,양반전통잣죽 286g  24개
249612,30-13,DEEPS프리미엄 청정 해양심층수 딥스그린 500ml 20개,7800.0,13100.0,3000.0,0.0,0.0,,,,4.5,510305,DEEPS프리미엄 청정 해양심층수 딥스그린 500ml 20개
249611,12-04-01,동원 샘물 500ml 20개,3100.0,9100.0,3000.0,0.0,0.0,,,,5,510304,동원 샘물 500ml 20개
249610,12-04,동원 샘물2L 6개,2400.0,8400.0,3000.0,0.0,0.0,,,,5,510303,동원 샘물2L 6개
249609,14-52-01,몽베스트 500ml 20개,5100.0,11100.0,3000.0,0.0,0.0,,,,5,510302,몽베스트 500ml 20개
249608,14-52-02,몽베스트 330ml 20개,4100.0,10100.0,3000.0,0.0,0.0,,,,5,510301,몽베스트 330ml 20개
249607,14-53-01,몽베스트 1L 12개,4700.0,10700.0,3000.0,0.0,0.0,,,,5,510300,몽베스트 1L 12개
249606,14-51,이동 크리스탈 500ml 20개,2900.0,8900.0,3000.0,0.0,0.0,,,,8,510299,이동 크리스탈 500ml 20개
249605,30-05,광동 제주삼다수 500ml 20개,8600.0,14600.0,3000.0,0.0,0.0,,,,5,510298,광동 제주삼다수 500ml 20개
249604,30-04,광동 제주삼다수2L 6개,6200.0,12200.0,3000.0,0.0,0.0,,,,5,510297,광동 제주삼다수2L 6개
249603,01-50,롯데 에비앙 미네랄워터 500ml 24개,22800.0,28800.0,3000.0,0.0,0.0,,,,8,510296,롯데 에비앙 미네랄워터 500ml 24개
