상품번호,코드,상품명,판매가,정가,배송비,즉시할인,포인트,바코드,오퍼코드,옵션코드
95779926206,01-09-08,"피뉴트 청양마요맛 새우칩, 90g, 14개",18300.0,18300.0,0.0,0.0,0.0,,,
95779926295,01-09-06,"게맛살 새우칩, 6개, 240g",21200.0,21200.0,0.0,0.0,0.0,,,
95779926364,15-245-150-02,"해표 고추맛 기름, 1.8L, 8개",71000.0,71000.0,0.0,0.0,0.0,,,
95779926575,01-09-11,"요구르트 스파클링, 400ml",20500.0,20500.0,0.0,0.0,0.0,,,
95779926543,01-09-04,"게맛살 새우칩, 45개",16200.0,16200.0,0.0,0.0,0.0,,,
95779926596,274-245-10-01,"다인 산농 맛기름, 10개, 1.8L",78000.0,78000.0,0.0,0.0,0.0,,,
95779926604,01-09-01,"갈릭 새우칩, 20g, 45개",16200.0,16200.0,0.0,0.0,0.0,,,
95779926655,213-161-05-01,"상기 쌍노두 소스, 12개, 500ml",63100.0,63100.0,0.0,0.0,0.0,,,
95779926704,01-09-02,"갈릭 새우칩, 14개",18300.0,18300.0,0.0,0.0,0.0,,,
95779926731,01-09-03,"피뉴트 갈릭새우칩, 240g, 6개",21200.0,21200.0,0.0,0.0,0.0,,,
95779926786,123-25-55-1,"명가 메밀칩 카레맛, 160g, 10개",22000.0,22000.0,0.0,0.0,0.0,,,
95779927013,11-05-00,"동원 참치 기획 살코기+고추, 90g, 60개",89200.0,89200.0,0.0,0.0,0.0,,,
95779927111,161-308-02-02,"이금기 프리미엄 굴소스 캔, 6개, 2.268kg",160100.0,160100.0,0.0,0.0,0.0,,,
95779927271,18-311-08-01,삼아 파인애플 원액,35600.0,35600.0,0.0,0.0,0.0,,,
95779927341,26-08-02,눈꽃내리는 자스민티,28400.0,28400.0,0.0,0.0,0.0,,,
95779927347,246-219-30-03,"명진 표고버섯 홀, 6개, 3kg",37200.0,37200.0,0.0,0.0,0.0,,,
95779927366,65-53-01,"푸드킹 메밀칩(버큇칩) 대파맛, 10개, 160g",22000.0,22000.0,0.0,0.0,0.0,,,
95779927616,18-131-30-01,"삼아 완두콩, 6개",35400.0,35400.0,0.0,0.0,0.0,,,
95779927641,246-100-30-02,"명진 죽순 편, 6개, 3kg",30900.0,30900.0,0.0,0.0,0.0,,,
95779927897,18-311-08-02,"키위 원액 삼아 835ml 과일 음료 주스 농축액 엑기스 kka*5120vH, 1개",35600.0,35600.0,0.0,0.0,0.0,,,
95779927892,92-288-86-02,"화남 스위트 잡화꿀청, 8개, 2.4kg",45200.0,45200.0,0.0,0.0,0.0,,,
95779927909,17-33-30-01,"DOLE 파인애플 청크, 3kg, 6개",76500.0,76500.0,0.0,0.0,0.0,,,
95779927931,18-48-04-01,"삼아 키드니빈스 400g 강낭콩 통조림, 24개",33900.0,33900.0,0.0,0.0,0.0,,,
95779927999,26-28,"붉은빛의 우롱티 500ml 24개, 1개",28400.0,28400.0,0.0,0.0,0.0,,,
95779928043,242-327-130-01,부천 몽고 진간장 13L,28600.0,28600.0,0.0,0.0,0.0,,,
95779928289,26-28-01,"봄날의 그린티, 500ml",28400.0,28400.0,0.0,0.0,0.0,,,
95779928285,246-100-30-01,"명진 죽순 홀, 3kg, 6개",30900.0,30900.0,0.0,0.0,0.0,,,
95779928462,18-216-20-01,"삼아 베이크드빈스, 6개, 2.6kg",39900.0,39900.0,0.0,0.0,0.0,,,
95779928555,266-42-20-01,"프라텔리롱고바디 포모도리 필라티 토마토 홀, 2.55kg, 6개",47400.0,47400.0,0.0,0.0,0.0,,,
95779928559,149-100-30-01,"진양 죽순 1호, 3kg, 6개",86900.0,86900.0,0.0,0.0,0.0,,,
95779928574,16-230-10-01,"롯데 미림, 1.8L, 6개",44400.0,44400.0,0.0,0.0,0.0,,,
95779928614,306-69-08-01,"SW 후르츠칵테일, 850g, 12개",39200.0,39200.0,0.0,0.0,0.0,,,
95779928625,92-288-86-01,"화남 스위트 아카시아꿀청, 8개, 2.4kg",45200.0,45200.0,0.0,0.0,0.0,,,
95779928644,246-219-30-01,"명진 초고버섯(대), 6개, 3kg",68000.0,68000.0,0.0,0.0,0.0,,,
95779928735,94-01-04-10,"미드봉 흑후추 원두, 400g",165000.0,165000.0,0.0,0.0,0.0,,,
95779928744,149-100-04-01,"진양 죽순 4호, 400g, 24개",67500.0,67500.0,0.0,0.0,0.0,,,
95779928890,18-48-20-01,"삼아 키드니빈스, 2.5kg",44400.0,44400.0,0.0,0.0,0.0,,,
95779928896,18-03-20-01,"삼아 황도 슬라이스 2.9kg 1BOX (6입), 6개",59200.0,59200.0,0.0,0.0,0.0,,,
95779928924,39-88-10-02,"오뚜기옛날 오쉐프 참기름, 1.8L, 6개",160000.0,160000.0,0.0,0.0,0.0,,,
95779928939,274-245-10-03,"다인푸드 깨분 100% 참기름, 10개, 1.8L",177400.0,177400.0,0.0,0.0,0.0,,,
95779929065,11-89-20-01,"화남 고흥 꿀유자차, 6개",61200.0,61200.0,0.0,0.0,0.0,,,
95779929079,11-222-30-01,화남산업 밀감캔 3kg 6개 간식,65300.0,65300.0,0.0,0.0,0.0,,,
95769096532,13-02.,화남 황도 슬라이스,57100.0,57100.0,0.0,0.0,0.0,,,
95779929312,246-151-30-02,"명진 양송이 특편, 3kg, 6개",56500.0,56500.0,0.0,0.0,0.0,,,
95779929371,174-314-150-02,"영미 고추맛기름, 1개, 15L",87400.0,87400.0,0.0,0.0,0.0,,,
95779929379,103-15-30-01,"해마루피클 (늘푸른푸드 슬라이스 3K) X6, 6개, 3kg",44400.0,44400.0,0.0,0.0,0.0,,,
95779929442,52-272-30-01,"박스하인즈 데미그라스소스 데미글라스, 3kg, 6개",143600.0,143600.0,0.0,0.0,0.0,,,
95779929481,254-110-10-01,"리고 땅콩 버터 1kg 6개 스프레드 샌드위치 토핑 제과 재료, 1000g",57100.0,57100.0,0.0,0.0,0.0,,,
95779929548,246-151-20-01,"명진 양송이 슬라이스, 2.84kg, 6개",59000.0,59000.0,0.0,0.0,0.0,,,
95779929799,200-300-25-55,"펭귄 번데기탕 270g x 24개(1박스) / 통조림캔, 24개",30300.0,30300.0,0.0,0.0,0.0,,,
95779929827,274-245-10-02,"다인푸드 통깨 100% 참기름, 10개, 1.8L",289300.0,289300.0,0.0,0.0,0.0,,,
95779929877,52-176-30-01,"스파게티토마토비프소스 (하인즈 3k) X 6, 3kg, 6개",131700.0,131700.0,0.0,0.0,0.0,,,
95779929948,32-43-30-01,"헌트 토마토페이스트 3.15kg 한박스 (3.15kg x 6ea), 6개",127200.0,127200.0,0.0,0.0,0.0,,,
95779929954,94-01-04-09,"미드봉 굵은후추, 400g, 20개",202300.0,202300.0,0.0,0.0,0.0,,,
95779930001,161-98-20-02,"오뚜기 이금기 중화두반장소스 2040gx6개, 2.04kg, 6개",160100.0,160100.0,0.0,0.0,0.0,,,
95779930108,246-06-10-01,"명진 혼다시 다시노모도, 1kg, 10개",99100.0,99100.0,0.0,0.0,0.0,,,
95779930239,15-245-160-01,"새댁표 고추맛기름, 1개, 15L",94800.0,94800.0,0.0,0.0,0.0,,,
95779930253,14-25,"펭귄 꽁치 통조림 덕용, 6개, 1.88kg",111500.0,111500.0,0.0,0.0,0.0,,,
95779930309,154-4585-85-20,"펭귄 양념꽁치 통조림, 48개, 140g",63100.0,63100.0,0.0,0.0,0.0,,,
95779930347,11-222-08-01,"밀감캔 화남 850g X12개 밀감 업소용 통조림 식자재, 12개",45900.0,45900.0,0.0,0.0,0.0,,,
95779930377,86-66-05-02,"캡사이신소스 청우 550gX12 업소용 식당용, 12개, 550g",79400.0,79400.0,0.0,0.0,0.0,,,
95779930384,16-167-150-01,"롯데 환만식초 말통, 15L, 1개",21400.0,21400.0,0.0,0.0,0.0,,,
95779930403,15-88-10-01,"해표 재래 압착식 참기름, 1.8L, 8개",159500.0,159500.0,0.0,0.0,0.0,,,
95779930460,17-04,"델몬트 파인애플 3050g, 3.05kg, 6개",81700.0,81700.0,0.0,0.0,0.0,,,
95779930505,23-85,"목우촌 뚝심, 300g, 24개",75000.0,75000.0,0.0,0.0,0.0,,,
95779930564,15-03-10,"스팸 클래식, 300g, 20개",78000.0,78000.0,0.0,0.0,0.0,,,
95779930575,17-69-30-01,"돌 후르츠칵테일 3kg 6개입/box, 6개",61600.0,61600.0,0.0,0.0,0.0,,,
95779930582,638-134-50-01,"보베다 블렌드 포마스 올리브오일, 3개, 5L",73100.0,73100.0,0.0,0.0,0.0,,,
94696958268,12-11-01,"동원 쿨피스 제로 복숭아, 230ml, 30개",16300.0,21200.0,0.0,0.0,0.0,,,
94696958267,12-11-01,"동원 쿨피스 제로 복숭아, 230ml, 60개",29900.0,38900.0,0.0,0.0,0.0,,,
94598152325,83-62-01,"해표 안심특선 79호 선물세트, 1개",24500.0,24500.0,0.0,0.0,0.0,,,
94598152326,83-62-01,"해표 안심특선 79호 선물세트, 4개",87300.0,87300.0,0.0,0.0,0.0,,,
94597949385,83-62,"사조안심특선 88호+전용쇼핑백 명절 선물세트 베스트, 1세트",22000.0,22000.0,0.0,0.0,0.0,,,
94597949384,83-62,"사조해표 안심특선 88호 3+1 총4세트, 4개",77300.0,77300.0,0.0,0.0,0.0,,,
94150177429,,"맛있는 김이 살포시 뿌려진 김에 빠진 메밀칩, 1개, 160g",4900.0,5000.0,0.0,0.0,0.0,,,
94150177433,,"김에 빠진 메밀칩 160g, 2개",6810.0,7000.0,0.0,0.0,0.0,,,
94150177428,,"맛있는 김이 살포시 뿌려진 김에 빠진 메밀칩, 3개, 160g",8750.0,9000.0,0.0,0.0,0.0,,,
94150177430,,"맛있는 김이 살포시 뿌려진 김에 빠진 메밀칩, 4개, 160g",10940.0,11000.0,0.0,0.0,0.0,,,
94150177434,,"맛있는 김이 살포시 뿌려진 김에 빠진 메밀칩, 5개, 160g",12690.0,13000.0,0.0,0.0,0.0,,,
94150177432,,"김에 빠진 메밀칩 160g, 6개",15000.0,15000.0,0.0,0.0,0.0,,,
94150177431,,"김에 빠진 메밀칩, 7개, 160g",17000.0,17000.0,0.0,0.0,0.0,,,
94150177435,,"맛있는 김이 살포시 뿌려진 김에 빠진 메밀칩, 8개, 160g",18900.0,19000.0,0.0,0.0,0.0,,,
93485350578,01-17,"추석 선물세트 청정원 스페셜 NH2호 1set 명절 설날 선물셋트 카놀라유 올리고당 기름세트, 1개",28500.0,33000.0,0.0,0.0,0.0,,,
93485350586,01-17,"청정원 스페셜 NH2호 1set 명절 추석 선물세트, 2세트",53300.0,55500.0,0.0,0.0,0.0,,,
93485350582,01-17,"설날 선물세트 청정원 스페셜 NH2호 총3세트 명절 선물셋트 카놀라유 올리고당 햄세트, 3세트",78300.0,81100.0,0.0,0.0,0.0,,,
93485251376,01-19-10,"청정원 스페셜 s호 명절 선물세트 4세트, 1세트",16900.0,22000.0,0.0,0.0,0.0,,,
93485251377,01-19-10,"청정원선물세트 스페셜 S호x4세트(1BOX) +선물용 가방 / 명절선물, 2세트",30300.0,39400.0,0.0,0.0,0.0,,,
93485251379,01-19-10,"청정원선물세트 스페셜 S호x4세트(1BOX) +선물용 가방 / 명절선물, 3세트",43200.0,56200.0,0.0,0.0,0.0,,,
93485251378,01-19-10,"청정원 스페셜S호 선물세트(쇼핑백포함), 4세트",56500.0,73500.0,0.0,0.0,0.0,,,
93485226527,45-10-09,"스팸 12k호 선물세트+쇼핑백포함, 1세트",27100.0,35200.0,0.0,0.0,0.0,,,
93485226528,45-10-09,"스팸 12k호 선물세트+쇼핑백포함, 2세트",50600.0,65800.0,0.0,0.0,0.0,,,
93485226529,45-10-09,"스팸 선물세트 12호 + 쇼핑백, 3세트",74200.0,96500.0,0.0,0.0,0.0,,,
93485226526,45-10-09,"스팸 12k호 선물세트+쇼핑백포함, 4세트",97700.0,127000.0,0.0,0.0,0.0,,,
93485198196,45-12-06,"CJ 제일제당 스팸 H2호 명절 스팸선물세트, 1세트",19300.0,25100.0,0.0,0.0,0.0,,,
93485198194,45-12-06,"CJ제일제당 스팸 특별한선택 H-2호 H2호 선물세트 햄세트 + 쇼핑백포함, 2세트",35500.0,46200.0,0.0,0.0,0.0,,,
93485198197,45-12-06,"CJ제일제당 스팸 특별한선택 H-2호 H2호 선물세트 햄세트 + 쇼핑백포함, 3세트",51000.0,66300.0,0.0,0.0,0.0,,,
93485198193,45-12-06,"CJ제일제당 스팸 특별한선택 H-2호 H2호 선물세트 햄세트 + 쇼핑백포함, 4세트",66800.0,86800.0,0.0,0.0,0.0,,,
93485198195,45-12-06,"CJ제일제당 스팸 특별한선택 H-2호 H2호 선물세트 햄세트 + 쇼핑백포함, 5세트",82600.0,107400.0,0.0,0.0,0.0,,,
93385315230,PC003582,"프렌치카페 카페 믹스, 11.1g, 160개입, 1개",27100.0,33500.0,0.0,0.0,0.0,,,
93385315229,PC003582,"프렌치카페 카페 믹스, 11.1g, 160개입, 2개",50800.0,62400.0,0.0,0.0,0.0,,,
93385315232,PC003582,"프렌치카페 카페믹스 마일드, 11.1g, 160개입, 3개",74500.0,96700.0,0.0,0.0,0.0,,,
93385315231,PC003582,"프렌치카페 카페 믹스, 4개, 160개입",98200.0,119600.0,0.0,0.0,0.0,,,
93385266239,PC003422,"스팸 클래식, 1.81kg, 1개",29000.0,37700.0,0.0,0.0,0.0,,,
93385266236,PC003422,"스팸 클래식, 1.81kg, 2개",55200.0,71800.0,0.0,0.0,0.0,,,
93385266237,PC003422,"스팸 클래식, 1.81kg, 3개",80500.0,104700.0,0.0,0.0,0.0,,,
93385266245,PC003422,"스팸 클래식, 1.81kg, 4개",105900.0,137700.0,0.0,0.0,0.0,,,
93385266238,PC003422,"스팸 클래식, 1.81kg, 5개",131200.0,170600.0,0.0,0.0,0.0,,,
93385266242,PC003422,"스팸 클래식, 1.81kg, 6개",200150.0,260100.0,0.0,0.0,0.0,,,
93385231564,PC001958,"백설 콩기름, 1.8L, 1개",8900.0,11600.0,0.0,0.0,0.0,,,
93385231561,PC001958,"백설 콩기름, 1.8L, 2개",14900.0,19400.0,0.0,0.0,0.0,,,
93385231563,PC001958,"백설 콩기름, 1.8L, 3개",20100.0,26100.0,0.0,0.0,0.0,,,
93385231568,PC001958,"백설 콩기름, 1.8L, 4개",25300.0,32900.0,0.0,0.0,0.0,,,
93385231570,PC001958,"백설 콩기름, 1.8L, 5개",30500.0,39700.0,0.0,0.0,0.0,,,
93385231567,PC001958,"백설 콩기름, 1.8L, 6개",35700.0,46400.0,0.0,0.0,0.0,,,
93385231573,PC001958,"백설 콩기름, 1.8L, 7개",41400.0,52700.0,0.0,0.0,0.0,,,
93385231566,PC001958,"백설 콩기름, 1.8L, 8개",46900.0,59100.0,0.0,0.0,0.0,,,
93385231562,PC001958,"백설 콩기름, 1.8L, 9개",52300.0,67100.0,0.0,0.0,0.0,,,
93385231565,PC001958,"백설 콩기름, 1.8L, 10개",57700.0,72000.0,0.0,0.0,0.0,,,
93385012268,PC001081,"유동 자연산골뱅이 140g 골뱅이 통조림 안주, 1개",8190.0,10100.0,0.0,0.0,0.0,,,
93385012273,PC001081,"유동 자연산 골뱅이, 140g, 2개",13340.0,16500.0,0.0,0.0,0.0,,,
93385012298,PC001081,"유동 자연산 골뱅이, 140g, 3개",17640.0,21800.0,0.0,0.0,0.0,,,
93385012318,PC001081,"유동 자연산 골뱅이 통조림, 140g, 4개",21950.0,27200.0,0.0,0.0,0.0,,,
93385012276,PC001081,"유동 자연산 골뱅이140g 5개, 140g",26250.0,32500.0,0.0,0.0,0.0,,,
93385012279,PC001081,"유동 골뱅이(소) 140g(자연산), 140g, 6개",30560.0,37800.0,0.0,0.0,0.0,,,
93385012265,PC001081,"유동 자연산 골뱅이, 140g, 7개",34860.0,43200.0,0.0,0.0,0.0,,,
93385012288,PC001081,"유동 자연산 골뱅이, 140g, 8개",39170.0,48500.0,0.0,0.0,0.0,,,
93385012281,PC001081,"유동 자연산 골뱅이, 140g, 9개",43470.0,53800.0,0.0,0.0,0.0,,,
93385012263,PC001081,"유동 자연산 골뱅이 140g, 10개",47670.0,59000.0,0.0,0.0,0.0,,,
93385012262,PC001081,"유동 자연산 골뱅이, 140g, 11개",51980.0,64400.0,0.0,0.0,0.0,,,
93385012293,PC001081,"유동 자연산골뱅이 140g (12캔), 12개",56280.0,69700.0,0.0,0.0,0.0,,,
93385012303,PC001081,"유동 자연산 골뱅이, 140g, 13개",60590.0,75000.0,0.0,0.0,0.0,,,
93385012284,PC001081,"유동 자연산 골뱅이, 140g, 14개",64890.0,80300.0,0.0,0.0,0.0,,,
93385012267,PC001081,"유동 자연산 골뱅이, 140g, 15개",69200.0,85700.0,0.0,0.0,0.0,,,
93385012294,PC001081,"유동 자연산 골뱅이, 140g, 16개",73500.0,91000.0,0.0,0.0,0.0,,,
93385012260,PC001081,"유동 자연산 골뱅이, 140g, 17개",77810.0,96300.0,0.0,0.0,0.0,,,
93385012277,PC001081,"유동 자연산 골뱅이, 140g, 18개",82010.0,101500.0,0.0,0.0,0.0,,,
93385012313,PC001081,"유동 자연산 골뱅이, 140g, 19개",86310.0,106900.0,0.0,0.0,0.0,,,
93385012283,PC001081,"유동 자연산 골뱅이, 140g, 20개",90620.0,112200.0,0.0,0.0,0.0,,,
93385012271,PC001081,"유동 자연산 골뱅이, 140g, 21개",94920.0,117500.0,0.0,0.0,0.0,,,
93385012272,PC001081,"유동 자연산 골뱅이, 140g, 22개",99230.0,122900.0,0.0,0.0,0.0,,,
93385012290,PC001081,"유동 자연산 골뱅이, 140g, 23개",103530.0,128200.0,0.0,0.0,0.0,,,
93385012280,PC001081,"유동 자연산골뱅이 140g (24캔), 24개",107840.0,133500.0,0.0,0.0,0.0,,,
93385012274,PC001081,"유동 자연산 골뱅이, 140g, 25개",112140.0,138800.0,0.0,0.0,0.0,,,
93385012261,PC001081,"유동 자연산 골뱅이, 140g, 26개",116340.0,144000.0,0.0,0.0,0.0,,,
93385012266,PC001081,"유동 자연산 골뱅이, 140g, 27개",120650.0,149400.0,0.0,0.0,0.0,,,
93385012295,PC001081,"유동 자연산 골뱅이, 140g, 28개",124950.0,154700.0,0.0,0.0,0.0,,,
93385012259,PC001081,"유동 자연산 골뱅이, 140g, 29개",129260.0,160000.0,0.0,0.0,0.0,,,
93385012275,PC001081,"유동 자연산 골뱅이, 140g, 30개",133560.0,165400.0,0.0,0.0,0.0,,,
93385012324,PC001081,"유동 자연산 골뱅이, 140g, 31개",137870.0,170700.0,0.0,0.0,0.0,,,
93385012278,PC001081,"유동 자연산 골뱅이, 140g, 32개",142170.0,176000.0,0.0,0.0,0.0,,,
93385012296,PC001081,"유동 자연산 골뱅이, 140g, 33개",146370.0,181200.0,0.0,0.0,0.0,,,
93385012286,PC001081,"유동 자연산 골뱅이, 140g, 34개",150680.0,186600.0,0.0,0.0,0.0,,,
93385012269,PC001081,"유동 자연산 골뱅이, 140g, 35개",154980.0,191900.0,0.0,0.0,0.0,,,
93385012302,PC001081,"유동 자연산 골뱅이, 140g, 36개",159290.0,197200.0,0.0,0.0,0.0,,,
93385012282,PC001081,"유동 자연산 골뱅이, 140g, 37개",163590.0,202500.0,0.0,0.0,0.0,,,
93385012291,PC001081,"유동 자연산 골뱅이, 140g, 38개",167900.0,207900.0,0.0,0.0,0.0,,,
93385012297,PC001081,"유동 자연산 골뱅이, 140g, 39개",172200.0,213200.0,0.0,0.0,0.0,,,
93385012287,PC001081,"유동 자연산 골뱅이, 140g, 40개",176510.0,218500.0,0.0,0.0,0.0,,,
93385012329,PC001081,"유동 자연산 골뱅이, 140g, 41개",180710.0,223700.0,0.0,0.0,0.0,,,
93385012292,PC001081,"유동 자연산 골뱅이, 140g, 42개",185010.0,229100.0,0.0,0.0,0.0,,,
93385012270,PC001081,"유동 자연산 골뱅이, 140g, 43개",189320.0,234400.0,0.0,0.0,0.0,,,
93385012299,PC001081,"유동 자연산 골뱅이, 140g, 44개",193620.0,239700.0,0.0,0.0,0.0,,,
93385012264,PC001081,"유동 자연산 골뱅이, 140g, 45개",197930.0,245100.0,0.0,0.0,0.0,,,
93385012289,PC001081,"유동 자연산 골뱅이, 140g, 46개",202230.0,250400.0,0.0,0.0,0.0,,,
93385012330,PC001081,"유동 자연산 골뱅이, 140g, 47개",206540.0,255700.0,0.0,0.0,0.0,,,
93385012285,PC001081,"유동 골뱅이, 140g, 48개",210840.0,261000.0,0.0,0.0,0.0,,,
93384929675,PC002457,"동표 골뱅이 140g 번데기 안주, 1개",7980.0,9900.0,0.0,0.0,0.0,,,
93384929640,PC002457,"동표을지로 골뱅이 통조림, 140g, 2개",13130.0,16300.0,0.0,0.0,0.0,,,
93384929674,PC002457,"동표 을지로 골뱅이 통조림, 140g, 3개",17220.0,21300.0,0.0,0.0,0.0,,,
93384929635,PC002457,"동표을지로 골뱅이 통조림, 140g, 4개",21320.0,26400.0,0.0,0.0,0.0,,,
93384929632,PC002457,"동표을지로 골뱅이 통조림, 140g, 5개",25520.0,31600.0,0.0,0.0,0.0,,,
93384929657,PC002457,"동표을지로 골뱅이 통조림, 140g, 6개",29610.0,36700.0,0.0,0.0,0.0,,,
93384929634,PC002457,"동표을지로 골뱅이 통조림, 140g, 7개",33810.0,41900.0,0.0,0.0,0.0,,,
93384929653,PC002457,"동표을지로 골뱅이 통조림, 140g, 8개",37910.0,46900.0,0.0,0.0,0.0,,,
93384929681,PC002457,"동표을지로 골뱅이 통조림, 140g, 9개",42000.0,52000.0,0.0,0.0,0.0,,,
93384929683,PC002457,"동표을지로 골뱅이 통조림, 140g, 10개",46200.0,57200.0,0.0,0.0,0.0,,,
93384929671,PC002457,"동표을지로 골뱅이 통조림, 140g, 11개",50300.0,62300.0,0.0,0.0,0.0,,,
93384929642,PC002457,"동표을지로 골뱅이 통조림, 140g, 12개",54500.0,67500.0,0.0,0.0,0.0,,,
93384929678,PC002457,"동표을지로 골뱅이 통조림, 140g, 13개",58590.0,72500.0,0.0,0.0,0.0,,,
93384929649,PC002457,"동표을지로 골뱅이 통조림, 140g, 14개",62690.0,77600.0,0.0,0.0,0.0,,,
93384929673,PC002457,"동표을지로 골뱅이 통조림, 140g, 15개",66890.0,82800.0,0.0,0.0,0.0,,,
93384929628,PC002457,"동표을지로 골뱅이 통조림, 140g, 16개",70980.0,87900.0,0.0,0.0,0.0,,,
93384929664,PC002457,"동표을지로 골뱅이 통조림, 140g, 17개",75180.0,93100.0,0.0,0.0,0.0,,,
93384929652,PC002457,"동표을지로 골뱅이 통조림, 140g, 18개",79280.0,98200.0,0.0,0.0,0.0,,,
93384929658,PC002457,"동표을지로 골뱅이 통조림, 140g, 19개",83370.0,103200.0,0.0,0.0,0.0,,,
93384929670,PC002457,"동표을지로 골뱅이 통조림, 140g, 20개",87570.0,108400.0,0.0,0.0,0.0,,,
93384929661,PC002457,"동표을지로 골뱅이 통조림, 140g, 21개",91670.0,113500.0,0.0,0.0,0.0,,,
93384929677,PC002457,"동표을지로 골뱅이 통조림, 140g, 22개",95870.0,118700.0,0.0,0.0,0.0,,,
93384929648,PC002457,"동표을지로 골뱅이 통조림, 140g, 23개",99960.0,123800.0,0.0,0.0,0.0,,,
93384929641,PC002457,"동표을지로 골뱅이 통조림, 140g, 24개",104060.0,128800.0,0.0,0.0,0.0,,,
93384929651,PC002457,"동표을지로 골뱅이 통조림, 140g, 25개",108260.0,134000.0,0.0,0.0,0.0,,,
93384929665,PC002457,"동표을지로 골뱅이 통조림, 140g, 26개",112350.0,139100.0,0.0,0.0,0.0,,,
93384929644,PC002457,"동표을지로 골뱅이 통조림, 140g, 27개",116550.0,144300.0,0.0,0.0,0.0,,,
93384929676,PC002457,"동표을지로 골뱅이 통조림, 140g, 28개",120650.0,149400.0,0.0,0.0,0.0,,,
93384929629,PC002457,"동표을지로 골뱅이 통조림, 140g, 29개",124740.0,154400.0,0.0,0.0,0.0,,,
93384929662,PC002457,"동표을지로 골뱅이 통조림, 140g, 30개",128940.0,159600.0,0.0,0.0,0.0,,,
93384929672,PC002457,"동표을지로 골뱅이 통조림, 140g, 31개",133040.0,164700.0,0.0,0.0,0.0,,,
93384929660,PC002457,"동표을지로 골뱅이 통조림, 140g, 32개",137240.0,169900.0,0.0,0.0,0.0,,,
93384929679,PC002457,"동표을지로 골뱅이 통조림, 140g, 33개",141330.0,175000.0,0.0,0.0,0.0,,,
93384929666,PC002457,"동표을지로 골뱅이 통조림, 140g, 34개",145430.0,180100.0,0.0,0.0,0.0,,,
93384929645,PC002457,"동표을지로 골뱅이 통조림, 140g, 35개",149630.0,185300.0,0.0,0.0,0.0,,,
93384929633,PC002457,"동표을지로 골뱅이 통조림, 140g, 36개",153720.0,190300.0,0.0,0.0,0.0,,,
93384929667,PC002457,"동표을지로 골뱅이 통조림, 140g, 37개",157920.0,195500.0,0.0,0.0,0.0,,,
93384929637,PC002457,"동표을지로 골뱅이 통조림, 140g, 38개",162020.0,200600.0,0.0,0.0,0.0,,,
93384929659,PC002457,"동표을지로 골뱅이 통조림, 140g, 39개",166110.0,205700.0,0.0,0.0,0.0,,,
93384929656,PC002457,"동표을지로 골뱅이 통조림, 140g, 40개",170310.0,210900.0,0.0,0.0,0.0,,,
93384929650,PC002457,"동표을지로 골뱅이 통조림, 140g, 41개",174410.0,215900.0,0.0,0.0,0.0,,,
93384929655,PC002457,"동표을지로 골뱅이 통조림, 140g, 42개",178610.0,221100.0,0.0,0.0,0.0,,,
93384929682,PC002457,"동표을지로 골뱅이 통조림, 140g, 43개",182700.0,226200.0,0.0,0.0,0.0,,,
93384929646,PC002457,"동표을지로 골뱅이 통조림, 140g, 44개",186800.0,231300.0,0.0,0.0,0.0,,,
93384929669,PC002457,"동표을지로 골뱅이 통조림, 140g, 45개",191000.0,236500.0,0.0,0.0,0.0,,,
93384929654,PC002457,"동표을지로 골뱅이 통조림, 140g, 46개",195090.0,241500.0,0.0,0.0,0.0,,,
93384929684,PC002457,"동표을지로 골뱅이 통조림, 140g, 47개",199290.0,246700.0,0.0,0.0,0.0,,,
93384929647,PC002457,"동표 을지로 골뱅이 통조림, 140g, 48개",203390.0,251800.0,0.0,0.0,0.0,,,
93384858202,PC002652,"동원 자연산 골뱅이 통조림, 1개, 1, 140g",7350.0,9100.0,0.0,0.0,0.0,,,
93384858154,PC002652,"[요기푸드] 동원 자연산 골뱅이 140g, 2개",11760.0,14600.0,0.0,0.0,0.0,,,
93384858190,PC002652,"동원 자연산 골뱅이 통조림, 3개, 140g, 140g",15330.0,19000.0,0.0,0.0,0.0,,,
93384858187,PC002652,"동원 자연산 매실청 골뱅이, 4개, 140g",18800.0,23300.0,0.0,0.0,0.0,,,
93384858193,PC002652,"동원 자연산 골뱅이 통조림, 5개, 140g, 140g",22260.0,27600.0,0.0,0.0,0.0,,,
93384858150,PC002652,"동원 자연산 골뱅이, 140g, 6개",25830.0,32000.0,0.0,0.0,0.0,,,
93384858177,PC002652,"동원 통조림 자연산 골뱅이 (140G), 7개, 140g",29300.0,36300.0,0.0,0.0,0.0,,,
93384858198,PC002652,"동원 자연산 골뱅이 140g, 8개",32870.0,40700.0,0.0,0.0,0.0,,,
93384858170,PC002652,"동원 자연산 골뱅이, 9개, 140g",36330.0,45000.0,0.0,0.0,0.0,,,
93384858191,PC002652,"동원 F&B 골뱅이캔 140g, 10개",39800.0,49300.0,0.0,0.0,0.0,,,
93384858185,PC002652,"동원 자연산 골뱅이, 140g, 11개",43370.0,53700.0,0.0,0.0,0.0,,,
93384858173,PC002652,"동원 자연산 골뱅이, 12개, 140g",46830.0,58000.0,0.0,0.0,0.0,,,
93384858183,PC002652,"동원 자연산 골뱅이, 13개, 140g",50300.0,62300.0,0.0,0.0,0.0,,,
93384858163,PC002652,"동원 자연산 골뱅이, 14개, 140g",53870.0,66700.0,0.0,0.0,0.0,,,
93384858192,PC002652,"동원 자연산 골뱅이, 15개, 140g",57330.0,71000.0,0.0,0.0,0.0,,,
93384858182,PC002652,"동원 자연산 골뱅이, 16개, 140g",60800.0,75300.0,0.0,0.0,0.0,,,
93384858186,PC002652,"동원 자연산 골뱅이, 17개, 140g",64370.0,79700.0,0.0,0.0,0.0,,,
93384858169,PC002652,"동원 자연산 골뱅이, 18개, 140g",67830.0,84000.0,0.0,0.0,0.0,,,
93384858194,PC002652,"동원 자연산 골뱅이, 140g, 19개",71300.0,88300.0,0.0,0.0,0.0,,,
93384858164,PC002652,"동원 자연산 골뱅이, 20개, 140g",74870.0,92700.0,0.0,0.0,0.0,,,
93384858181,PC002652,"동원 자연산 골뱅이, 21개, 140g",78330.0,97000.0,0.0,0.0,0.0,,,
93384858199,PC002652,"동원 자연산 골뱅이, 22개, 140g",81800.0,101300.0,0.0,0.0,0.0,,,
93384858189,PC002652,"동원 자연산 골뱅이, 140g, 23개",85370.0,105700.0,0.0,0.0,0.0,,,
93384858195,PC002652,동원 자연산골뱅이 140g 24개,88830.0,110000.0,0.0,0.0,0.0,,,
93384858176,PC002652,"동원 자연산 골뱅이, 140g, 25개",92300.0,114300.0,0.0,0.0,0.0,,,
93384858157,PC002652,"동원 자연산 골뱅이, 26개, 140g",95870.0,118700.0,0.0,0.0,0.0,,,
93384858179,PC002652,"동원 자연산 골뱅이, 140g, 27개",99330.0,123000.0,0.0,0.0,0.0,,,
93384858153,PC002652,"동원 자연산 골뱅이, 140g, 28개",102800.0,127300.0,0.0,0.0,0.0,,,
93384858152,PC002652,"동원 자연산 골뱅이, 140g, 29개",106370.0,131700.0,0.0,0.0,0.0,,,
93384858171,PC002652,"동원 자연산 골뱅이, 30개, 140g",109830.0,136000.0,0.0,0.0,0.0,,,
93384858168,PC002652,"동원 통조림 자연산 골뱅이 (140G), 140g, 31개",113400.0,140400.0,0.0,0.0,0.0,,,
93384858162,PC002652,"동원 자연산 골뱅이, 140g, 32개",116870.0,144700.0,0.0,0.0,0.0,,,
93384858167,PC002652,"동원 자연산 골뱅이, 140g, 33개",120330.0,149000.0,0.0,0.0,0.0,,,
93384858155,PC002652,"동원 자연산 골뱅이, 140g, 34개",123900.0,153400.0,0.0,0.0,0.0,,,
93384858180,PC002652,"동원 자연산 골뱅이, 140g, 35개",127370.0,157700.0,0.0,0.0,0.0,,,
93384858174,PC002652,"동원 자연산 골뱅이, 140g, 36개",130830.0,162000.0,0.0,0.0,0.0,,,
93384858188,PC002652,"동원 자연산 골뱅이, 37개, 140g",134400.0,166400.0,0.0,0.0,0.0,,,
93384858160,PC002652,"동원 자연산 골뱅이, 38개, 140g",137870.0,170700.0,0.0,0.0,0.0,,,
93384858161,PC002652,"동원 자연산 골뱅이, 39개, 140g",141330.0,175000.0,0.0,0.0,0.0,,,
93384858196,PC002652,"동원 자연산 골뱅이, 40개, 140g",144900.0,179400.0,0.0,0.0,0.0,,,
93384858172,PC002652,"동원 자연산 골뱅이, 41개, 140g",148370.0,183700.0,0.0,0.0,0.0,,,
93384858158,PC002652,"동원 자연산 골뱅이, 42개, 140g",151830.0,188000.0,0.0,0.0,0.0,,,
93384858166,PC002652,"동원 자연산 골뱅이, 43개, 140g",155400.0,192400.0,0.0,0.0,0.0,,,
93384858175,PC002652,"동원 자연산 골뱅이, 44개, 140g",158870.0,196700.0,0.0,0.0,0.0,,,
93384858151,PC002652,"동원 자연산 골뱅이, 45개, 140g",162330.0,201000.0,0.0,0.0,0.0,,,
93384858156,PC002652,"동원 자연산 골뱅이, 46개, 140g",165900.0,205400.0,0.0,0.0,0.0,,,
93384858178,PC002652,"동원 자연산 골뱅이, 47개, 140g",169370.0,209700.0,0.0,0.0,0.0,,,
93384858184,PC002652,동원 골뱅이캔 140g 48개 식자재 골뱅이 통조림,172830.0,214000.0,0.0,0.0,0.0,,,
93384552758,PC001080,"골뱅이 통조림 230G 유동, 1개",10290.0,12700.0,0.0,0.0,0.0,,,
93384552764,PC001080,"유동 자연산 골뱅이 통조림, 230g, 2개",17540.0,21700.0,0.0,0.0,0.0,,,
93384552765,PC001080,"유동 [T] 자연산골뱅이 230g x3개, 3개",23940.0,29600.0,0.0,0.0,0.0,,,
93384552759,PC001080,"유동 산 골뱅이 230g, 4개",30240.0,37400.0,0.0,0.0,0.0,,,
93384552763,PC001080,"유동 자연산 골뱅이 통조림, 230g, 5개",36650.0,45400.0,0.0,0.0,0.0,,,
93384552749,PC001080,"유동 [T] 자연산골뱅이 230g x6개, 6개",43050.0,53300.0,0.0,0.0,0.0,,,
93384552753,PC001080,"유동 자연산 골뱅이, 230g, 7개",49350.0,61100.0,0.0,0.0,0.0,,,
93384552744,PC001080,"유동 자연산 골뱅이, 230g, 8개",55760.0,69000.0,0.0,0.0,0.0,,,
93384552754,PC001080,"유동 자연산 골뱅이, 230g, 9개",62160.0,77000.0,0.0,0.0,0.0,,,
93384552743,PC001080,"유동 자연산 골뱅이, 230g, 10개",68460.0,84800.0,0.0,0.0,0.0,,,
93384552768,PC001080,"유동 자연산 골뱅이, 230g, 11개",74870.0,92700.0,0.0,0.0,0.0,,,
93384552773,PC001080,"유동 자연산 골뱅이, 230g, 12개",81270.0,100600.0,0.0,0.0,0.0,,,
93384552772,PC001080,"유동 자연산 골뱅이, 230g, 13개",87570.0,108400.0,0.0,0.0,0.0,,,
93384552762,PC001080,"유동 자연산 골뱅이, 230g, 14개",93980.0,116400.0,0.0,0.0,0.0,,,
93384552757,PC001080,"유동 산 골뱅이 230g, 15개",100380.0,124300.0,0.0,0.0,0.0,,,
93384552746,PC001080,"유동 자연산 골뱅이, 230g, 16개",106680.0,132100.0,0.0,0.0,0.0,,,
93384552770,PC001080,"유동 자연산 골뱅이, 230g, 17개",113090.0,140000.0,0.0,0.0,0.0,,,
93384552761,PC001080,"유동 자연산 골뱅이, 230g, 18개",119490.0,147900.0,0.0,0.0,0.0,,,
93384552771,PC001080,"유동 자연산 골뱅이, 230g, 19개",125790.0,155700.0,0.0,0.0,0.0,,,
93384552752,PC001080,"유동 자연산 골뱅이, 230g, 20개",132200.0,163700.0,0.0,0.0,0.0,,,
93384552767,PC001080,"유동 자연산 골뱅이, 230g, 21개",138600.0,171600.0,0.0,0.0,0.0,,,
93384552745,PC001080,"유동 자연산 골뱅이, 230g, 22개",144900.0,179400.0,0.0,0.0,0.0,,,
93384552769,PC001080,"유동 자연산 골뱅이, 230g, 23개",151310.0,187300.0,0.0,0.0,0.0,,,
93384552751,PC001080,"유동 골뱅이 통조림, 230g, 24개",157710.0,195300.0,0.0,0.0,0.0,,,
93384346045,PC001070,"유동 구수한맛 뚝배기 번데기탕, 280g, 1개",5500.0,7200.0,0.0,0.0,0.0,,,
93384346073,PC001070,"유동 구수한맛 뚝배기 번데기탕, 280g, 2개",8200.0,10700.0,0.0,0.0,0.0,,,
93384346065,PC001070,"유동 구수한맛 뚝배기 번데기탕, 280g, 3개",9900.0,12900.0,0.0,0.0,0.0,,,
93384346064,PC001070,"유동 구수한맛 뚝배기 번데기탕, 280g, 4개",11700.0,15200.0,0.0,0.0,0.0,,,
93384346061,PC001070,"유동 구수한맛 뚝배기 번데기탕, 280g, 5개",13500.0,17600.0,0.0,0.0,0.0,,,
93384346068,PC001070,"유동 구수한맛 뚝배기 번데기탕, 280g, 6개",15300.0,19900.0,0.0,0.0,0.0,,,
93384346070,PC001070,"유동 뚝배기 번데기탕 구수한맛 280g, 7개",17100.0,22200.0,0.0,0.0,0.0,,,
93384346058,PC001070,"유동 뚝배기 번데기탕 (구수한맛) 280g, 8개",18900.0,24600.0,0.0,0.0,0.0,,,
93384346050,PC001070,"유동 뚝배기 번데기탕 구수한맛, 280g, 9개",20700.0,26900.0,0.0,0.0,0.0,,,
93384346051,PC001070,"유동 구수한맛 뚝배기 번데기탕, 280g, 10개",22500.0,29300.0,0.0,0.0,0.0,,,
93384346067,PC001070,"유동 뚝배기 번데기탕 구수한맛, 280g, 11개",24300.0,31600.0,0.0,0.0,0.0,,,
93384346046,PC001070,"유동 뚝배기 번데기탕 (구수한맛) 280g, 12개",26100.0,33900.0,0.0,0.0,0.0,,,
93384346060,PC001070,"유동 뚝배기 번데기탕 구수한맛, 280g, 13개",27900.0,36300.0,0.0,0.0,0.0,,,
93384346053,PC001070,"유동 뚝배기 번데기탕 구수한맛 280g, 14개",29600.0,38500.0,0.0,0.0,0.0,,,
93384346054,PC001070,"유동 뚝배기 번데기탕 구수한맛 280g, 15개",31400.0,40800.0,0.0,0.0,0.0,,,
93384346072,PC001070,"유동 뚝배기 번데기탕 구수한맛 280g, 16개",33200.0,43200.0,0.0,0.0,0.0,,,
93384346049,PC001070,"유동 구수한맛 뚝배기 번데기탕, 280g, 17개",35000.0,45500.0,0.0,0.0,0.0,,,
93384346044,PC001070,"유동 뚝배기 번데기탕 구수한맛 280g, 18개",36800.0,47800.0,0.0,0.0,0.0,,,
93384346062,PC001070,"유동 구수한맛 뚝배기 번데기탕, 280g, 19개",38600.0,50200.0,0.0,0.0,0.0,,,
93384346063,PC001070,"유동 뚝배기 번데기탕 (구수한맛) 280g, 20개",40400.0,52500.0,0.0,0.0,0.0,,,
93384346048,PC001070,"유동 구수한맛 뚝배기 번데기탕, 280g, 21개",42200.0,54900.0,0.0,0.0,0.0,,,
93384346066,PC001070,"유동 뚝배기 번데기탕 구수한맛 280g, 22개",44000.0,57200.0,0.0,0.0,0.0,,,
93384346071,PC001070,"유동 구수한맛 뚝배기 번데기탕, 280g, 23개",45800.0,59500.0,0.0,0.0,0.0,,,
93384346069,PC001070,"유동 뚝배기 번데기탕 구수한맛, 280g, 24개",47600.0,61900.0,0.0,0.0,0.0,,,
93384186595,PC001069,"유동 뚝배기 번데기탕 얼큰한맛 통조림, 280g, 1개",5500.0,7200.0,0.0,0.0,0.0,,,
93384186581,PC001069,"유동 뚝배기 번데기탕 얼큰한맛 통조림, 280g, 2개",8200.0,10700.0,0.0,0.0,0.0,,,
93384186591,PC001069,"유동 뚝배기 번데기탕 얼큰한맛 통조림, 280g, 3개",9900.0,12900.0,0.0,0.0,0.0,,,
93384186587,PC001069,"유동 뚝배기 번데기탕 얼큰한 맛, 280g, 4개",11700.0,15200.0,0.0,0.0,0.0,,,
93384186580,PC001069,"유동 뚝배기 번데기탕 얼큰한맛 통조림, 280g, 5개",13500.0,17600.0,0.0,0.0,0.0,,,
93384186582,PC001069,"유동 뚝배기 번데기탕 얼큰한맛 통조림, 280g, 6개",15300.0,19900.0,0.0,0.0,0.0,,,
93384186578,PC001069,"유동 뚝배기 번데기탕 얼큰한맛 280g, 7개",17100.0,22200.0,0.0,0.0,0.0,,,
93384186596,PC001069,"유동 뚝배기 번데기탕 얼큰한맛 통조림, 280g, 8개",18900.0,24600.0,0.0,0.0,0.0,,,
93384186586,PC001069,"유동 뚝배기 번데기탕 얼큰한 맛, 280g, 9개",20700.0,26900.0,0.0,0.0,0.0,,,
93384186608,PC001069,"유동 뚝배기 번데기탕 얼큰한맛 통조림, 280g, 10개",22500.0,29300.0,0.0,0.0,0.0,,,
93384186589,PC001069,"유동 뚝배기 번데기탕 얼큰한 맛, 280g, 11개",24300.0,31600.0,0.0,0.0,0.0,,,
93384186606,PC001069,"유동 뚝배기 번데기탕 얼큰한맛 통조림, 280g, 12개",26100.0,33900.0,0.0,0.0,0.0,,,
93384186602,PC001069,"유동 뚝배기 번데기탕 얼큰한맛, 280g, 13개",27900.0,36300.0,0.0,0.0,0.0,,,
93384186584,PC001069,"유동 뚝배기 번데기탕 얼큰한맛 280g, 14개",29600.0,38500.0,0.0,0.0,0.0,,,
93384186594,PC001069,"유동 뚝배기 번데기탕 얼큰한맛 280g, 15개",31400.0,40800.0,0.0,0.0,0.0,,,
93384186597,PC001069,"유동 뚝배기 번데기탕 얼큰한맛, 280g, 16개",33200.0,43200.0,0.0,0.0,0.0,,,
93384186593,PC001069,"유동 뚝배기 번데기탕 얼큰한맛, 280g, 17개",35000.0,45500.0,0.0,0.0,0.0,,,
93384186585,PC001069,"유동 뚝배기 번데기탕 얼큰한맛 280g, 18개",36800.0,47800.0,0.0,0.0,0.0,,,
93384186599,PC001069,"유동 뚝배기 번데기탕 얼큰한맛, 280g, 19개",38600.0,50200.0,0.0,0.0,0.0,,,
93384186592,PC001069,"유동 뚝배기 번데기탕 얼큰한맛, 280g, 20개",40400.0,52500.0,0.0,0.0,0.0,,,
93384186588,PC001069,"유동 뚝배기 번데기탕 얼큰한맛, 280g, 21개",42200.0,54900.0,0.0,0.0,0.0,,,
93384186583,PC001069,"유동 뚝배기 번데기탕 얼큰한 맛, 280g, 22개",44000.0,57200.0,0.0,0.0,0.0,,,
93384186590,PC001069,"유동 뚝배기 번데기탕 얼큰한맛, 280g, 23개",45800.0,59500.0,0.0,0.0,0.0,,,
93384186579,PC001069,"유동 뚝배기 번데기탕 얼큰한맛, 280g, 24개",47600.0,61900.0,0.0,0.0,0.0,,,
93384096033,PC000346,"펭귄 황도(슬) 400g, 1개",5100.0,6600.0,0.0,0.0,0.0,,,
93384096050,PC000346,"펭귄 황도슬라이스 400g 복숭아 과일 통조림, 2개",7400.0,9600.0,0.0,0.0,0.0,,,
93384096032,PC000346,"펭귄 황도 슬라이스 통조림, 400g, 3개",8900.0,11600.0,0.0,0.0,0.0,,,
93384096046,PC000346,"펭귄 황도 슬라이스 통조림, 400g, 4개",10300.0,13400.0,0.0,0.0,0.0,,,
93384096041,PC000346,"펭귄 황도 슬라이스 통조림, 400g, 5개",11700.0,15200.0,0.0,0.0,0.0,,,
93384096045,PC000346,"펭귄 황도 슬라이스 통조림, 400g, 6개",13100.0,17000.0,0.0,0.0,0.0,,,
93384096031,PC000346,"펭귄황도슬라이스 펭귄 황도슬라이스, 400g, 7개",14600.0,19000.0,0.0,0.0,0.0,,,
93384096049,PC000346,"펭귄황도슬라이스 펭귄 황도슬라이스, 400g, 8개",16000.0,20800.0,0.0,0.0,0.0,,,
93384096052,PC000346,"펭귄황도슬라이스 펭귄 황도슬라이스, 400g, 9개",17400.0,22600.0,0.0,0.0,0.0,,,
93384096034,PC000346,"황도(슬)400g/펭귄X10ea, 400g, 10개",18800.0,24400.0,0.0,0.0,0.0,,,
93384096029,PC000346,"펭귄황도슬라이스 펭귄 황도슬라이스, 400g, 11개",20300.0,26400.0,0.0,0.0,0.0,,,
93384096030,PC000346,"올따옴) 펭귄 황도 슬라이스 400g 12입, 12개",21700.0,28200.0,0.0,0.0,0.0,,,
93384096051,PC000346,"펭귄황도슬라이스 펭귄 황도슬라이스, 400g, 13개",23100.0,30000.0,0.0,0.0,0.0,,,
93384096044,PC000346,"펭귄황도슬라이스 펭귄 황도슬라이스, 400g, 14개",24500.0,31900.0,0.0,0.0,0.0,,,
93384096043,PC000346,"펭귄황도슬라이스 펭귄 황도슬라이스, 400g, 15개",26000.0,33800.0,0.0,0.0,0.0,,,
93384096036,PC000346,"펭귄 황도슬라이스 400g 복숭아 과일 통조림, 16개",27400.0,35600.0,0.0,0.0,0.0,,,
93384096038,PC000346,"펭귄황도슬라이스 펭귄 황도슬라이스, 400g, 17개",28800.0,37400.0,0.0,0.0,0.0,,,
93384096035,PC000346,"펭귄황도슬라이스 펭귄 황도슬라이스, 400g, 18개",30200.0,39300.0,0.0,0.0,0.0,,,
93384096040,PC000346,"펭귄황도슬라이스 펭귄 황도슬라이스, 400g, 19개",31700.0,41200.0,0.0,0.0,0.0,,,
93384096039,PC000346,"펭귄황도슬라이스 펭귄 황도슬라이스, 400g, 20개",33100.0,43000.0,0.0,0.0,0.0,,,
93384096042,PC000346,"펭귄황도슬라이스 펭귄 황도슬라이스, 400g, 21개",34500.0,44900.0,0.0,0.0,0.0,,,
93384096047,PC000346,"펭귄황도슬라이스 펭귄 황도슬라이스, 400g, 22개",36000.0,46800.0,0.0,0.0,0.0,,,
93384096048,PC000346,"펭귄황도슬라이스 펭귄 황도슬라이스, 400g, 23개",37400.0,48600.0,0.0,0.0,0.0,,,
93384096037,PC000346,"펭귄 황도 슬라이스, 400g, 24개",38800.0,50400.0,0.0,0.0,0.0,,,
93381980773,PC000345,"펭귄 황도 400g 2절, 1개",5400.0,7000.0,0.0,0.0,0.0,,,
93381980771,PC000345,"펭귄 황도, 400g, 2개",7900.0,10300.0,0.0,0.0,0.0,,,
93381980777,PC000345,"펭귄 황도 400g 2절, 3개",9600.0,12500.0,0.0,0.0,0.0,,,
93381980782,PC000345,"펭귄 황도 신형 2절, 400g, 4개",11300.0,14700.0,0.0,0.0,0.0,,,
93381980772,PC000345,"펭귄 황도 신형 2절, 400g, 5개",12900.0,16800.0,0.0,0.0,0.0,,,
93381980786,PC000345,"펭귄 황도 신형 2절, 400g, 6개",14600.0,19000.0,0.0,0.0,0.0,,,
93381980774,PC000345,"펭귄 황도 신형 2절, 400g, 7개",16300.0,21200.0,0.0,0.0,0.0,,,
93381980770,PC000345,"펭귄 황도 신형 2절, 400g, 8개",17900.0,23300.0,0.0,0.0,0.0,,,
93381980775,PC000345,"펭귄 황도 신형 2절, 400g, 9개",19600.0,25500.0,0.0,0.0,0.0,,,
93381980787,PC000345,"펭귄 황도 신형 2절, 400g, 10개",21300.0,27700.0,0.0,0.0,0.0,,,
93381980769,PC000345,"펭귄 황도 신형 2절, 400g, 11개",23000.0,29900.0,0.0,0.0,0.0,,,
93381980785,PC000345,"펭귄 황도 신형 2절, 400g, 12개",24600.0,32000.0,0.0,0.0,0.0,,,
93381980790,PC000345,"펭귄 황도 400g 2절, 13개",26300.0,34200.0,0.0,0.0,0.0,,,
93381980784,PC000345,"펭귄 황도 400g 2절, 14개",28000.0,36400.0,0.0,0.0,0.0,,,
93381980789,PC000345,"펭귄 황도 신형 2절, 400g, 15개",29600.0,38500.0,0.0,0.0,0.0,,,
93381980781,PC000345,"펭귄 황도 신형 2절, 400g, 16개",31300.0,40700.0,0.0,0.0,0.0,,,
93381980779,PC000345,"펭귄 황도 신형 2절, 400g, 17개",33000.0,42900.0,0.0,0.0,0.0,,,
93381980780,PC000345,"펭귄 황도 신형 2절, 400g, 18개",34700.0,45100.0,0.0,0.0,0.0,,,
93381980778,PC000345,"펭귄 황도 400g 2절, 19개",36300.0,47200.0,0.0,0.0,0.0,,,
93381980776,PC000345,"펭귄 황도 400g 2절, 20개",38000.0,49400.0,0.0,0.0,0.0,,,
93381980768,PC000345,"펭귄 황도 신형 2절, 400g, 21개",39700.0,51600.0,0.0,0.0,0.0,,,
93381980767,PC000345,"펭귄 황도 신형 2절, 400g, 22개",41300.0,53700.0,0.0,0.0,0.0,,,
93381980788,PC000345,"펭귄 황도 400g 2절, 23개",43000.0,55900.0,0.0,0.0,0.0,,,
93381980783,PC000345,"펭귄 황도 신형, 400g, 24개",44700.0,58100.0,0.0,0.0,0.0,,,
93381955643,PC001767,"삼아 베이크드빈스 400g 콩 통조림, 1개",4900.0,10000.0,0.0,0.0,0.0,,,
93381955653,PC001767,"삼아 베이키드, 400g, 2개",7000.0,9100.0,0.0,0.0,0.0,,,
93381955658,PC001767,"삼아 베이키드, 400g, 3개",8200.0,10700.0,0.0,0.0,0.0,,,
93381955644,PC001767,"삼아 [삼아씨에프] 베이키드빈 (삼아 400g) X 4, 400g, 4개",9500.0,12400.0,0.0,0.0,0.0,,,
93381955657,PC001767,"삼아 베이크드빈스 400g 콩 통조림, 5개",10700.0,13900.0,0.0,0.0,0.0,,,
93381955646,PC001767,"삼아 베이크드빈스 400g 콩 통조림, 6개",11900.0,15500.0,0.0,0.0,0.0,,,
93381955642,PC001767,"바이오마켓_삼아 대두콩 베이크드빈스 400g, 7개",13100.0,17000.0,0.0,0.0,0.0,,,
93381955656,PC001767,"바이오마켓_삼아 대두콩 베이크드빈스 400g, 8개",14400.0,18700.0,0.0,0.0,0.0,,,
93381955648,PC001767,"바이오마켓_삼아 대두콩 베이크드빈스 400g, 9개",15600.0,20300.0,0.0,0.0,0.0,,,
93381955647,PC001767,"삼아 베이크드빈스 400g x10캔 / 부대 찌개 강낭콩 햄, 10개",16800.0,21800.0,0.0,0.0,0.0,,,
93381955655,PC001767,"삼아 베이크드빈스 400g 콩 통조림, 11개",18000.0,23400.0,0.0,0.0,0.0,,,
93381955660,PC001767,"바이오마켓_삼아 대두콩 베이크드빈스 400g, 12개",19200.0,25000.0,0.0,0.0,0.0,,,
93381955649,PC001767,"삼아 베이크드빈스 400g 콩 통조림, 13개",20500.0,26700.0,0.0,0.0,0.0,,,
93381955663,PC001767,"삼아 베이크드빈스 400g 콩 통조림, 14개",21700.0,28200.0,0.0,0.0,0.0,,,
93381955668,PC001767,"바이오마켓_삼아 대두콩 베이크드빈스 400g, 15개",22900.0,29800.0,0.0,0.0,0.0,,,
93381955661,PC001767,"삼아 베이크드빈스 400g 콩 통조림, 16개",24100.0,31300.0,0.0,0.0,0.0,,,
93381955662,PC001767,"삼아 베이크드빈스 400g 콩 통조림, 17개",25400.0,33000.0,0.0,0.0,0.0,,,
93381955651,PC001767,"삼아 베이크드빈스 400g 콩 통조림, 18개",26600.0,34600.0,0.0,0.0,0.0,,,
93381955659,PC001767,"삼아 베이크드빈스 400g 콩 통조림, 19개",27800.0,36100.0,0.0,0.0,0.0,,,
93381955645,PC001767,"바이오마켓_삼아 대두콩 베이크드빈스 400g, 20개",29000.0,37700.0,0.0,0.0,0.0,,,
93381955666,PC001767,"바이오마켓_삼아 대두콩 베이크드빈스 400g, 21개",30200.0,39300.0,0.0,0.0,0.0,,,
93381955650,PC001767,"바이오마켓_삼아 대두콩 베이크드빈스 400g, 22개",31500.0,41000.0,0.0,0.0,0.0,,,
93381955654,PC001767,"바이오마켓_삼아 대두콩 베이크드빈스 400g, 23개",32700.0,42500.0,0.0,0.0,0.0,,,
93381955652,PC001767,"삼아 베이크드빈스 400g x24캔 / 부대 찌개 강낭콩 햄, 24개",33900.0,44100.0,0.0,0.0,0.0,,,
93374386377,PC003695,강구나루 황도 슬라이스 400g,5100.0,6600.0,0.0,0.0,0.0,,,
93374386415,PC003695,강구나루 황도 슬라이스 400g,7300.0,9500.0,0.0,0.0,0.0,,,
93374386390,PC003695,강구나루 황도 슬라이스 400g,8600.0,11200.0,0.0,0.0,0.0,,,
93374386385,PC003695,강구나루 황도 슬라이스 400g,10000.0,13000.0,0.0,0.0,0.0,,,
93374386408,PC003695,강구나루 황도 슬라이스 400g,11400.0,14800.0,0.0,0.0,0.0,,,
93374386395,PC003695,삼아씨에프 황도 슬라이스 400g,12700.0,16500.0,0.0,0.0,0.0,,,
93374386386,PC003695,강구나루 황도 슬라이스 400g,14100.0,18300.0,0.0,0.0,0.0,,,
93374386399,PC003695,강구나루 황도 슬라이스 400g,15400.0,20000.0,0.0,0.0,0.0,,,
93374386393,PC003695,강구나루 황도 슬라이스 400g,16800.0,21800.0,0.0,0.0,0.0,,,
93374386396,PC003695,강구나루 황도 슬라이스 400g,18200.0,23700.0,0.0,0.0,0.0,,,
93374386397,PC003695,강구나루 황도 슬라이스 400g,19500.0,25400.0,0.0,0.0,0.0,,,
93374386370,PC003695,강구나루 황도 슬라이스 400g,20900.0,27200.0,0.0,0.0,0.0,,,
93374386406,PC003695,강구나루 황도 슬라이스 400g,22200.0,28900.0,0.0,0.0,0.0,,,
93374386372,PC003695,강구나루 황도 슬라이스 400g,23600.0,30700.0,0.0,0.0,0.0,,,
93374386383,PC003695,강구나루 황도 슬라이스 400g,25000.0,32500.0,0.0,0.0,0.0,,,
93374386400,PC003695,강구나루 황도 슬라이스 400g,26300.0,34200.0,0.0,0.0,0.0,,,
93374386381,PC003695,강구나루 황도 슬라이스 400g,27700.0,36000.0,0.0,0.0,0.0,,,
93374386367,PC003695,강구나루 황도 슬라이스 400g,29000.0,37700.0,0.0,0.0,0.0,,,
93374386371,PC003695,강구나루 황도 슬라이스 400g,30400.0,39500.0,0.0,0.0,0.0,,,
93374386409,PC003695,강구나루 황도 슬라이스 400g,31700.0,41200.0,0.0,0.0,0.0,,,
93374386387,PC003695,강구나루 황도 슬라이스 400g,33100.0,43000.0,0.0,0.0,0.0,,,
93374386369,PC003695,강구나루 황도 슬라이스 400g,34500.0,44900.0,0.0,0.0,0.0,,,
93374386366,PC003695,강구나루 황도 슬라이스 400g,35800.0,46500.0,0.0,0.0,0.0,,,
93374386401,PC003695,강구나루 HC 황도 슬라이스,37200.0,48400.0,0.0,0.0,0.0,,,
93374329655,PC000351,"백도 식자재 펭귄 400G 통조림 가공식품, 1개",5400.0,7000.0,0.0,0.0,0.0,,,
93374329657,PC000351,"백도 가공식품 식자재 펭귄 400G 통조림, 2개",7900.0,10300.0,0.0,0.0,0.0,,,
93374329647,PC000351,"펭귄 푸드피아 백도 과일통조림, 400g, 3개",9600.0,12500.0,0.0,0.0,0.0,,,
93374329658,PC000351,"식재료 백도복숭아캔 2절 펭귄 400g ffff, 4개",11300.0,14700.0,0.0,0.0,0.0,,,
93374329646,PC000351,"펭귄 푸드피아 백도 과일통조림, 400g, 5개",12900.0,16800.0,0.0,0.0,0.0,,,
93374329651,PC000351,"펭귄 푸드피아 백도 과일통조림, 400g, 6개",14600.0,19000.0,0.0,0.0,0.0,,,
93374329659,PC000351,"펭귄 푸드피아 백도 과일통조림, 400g, 7개",16300.0,21200.0,0.0,0.0,0.0,,,
93374329641,PC000351,"펭귄 푸드피아 백도 과일통조림, 400g, 8개",17900.0,23300.0,0.0,0.0,0.0,,,
93374329650,PC000351,"펭귄 푸드피아 백도 과일통조림, 400g, 9개",19600.0,25500.0,0.0,0.0,0.0,,,
93374329662,PC000351,"펭귄 푸드피아 백도 과일통조림, 400g, 10개",21300.0,27700.0,0.0,0.0,0.0,,,
93374329642,PC000351,"펭귄 푸드피아 백도 과일통조림, 400g, 11개",23000.0,29900.0,0.0,0.0,0.0,,,
93374329656,PC000351,"백도400g/펭귄x12개, 400g, 12개",24600.0,32000.0,0.0,0.0,0.0,,,
93374329649,PC000351,"펭귄 푸드피아 백도 과일통조림, 400g, 13개",26300.0,34200.0,0.0,0.0,0.0,,,
93374329661,PC000351,"펭귄 푸드피아 백도 과일통조림, 400g, 14개",28000.0,36400.0,0.0,0.0,0.0,,,
93374329639,PC000351,"펭귄 푸드피아 백도 과일통조림, 400g, 15개",29600.0,38500.0,0.0,0.0,0.0,,,
93374329640,PC000351,"펭귄 푸드피아 백도 과일통조림, 400g, 16개",31300.0,40700.0,0.0,0.0,0.0,,,
93374329654,PC000351,"펭귄 푸드피아 백도 과일통조림, 400g, 17개",33000.0,42900.0,0.0,0.0,0.0,,,
93374329643,PC000351,"펭귄 푸드피아 백도 과일통조림, 400g, 18개",34700.0,45100.0,0.0,0.0,0.0,,,
93374329653,PC000351,"펭귄 푸드피아 백도 과일통조림, 400g, 19개",36300.0,47200.0,0.0,0.0,0.0,,,
93374329644,PC000351,"펭귄 푸드피아 백도 과일통조림, 400g, 20개",38000.0,49400.0,0.0,0.0,0.0,,,
93374329648,PC000351,"펭귄 푸드피아 백도 과일통조림, 400g, 21개",39700.0,51600.0,0.0,0.0,0.0,,,
93374329660,PC000351,"펭귄 푸드피아 백도 과일통조림, 400g, 22개",41300.0,53700.0,0.0,0.0,0.0,,,
93374329652,PC000351,"펭귄 푸드피아 백도 과일통조림, 400g, 23개",43000.0,55900.0,0.0,0.0,0.0,,,
93374329645,PC000351,백도 식자재 펭귄 400G 1박스 24입 통조림 가공식품,44700.0,58100.0,0.0,0.0,0.0,,,
93374299123,PC002456,"동표을지로 골뱅이 통조림, 400g, 1개",12500.0,15500.0,0.0,0.0,0.0,,,
93374299116,PC002456,"동표 을지로 골뱅이 통조림, 400g, 2개",21950.0,27200.0,0.0,0.0,0.0,,,
93374299109,PC002456,"동표을지로 골뱅이 통조림, 400g, 3개",30450.0,37700.0,0.0,0.0,0.0,,,
93374299124,PC002456,"동표 을지로 골뱅이 통조림, 400g, 4개",39060.0,48400.0,0.0,0.0,0.0,,,
93374299111,PC002456,"동표을지로 골뱅이 통조림, 400g, 5개",47570.0,58900.0,0.0,0.0,0.0,,,
93374299128,PC002456,"동표 을지로 골뱅이 통조림, 400g, 6개",56180.0,69600.0,0.0,0.0,0.0,,,
93374299126,PC002456,"동표을지로 골뱅이 통조림, 400g, 7개",64680.0,80100.0,0.0,0.0,0.0,,,
93374299121,PC002456,"동표을지로 골뱅이 통조림, 400g, 8개",73290.0,90700.0,0.0,0.0,0.0,,,
93374299120,PC002456,"동표을지로 골뱅이 통조림, 400g, 9개",81800.0,101300.0,0.0,0.0,0.0,,,
93374299112,PC002456,"동표을지로 골뱅이 통조림, 400g, 10개",90410.0,111900.0,0.0,0.0,0.0,,,
93374299127,PC002456,"동표을지로 골뱅이 통조림, 400g, 11개",98910.0,122500.0,0.0,0.0,0.0,,,
93374299117,PC002456,"동표을지로 골뱅이 통조림, 400g, 12개",107520.0,133100.0,0.0,0.0,0.0,,,
93374299108,PC002456,"동표을지로 골뱅이 통조림, 400g, 13개",116030.0,143700.0,0.0,0.0,0.0,,,
93374299110,PC002456,"동표을지로 골뱅이 통조림, 400g, 14개",124640.0,154300.0,0.0,0.0,0.0,,,
93374299129,PC002456,"동표을지로 골뱅이 통조림, 400g, 15개",133250.0,165000.0,0.0,0.0,0.0,,,
93374299115,PC002456,"동표을지로 골뱅이 통조림, 400g, 16개",141750.0,175500.0,0.0,0.0,0.0,,,
93374299130,PC002456,"동표을지로 골뱅이 통조림, 400g, 17개",150360.0,186200.0,0.0,0.0,0.0,,,
93374299122,PC002456,"동표을지로 골뱅이 통조림, 400g, 18개",158870.0,196700.0,0.0,0.0,0.0,,,
93374299107,PC002456,"동표을지로 골뱅이 통조림, 400g, 19개",167480.0,207400.0,0.0,0.0,0.0,,,
93374299118,PC002456,"동표을지로 골뱅이 통조림, 400g, 20개",175980.0,217900.0,0.0,0.0,0.0,,,
93374299113,PC002456,"동표을지로 골뱅이 통조림, 400g, 21개",184590.0,228500.0,0.0,0.0,0.0,,,
93374299119,PC002456,"동표을지로 골뱅이 통조림, 400g, 22개",193100.0,239100.0,0.0,0.0,0.0,,,
93374299125,PC002456,"동표을지로 골뱅이 통조림, 400g, 23개",201710.0,249700.0,0.0,0.0,0.0,,,
93374299114,PC002456,"동표 을지로 골뱅이 통조림, 400g, 24개",210210.0,260300.0,0.0,0.0,0.0,,,
93374251970,PC000362,HC꽁치 400g (강구나루),6600.0,8600.0,0.0,0.0,0.0,,,
93374251972,PC000362,HC꽁치 400g (강구나루),10400.0,13500.0,0.0,0.0,0.0,,,
93374251969,PC000362,HC꽁치 400g (강구나루),16200.0,8600.0,0.0,0.0,0.0,,,
93374251993,PC000362,HC꽁치 400g (강구나루),16200.0,21100.0,0.0,0.0,0.0,,,
93374251983,PC000362,HC꽁치 400g (강구나루),19100.0,24800.0,0.0,0.0,0.0,,,
93374251985,PC000362,HC꽁치 400g (강구나루),22000.0,28600.0,0.0,0.0,0.0,,,
93374251971,PC000362,HC꽁치 400g (강구나루),24900.0,32400.0,0.0,0.0,0.0,,,
93374251977,PC000362,HC꽁치 400g (강구나루),27800.0,36100.0,0.0,0.0,0.0,,,
93374251976,PC000362,HC꽁치 400g (강구나루),30700.0,39900.0,0.0,0.0,0.0,,,
93374251979,PC000362,HC꽁치 400g (강구나루),33600.0,43700.0,0.0,0.0,0.0,,,
93374251980,PC000362,HC꽁치 400g (강구나루),36500.0,47500.0,0.0,0.0,0.0,,,
93374251990,PC000362,HC꽁치 400g (강구나루),39400.0,51200.0,0.0,0.0,0.0,,,
93374251978,PC000362,HC꽁치 400g (강구나루),42300.0,55000.0,0.0,0.0,0.0,,,
93374251987,PC000362,HC꽁치 400g (강구나루),45200.0,58800.0,0.0,0.0,0.0,,,
93374251981,PC000362,HC꽁치 400g (강구나루),48100.0,62500.0,0.0,0.0,0.0,,,
93374251995,PC000362,HC꽁치 400g (강구나루),51000.0,66300.0,0.0,0.0,0.0,,,
93374251986,PC000362,HC꽁치 400g (강구나루),53900.0,70100.0,0.0,0.0,0.0,,,
93374251989,PC000362,HC꽁치 400g (강구나루),56800.0,73800.0,0.0,0.0,0.0,,,
93374251974,PC000362,HC꽁치 400g (강구나루),59700.0,77600.0,0.0,0.0,0.0,,,
93374251988,PC000362,HC꽁치 400g (강구나루),62600.0,81400.0,0.0,0.0,0.0,,,
93374251973,PC000362,HC꽁치 400g (강구나루),65500.0,85200.0,0.0,0.0,0.0,,,
93374251994,PC000362,HC꽁치 400g (강구나루),68400.0,88900.0,0.0,0.0,0.0,,,
93374251982,PC000362,HC꽁치 400g (강구나루),71300.0,92700.0,0.0,0.0,0.0,,,
93374251975,PC000362,"강구나루 꽁치통조림, 400g, 24개",74200.0,96500.0,0.0,0.0,0.0,,,
93374228618,PC000356,"펭귄 꽁치보일드 통조림, 400g, 1개",7600.0,9900.0,0.0,0.0,0.0,,,
93374228609,PC000356,"펭귄 꽁치 보일드 통조림, 400g, 2개",12500.0,16300.0,0.0,0.0,0.0,,,
93374228599,PC000356,"펭귄 꽁치 보일드 통조림, 400g, 3개",16400.0,21300.0,0.0,0.0,0.0,,,
93374228603,PC000356,"펭귄 꽁치 보일드 통조림, 400g, 4개",20300.0,26400.0,0.0,0.0,0.0,,,
93374228619,PC000356,"펭귄 꽁치 보일드 통조림, 400g, 5개",24300.0,31600.0,0.0,0.0,0.0,,,
93374228614,PC000356,"펭귄 꽁치 보일드 통조림, 400g, 6개",28200.0,36700.0,0.0,0.0,0.0,,,
93374228606,PC000356,"펭귄 꽁치 통조림 400g, 7개",32200.0,41900.0,0.0,0.0,0.0,,,
93374228608,PC000356,"펭귄 꽁치 통조림 400g, 8개",36100.0,46900.0,0.0,0.0,0.0,,,
93374228604,PC000356,"(올따옴) 펭귄 꽁치통조림 400g 9입, 9개",40000.0,52000.0,0.0,0.0,0.0,,,
93374228598,PC000356,"[몽둥이네마트] 펭귄 꽁치 통조림 400g 정말 맛있는 꽁치캔 술안주 찌개 꽁치조림 다양하고 캔꽁치, 10개",44000.0,57200.0,0.0,0.0,0.0,,,
93374228617,PC000356,"펭귄 꽁치보일드 통조림, 400g, 11개",47900.0,62300.0,0.0,0.0,0.0,,,
93374228612,PC000356,"펭귄 꽁치보일드 통조림, 400g, 12개",51900.0,67500.0,0.0,0.0,0.0,,,
93374228597,PC000356,"펭귄 꽁치보일드 통조림, 400g, 13개",55800.0,72500.0,0.0,0.0,0.0,,,
93374228616,PC000356,"펭귄 꽁치보일드 통조림, 400g, 14개",59700.0,77600.0,0.0,0.0,0.0,,,
93374228602,PC000356,"펭귄 꽁치 통조림 400g, 15개",63700.0,82800.0,0.0,0.0,0.0,,,
93374228601,PC000356,"펭귄 꽁치보일드 통조림, 400g, 16개",67600.0,87900.0,0.0,0.0,0.0,,,
93374228607,PC000356,"펭귄 꽁치보일드 통조림, 400g, 17개",71600.0,93100.0,0.0,0.0,0.0,,,
93374228605,PC000356,"펭귄 꽁치보일드 통조림, 400g, 18개",75500.0,98200.0,0.0,0.0,0.0,,,
93374228613,PC000356,"펭귄 꽁치보일드 통조림, 400g, 19개",79400.0,103200.0,0.0,0.0,0.0,,,
93374228611,PC000356,"펭귄 꽁치보일드 통조림, 400g, 20개",83400.0,108400.0,0.0,0.0,0.0,,,
93374228615,PC000356,"펭귄 꽁치보일드 통조림, 400g, 21개",87300.0,113500.0,0.0,0.0,0.0,,,
93374228600,PC000356,"펭귄 꽁치보일드 통조림, 400g, 22개",91300.0,118700.0,0.0,0.0,0.0,,,
93374228610,PC000356,"펭귄 꽁치보일드 통조림, 400g, 23개",95200.0,123800.0,0.0,0.0,0.0,,,
93374228620,PC000356,"펭귄 꽁치보일드 통조림, 400g, 24개",99100.0,128800.0,0.0,0.0,0.0,,,
93374194042,PC000359,"펭귄 고등어통조림400g펭귄, 400g, 1개",6600.0,8600.0,0.0,0.0,0.0,,,
93374194035,PC000359,"펭귄 고등어 보일드, 400g, 2개",10300.0,13400.0,0.0,0.0,0.0,,,
93374194056,PC000359,"펭귄 고등어 보일드 통조림, 400g, 3개입",13100.0,17000.0,0.0,0.0,0.0,,,
93374194053,PC000359,"펭귄 고등어 통조림, 400g, 4개",16000.0,20800.0,0.0,0.0,0.0,,,
93374194026,PC000359,"펭귄 고등어 보일드, 400g, 5개",18800.0,24400.0,0.0,0.0,0.0,,,
93374194047,PC000359,"펭귄 고등어 보일드, 400g, 6개",21700.0,28200.0,0.0,0.0,0.0,,,
93374194049,PC000359,"펭귄 고등어 통조림 400g, 7개",24500.0,31900.0,0.0,0.0,0.0,,,
93374194036,PC000359,"펭귄 고등어 통조림 400g, 8개",27400.0,35600.0,0.0,0.0,0.0,,,
93374194060,PC000359,"펭귄 고등어 통조림, 400g, 9개",30200.0,39300.0,0.0,0.0,0.0,,,
93374194064,PC000359,"펭귄 고등어 통조림 400g, 10개",33100.0,43000.0,0.0,0.0,0.0,,,
93374194052,PC000359,"펭귄 고등어 통조림, 400g, 11개",36000.0,46800.0,0.0,0.0,0.0,,,
93374194040,PC000359,"(올따옴) 펭귄고등어 400g 12입, 12개",38800.0,50400.0,0.0,0.0,0.0,,,
93374194044,PC000359,"펭귄 고등어 통조림, 400g, 13개",41700.0,54200.0,0.0,0.0,0.0,,,
93374194037,PC000359,"펭귄 고등어 통조림, 400g, 14개",44500.0,57900.0,0.0,0.0,0.0,,,
93374194046,PC000359,"펭귄 고등어 통조림 400g, 15개",47400.0,61600.0,0.0,0.0,0.0,,,
93374194027,PC000359,"펭귄 고등어 통조림, 400g, 16개",50200.0,65300.0,0.0,0.0,0.0,,,
93374194041,PC000359,"펭귄 고등어 통조림, 400g, 17개",53100.0,69000.0,0.0,0.0,0.0,,,
93374194031,PC000359,"펭귄 고등어 400g, 18개",55900.0,72700.0,0.0,0.0,0.0,,,
93374194048,PC000359,"펭귄 고등어 통조림, 400g, 19개",58800.0,76400.0,0.0,0.0,0.0,,,
93374194043,PC000359,"펭귄 고등어 통조림 400g, 20개",61600.0,80100.0,0.0,0.0,0.0,,,
93374194032,PC000359,"펭귄 고등어 통조림, 400g, 21개",64500.0,83900.0,0.0,0.0,0.0,,,
93374194045,PC000359,"펭귄 고등어 통조림, 400g, 22개",67300.0,87500.0,0.0,0.0,0.0,,,
93374194058,PC000359,"펭귄 고등어 통조림, 400g, 23개",70200.0,91300.0,0.0,0.0,0.0,,,
93374194068,PC000359,"펭귄 고등어 통조림, 400g, 24개",73000.0,94900.0,0.0,0.0,0.0,,,
93310632584,PC000362,"강구나루꽁치통조림 400G펭귄HC(주), 400g, 1개",6600.0,8600.0,0.0,0.0,0.0,,,
93310632587,PC000362,"강구나루꽁치통조림 400G펭귄HC(주), 400g, 2개",10400.0,13500.0,0.0,0.0,0.0,,,
93310632590,PC000362,"강구나루꽁치통조림 400G펭귄HC(주), 400g, 3개",13300.0,17300.0,0.0,0.0,0.0,,,
93310632605,PC000362,"강구나루꽁치통조림 400G펭귄HC(주), 400g, 4개",16200.0,21100.0,0.0,0.0,0.0,,,
93310632595,PC000362,"강구나루꽁치통조림 400G펭귄HC(주), 400g, 5개",19100.0,24800.0,0.0,0.0,0.0,,,
93310632585,PC000362,"강구나루꽁치통조림 400G펭귄HC(주), 400g, 6개",22000.0,28600.0,0.0,0.0,0.0,,,
93310632601,PC000362,"강구나루꽁치통조림 400G펭귄HC(주), 400g, 7개",24900.0,32400.0,0.0,0.0,0.0,,,
93310632602,PC000362,"강구나루꽁치통조림 400G펭귄HC(주), 400g, 8개",27800.0,36100.0,0.0,0.0,0.0,,,
93310632593,PC000362,"강구나루꽁치통조림 400G펭귄HC(주), 400g, 9개",30700.0,39900.0,0.0,0.0,0.0,,,
93310632603,PC000362,"강구나루꽁치통조림 400G펭귄HC(주), 400g, 10개",33600.0,43700.0,0.0,0.0,0.0,,,
93310632589,PC000362,"강구나루꽁치통조림 400G펭귄HC(주), 400g, 11개",36500.0,47500.0,0.0,0.0,0.0,,,
93310632608,PC000362,"강구나루꽁치통조림 400G펭귄HC(주), 400g, 12개",39400.0,51200.0,0.0,0.0,0.0,,,
93310632596,PC000362,"강구나루꽁치통조림 400G펭귄HC(주), 400g, 13개",42300.0,55000.0,0.0,0.0,0.0,,,
93310632597,PC000362,"강구나루꽁치통조림 400G펭귄HC(주), 400g, 14개",45200.0,58800.0,0.0,0.0,0.0,,,
93310632600,PC000362,"강구나루꽁치통조림 400G펭귄HC(주), 400g, 15개",48100.0,62500.0,0.0,0.0,0.0,,,
93310632598,PC000362,"강구나루꽁치통조림 400G펭귄HC(주), 400g, 16개",51000.0,66300.0,0.0,0.0,0.0,,,
93310632588,PC000362,"강구나루꽁치통조림 400G펭귄HC(주), 400g, 17개",53900.0,70100.0,0.0,0.0,0.0,,,
93310632592,PC000362,"강구나루꽁치통조림 400G펭귄HC(주), 400g, 18개",56800.0,73800.0,0.0,0.0,0.0,,,
93310632586,PC000362,"강구나루꽁치통조림 400G펭귄HC(주), 400g, 19개",59700.0,77600.0,0.0,0.0,0.0,,,
93310632594,PC000362,"강구나루꽁치통조림 400G펭귄HC(주), 400g, 20개",62600.0,81400.0,0.0,0.0,0.0,,,
93310632591,PC000362,"강구나루꽁치통조림 400G펭귄HC(주), 400g, 21개",65500.0,85200.0,0.0,0.0,0.0,,,
93310632607,PC000362,"강구나루꽁치통조림 400G펭귄HC(주), 400g, 22개",68400.0,88900.0,0.0,0.0,0.0,,,
93310632599,PC000362,"강구나루꽁치통조림 400G펭귄HC(주), 400g, 23개",71300.0,92700.0,0.0,0.0,0.0,,,
93310632604,PC000362,"강구나루꽁치통조림 400G펭귄HC(주), 400g, 24개",74200.0,96500.0,0.0,0.0,0.0,,,
93300041400,PC001059,"유동 황도 슬라이스 통조림, 400g, 1개",4900.0,6400.0,0.0,0.0,0.0,,,
93300041376,PC001059,"유동 황도 슬라이스 통조림, 400g, 2개",7000.0,9100.0,0.0,0.0,0.0,,,
93300041395,PC001059,"유동 황도 슬라이스 통조림, 400g, 3개",8200.0,10700.0,0.0,0.0,0.0,,,
93300041380,PC001059,"유동 황도 슬라이스 통조림, 400g, 4개",9500.0,12400.0,0.0,0.0,0.0,,,
93300041391,PC001059,"유동 황도 슬라이스 통조림, 400g, 5개",10700.0,13900.0,0.0,0.0,0.0,,,
93300041385,PC001059,"유동 황도 슬라이스 통조림, 400g, 6개",12000.0,15600.0,0.0,0.0,0.0,,,
93300041403,PC001059,"유동 황도 슬라이스, 400g, 7개",13200.0,17200.0,0.0,0.0,0.0,,,
93300041389,PC001059,"유동 황도 슬라이스 통조림, 400g, 8개",14500.0,18900.0,0.0,0.0,0.0,,,
93300041392,PC001059,"유동 황도 슬라이스, 400g, 9개",15700.0,20400.0,0.0,0.0,0.0,,,
93300041375,PC001059,"유동 황도 슬라이스 통조림, 400g, 10개",17000.0,22100.0,0.0,0.0,0.0,,,
93300041398,PC001059,"유동 황도 슬라이스, 400g, 11개",18200.0,23700.0,0.0,0.0,0.0,,,
93300041379,PC001059,"유동 황도 슬라이스 통조림, 400g, 12개",19500.0,25400.0,0.0,0.0,0.0,,,
93300041401,PC001059,"유동 황도 슬라이스, 400g, 13개",20700.0,26900.0,0.0,0.0,0.0,,,
93300041386,PC001059,"유동 황도 슬라이스, 400g, 14개",22000.0,28600.0,0.0,0.0,0.0,,,
93300041381,PC001059,"유동 황도 슬라이스, 400g, 15개",23200.0,30200.0,0.0,0.0,0.0,,,
93300041374,PC001059,"유동 황도 슬라이스, 400g, 16개",24500.0,31900.0,0.0,0.0,0.0,,,
93300041377,PC001059,"유동 황도, 400g, 17개",25700.0,33400.0,0.0,0.0,0.0,,,
93300041384,PC001059,"유동 황도, 400g, 18개",27000.0,35100.0,0.0,0.0,0.0,,,
93300041378,PC001059,"유동 황도 슬라이스, 400g, 19개",28200.0,36700.0,0.0,0.0,0.0,,,
93300041390,PC001059,"유동 황도 슬라이스, 400g, 20개",29500.0,38400.0,0.0,0.0,0.0,,,
93300041387,PC001059,"유동 황도 슬라이스, 400g, 21개",30700.0,39900.0,0.0,0.0,0.0,,,
93300041402,PC001059,"유동 황도 슬라이스, 400g, 22개",32000.0,41600.0,0.0,0.0,0.0,,,
93300041383,PC001059,"유동 황도 슬라이스, 400g, 23개",33200.0,43200.0,0.0,0.0,0.0,,,
93300041382,PC001059,"유동 황도 슬라이스, 400g, 24개",34500.0,44900.0,0.0,0.0,0.0,,,
93299906346,PC003739,"동서 원하프박스동서스위트콘 총알배송, 425g, 1개",4700.0,6100.0,0.0,0.0,0.0,,,
93299906355,PC003739,"동서 리치스 홀커널 스위트콘 425g 동서 옥수수 콘 통조림, 2개",6500.0,8500.0,0.0,0.0,0.0,,,
93299906340,PC003739,"동서 리치스 홀커널 스위트콘 425g 동서 옥수수 콘 통조림, 3개",7500.0,9800.0,0.0,0.0,0.0,,,
93299906341,PC003739,"동서 리치스 홀커널 스위트콘 425g 동서 옥수수 콘 통조림, 4개",8400.0,10900.0,0.0,0.0,0.0,,,
93299906338,PC003739,"동서 리치스 홀커널 스위트콘 425g 동서 옥수수 콘 통조림, 5개",9500.0,12400.0,0.0,0.0,0.0,,,
93299906358,PC003739,"리치스 홀커널스위트콘 425g, 6개",10400.0,13500.0,0.0,0.0,0.0,,,
93299906337,PC003739,"동서 리치스 홀 커널 스위트 콘, 425g, 7개",11400.0,14800.0,0.0,0.0,0.0,,,
93299906348,PC003739,"동서 리치스 홀 커널 스위트 콘, 425g, 8개",12400.0,16100.0,0.0,0.0,0.0,,,
93299906342,PC003739,"리치스 홀커널스위트콘 425g, 9개",13400.0,17400.0,0.0,0.0,0.0,,,
93299906347,PC003739,"동서 리치스 홀 커널 스위트 콘, 425g, 10개",14300.0,18600.0,0.0,0.0,0.0,,,
93299906351,PC003739,"동서 리치스 홀 커널 스위트콘 425g, 11개",15300.0,19900.0,0.0,0.0,0.0,,,
93299906339,PC003739,"동서 리치스 홀커널 스위트콘 425g(24입)_BOX, 425g, 12개",16300.0,21200.0,0.0,0.0,0.0,,,
93299906345,PC003739,"동서 리치스 홀 커널 스위트콘 425g, 13개",17300.0,22500.0,0.0,0.0,0.0,,,
93299906359,PC003739,"동서 리치스 홀 커널 스위트콘 425g, 14개",18200.0,23700.0,0.0,0.0,0.0,,,
93299906354,PC003739,"동서 리치스 홀 커널 스위트콘 425g, 15개",19200.0,25000.0,0.0,0.0,0.0,,,
93299906357,PC003739,"동서 리치스 홀 커널 스위트콘 425g, 16개",20200.0,26300.0,0.0,0.0,0.0,,,
93299906352,PC003739,"동서 리치스 홀 커널 스위트콘 425g, 17개",21200.0,27600.0,0.0,0.0,0.0,,,
93299906335,PC003739,"리치스 홀 커널 스위트콘, 425g, 18개",22200.0,28900.0,0.0,0.0,0.0,,,
93299906349,PC003739,"동서 리치스 홀 커널 스위트콘 425g, 19개",23100.0,30000.0,0.0,0.0,0.0,,,
93299906356,PC003739,"동서 리치스 홀 커널 스위트콘 425g, 20개",24100.0,31300.0,0.0,0.0,0.0,,,
93299906353,PC003739,"동서 리치스 홀 커널 스위트콘 425g, 21개",25100.0,32600.0,0.0,0.0,0.0,,,
93299906350,PC003739,"동서 리치스 홀 커널 스위트콘 425g, 22개",26100.0,33900.0,0.0,0.0,0.0,,,
93299906343,PC003739,"리치스 홀커널스위트콘 425g, 23개",27000.0,35100.0,0.0,0.0,0.0,,,
93299906344,PC003739,"리치스 홀 커널 스위트콘, 425g, 24개",28000.0,36400.0,0.0,0.0,0.0,,,
93299796930,PC003744,"리치스 슬라이스 파인애플 통조림, 836g, 1개",7400.0,9600.0,0.0,0.0,0.0,,,
93299796936,PC003744,"리치스 파인애플 슬라이스 원터치, 836g, 2개",12000.0,15600.0,0.0,0.0,0.0,,,
93299796933,PC003744,"리치스 파인애플 슬라이스 통조림, 836g, 3개",15800.0,20500.0,0.0,0.0,0.0,,,
93299796931,PC003744,"리치스 파인애플 슬라이스 원터치 통조림, 836g, 4개",19500.0,25400.0,0.0,0.0,0.0,,,
93299796932,PC003744,"리치스 파인애플 슬라이스 통조림, 836g, 5개",23300.0,30300.0,0.0,0.0,0.0,,,
93299796928,PC003744,"리치스 파인애플 슬라이스 통조림, 836g, 6개",27100.0,35200.0,0.0,0.0,0.0,,,
93299796929,PC003744,"리치스 슬라이스 파인애플 통조림, 836g, 7개",30900.0,40200.0,0.0,0.0,0.0,,,
93299796935,PC003744,"리치스 슬라이스 파인애플 통조림, 836g, 8개",34600.0,45000.0,0.0,0.0,0.0,,,
93299796927,PC003744,"리치스 슬라이스 파인애플 통조림, 836g, 9개",38400.0,49900.0,0.0,0.0,0.0,,,
93299796937,PC003744,"리치스 슬라이스 파인애플 통조림, 836g, 10개",42200.0,54900.0,0.0,0.0,0.0,,,
93299796934,PC003744,"리치스 슬라이스 파인애플 통조림, 836g, 11개",46000.0,59800.0,0.0,0.0,0.0,,,
93299796938,PC003744,"리치스 슬라이스 파인애플 통조림, 836g, 12개",49700.0,64600.0,0.0,0.0,0.0,,,
93299451713,PC003742,"리치스 트로피칼 후르츠 칵테일 원터치, 850g, 1개",7000.0,9100.0,0.0,0.0,0.0,,,
93299451717,PC003742,"리치스 트로피칼 후르츠 칵테일 원터치, 850g, 2개",11100.0,14400.0,0.0,0.0,0.0,,,
93299451712,PC003742,"리치스 트로피칼 후르츠 칵테일 원터치, 850g, 3개",14300.0,18600.0,0.0,0.0,0.0,,,
93299451714,PC003742,"리치스 트로피칼 후르츠 칵테일 원터치, 850g, 4개",17600.0,22900.0,0.0,0.0,0.0,,,
93299451716,PC003742,"리치스 트로피칼 후르츠 칵테일 원터치, 850g, 5개",20800.0,27000.0,0.0,0.0,0.0,,,
93299451703,PC003742,"리치스 트로피칼 후르츠 칵테일 원터치, 850g, 6개",24100.0,31300.0,0.0,0.0,0.0,,,
93299451718,PC003742,"(주)동서 리치스 트로피칼 후르츠 칵테일, 850g, 7개",27300.0,35500.0,0.0,0.0,0.0,,,
93299451692,PC003742,"(주)동서 리치스 트로피칼 후르츠 칵테일, 850g, 8개",30600.0,39800.0,0.0,0.0,0.0,,,
93299451710,PC003742,"(주)동서 리치스 트로피칼 후르츠 칵테일, 850g, 9개",33800.0,43900.0,0.0,0.0,0.0,,,
93299451709,PC003742,"(주)동서 리치스 트로피칼 후르츠 칵테일, 850g, 10개",37100.0,48200.0,0.0,0.0,0.0,,,
93299451707,PC003742,"(주)동서 리치스 트로피칼 후르츠 칵테일, 850g, 11개",40300.0,52400.0,0.0,0.0,0.0,,,
93299451720,PC003742,"(주)동서 리치스 트로피칼 후르츠 칵테일, 850g, 12개",43600.0,56700.0,0.0,0.0,0.0,,,
93299451715,PC003742,"(주)동서 리치스 트로피칼 후르츠 칵테일, 850g, 13개",46800.0,60800.0,0.0,0.0,0.0,,,
93299451693,PC003742,"(주)동서 리치스 트로피칼 후르츠 칵테일, 850g, 14개",50100.0,65100.0,0.0,0.0,0.0,,,
93299451723,PC003742,"(주)동서 리치스 트로피칼 후르츠 칵테일, 850g, 15개",53300.0,69300.0,0.0,0.0,0.0,,,
93299451719,PC003742,"(주)동서 리치스 트로피칼 후르츠 칵테일, 850g, 16개",56600.0,73600.0,0.0,0.0,0.0,,,
93299451702,PC003742,"(주)동서 리치스 트로피칼 후르츠 칵테일, 850g, 17개",59800.0,77700.0,0.0,0.0,0.0,,,
93299451722,PC003742,"(주)동서 리치스 트로피칼 후르츠 칵테일, 850g, 18개",63100.0,82000.0,0.0,0.0,0.0,,,
93299451721,PC003742,"(주)동서 리치스 트로피칼 후르츠 칵테일, 850g, 19개",66300.0,86200.0,0.0,0.0,0.0,,,
93299451708,PC003742,"(주)동서 리치스 트로피칼 후르츠 칵테일, 850g, 20개",69600.0,90500.0,0.0,0.0,0.0,,,
93299451697,PC003742,"(주)동서 리치스 트로피칼 후르츠 칵테일, 850g, 21개",72800.0,94600.0,0.0,0.0,0.0,,,
93299451705,PC003742,"(주)동서 리치스 트로피칼 후르츠 칵테일, 850g, 22개",76100.0,98900.0,0.0,0.0,0.0,,,
93299451724,PC003742,"(주)동서 리치스 트로피칼 후르츠 칵테일, 850g, 23개",79300.0,103100.0,0.0,0.0,0.0,,,
93299451698,PC003742,"(주)동서 리치스 트로피칼 후르츠 칵테일, 850g, 24개",82600.0,107400.0,0.0,0.0,0.0,,,
92974506629,,"아임에이드 복숭아에이드 + 수박에이드, 20개, 230ml",13000.0,13000.0,0.0,0.0,0.0,,,
92974501750,,"아임에이드 복숭아에이드 + 레몬에이드, 20개, 230ml",13000.0,13000.0,0.0,0.0,0.0,,,
92974477024,,"아임에이드 레몬에이드 + 수박에이드, 20개, 230ml",13000.0,13000.0,0.0,0.0,0.0,,,
92920048751,,"명가 꽈배기 흑당 1개 + 참깨 1개, 1kg",14800.0,14800.0,0.0,0.0,0.0,,,
92920048764,,"명가 꽈배기 흑당 1개 + 참깨 1개, 1kg, 2개",26400.0,26400.0,0.0,0.0,0.0,,,
92920048700,,"명가 꽈배기 흑당 1개 + 참깨 1개, 1kg, 3개",38000.0,38000.0,0.0,0.0,0.0,,,
92920048730,,"명가 꽈배기 흑당 1개 + 참깨 1개, 1kg, 4개",49600.0,49600.0,0.0,0.0,0.0,,,
92920048739,,"명가 꽈배기 흑당 1개 + 참깨 1개, 5개, 1kg",61200.0,61200.0,0.0,0.0,0.0,,,
92920048688,,"명가 꽈배기 흑당 1개 + 참깨 1개, 1kg, 6개",72800.0,72800.0,0.0,0.0,0.0,,,
92920048678,,"명가 꽈배기 흑당 1개 + 참깨 1개, 1kg, 7개",84400.0,84400.0,0.0,0.0,0.0,,,
92920048714,,"명가 꽈배기 흑당 1개 + 참깨 1개, 1kg, 8개",96000.0,96000.0,0.0,0.0,0.0,,,
92919582809,,"양파를 품은 메밀칩, 160g, 1개",5000.0,5000.0,0.0,0.0,0.0,,,
92919582823,,"푸드킹 양파에 빠진 메밀칩, 2개, 160g",7000.0,7000.0,0.0,0.0,0.0,,,
92919582775,,"양파를 품은 메밀칩, 160g, 3개",9000.0,9000.0,0.0,0.0,0.0,,,
92919582853,,"양파를 품은 메밀칩, 160g, 4개",10850.0,11000.0,0.0,0.0,0.0,,,
92919582837,,"양파를 품은 메밀칩 160g x5개, 5개",13000.0,13000.0,0.0,0.0,0.0,,,
92919582872,,"양파를 품은 메밀칩, 160g, 6개",15000.0,15000.0,0.0,0.0,0.0,,,
92919582760,,"양파를 품은 메밀칩, 160g, 7개",17000.0,17000.0,0.0,0.0,0.0,,,
92919582793,,"양파를 품은 메밀칩, 160g, 8개",19000.0,19000.0,0.0,0.0,0.0,,,
92902620377,48-69-02,"아임에이드 수박 에이드, 50개, 230ml",32500.0,0.0,0.0,0.0,0.0,,,
92902602180,48-69-02,"아임에이드 블루베리 에이드, 50개, 230ml",32500.0,0.0,0.0,0.0,0.0,,,
92902594106,48-69-02,"아임에이드 레몬에이드, 50개, 230ml",32500.0,0.0,0.0,0.0,0.0,,,
92902586683,48-69-02,"아임에이드 복숭아 아이스티, 50개, 230ml",32500.0,0.0,0.0,0.0,0.0,,,
92902578040,48-69-02,"아임에이드 망고 에이드, 50개, 230ml",32500.0,0.0,0.0,0.0,0.0,,,
91886887893,MGG1EA-67-74-01,"명가꽈배기 흑당, 1개, 500g",9500.0,12400.0,0.0,0.0,0.0,,,
91886887885,67-74-01,"명가꽈배기 참깨맛, 500g, 16개",96000.0,96000.0,0.0,0.0,0.0,,,
92918904562,,"명가꽈배기 흑당, 2개, 500g",13990.0,14800.0,0.0,0.0,0.0,,,
92918904555,,"명가꽈배기 흑당, 3개, 500g",20400.0,20600.0,0.0,0.0,0.0,,,
92918904544,,"명가꽈배기 흑당, 4개, 500g",26100.0,26400.0,0.0,0.0,0.0,,,
92918904589,,"명가꽈배기 흑당, 5개, 500g",31850.0,32200.0,0.0,0.0,0.0,,,
92918904637,,"명가꽈배기 흑당, 6개, 500g",38000.0,38000.0,0.0,0.0,0.0,,,
92918904620,,"명가꽈배기 흑당, 7개, 500g",43800.0,43800.0,0.0,0.0,0.0,,,
92918904652,,"명가 꽈배기 흑당, 8개, 500g",49600.0,49600.0,0.0,0.0,0.0,,,
92918904665,,"명가 꽈배기 흑당, 9개, 500g",55400.0,55400.0,0.0,0.0,0.0,,,
92918904602,,"명가꽈배기 흑당, 10개, 500g",61200.0,61200.0,0.0,0.0,0.0,,,
92918904683,,"명가꽈배기 흑당, 11개, 500g",67000.0,67000.0,0.0,0.0,0.0,,,
92918904574,,"명가 꽈배기 흑당, 12개",72800.0,72800.0,0.0,0.0,0.0,,,
92918904692,,"명가꽈배기 흑당, 13개, 500g",78600.0,78600.0,0.0,0.0,0.0,,,
92918904530,,"명가 꽈배기 흑당, 14개, 500g",84400.0,84400.0,0.0,0.0,0.0,,,
92918904673,,"명가 꽈배기 흑당, 15개, 500g",90200.0,90200.0,0.0,0.0,0.0,,,
91886850969,MGG1EA-67-74,"명가꽈배기 참깨 오리지널, 500g, 1개",9500.0,12400.0,0.0,0.0,0.0,,,
91886850988,67-74,"명가꽈배기 참깨맛, 500g, 16개",96000.0,96000.0,0.0,0.0,0.0,,,
92918927188,,"명가꽈배기 참깨 오리지널, 500g, 2개",14490.0,14800.0,0.0,0.0,0.0,,,
92918927073,,"명가꽈배기 참깨 오리지널, 500g, 3개",20260.0,20600.0,0.0,0.0,0.0,,,
92918927061,,"명가꽈배기 참깨맛, 500g, 4개",26100.0,26400.0,0.0,0.0,0.0,,,
92918927179,,"명가꽈배기 참깨 오리지널, 500g, 5개",31850.0,32200.0,0.0,0.0,0.0,,,
92918927110,,"명가 꽈배기 참깨, 500g, 6개",38000.0,38000.0,0.0,0.0,0.0,,,
92918927096,,"명가 꽈배기 참깨, 500g, 7개",43800.0,43800.0,0.0,0.0,0.0,,,
92918927048,,"명가꽈배기 참깨맛, 500g, 8개",49600.0,49600.0,0.0,0.0,0.0,,,
92918927160,,"명가꽈배기 참깨맛, 500g, 9개",55400.0,55400.0,0.0,0.0,0.0,,,
92918927137,,"명가꽈배기 참깨 오리지널, 500g, 10개",61200.0,61200.0,0.0,0.0,0.0,,,
92918927087,,"명가 꽈배기 참깨, 500g, 11개",67000.0,67000.0,0.0,0.0,0.0,,,
92918927034,,"명가 꽈배기 참깨, 500g, 12개",72800.0,72800.0,0.0,0.0,0.0,,,
92918927152,,"명가 꽈배기 참깨, 500g, 13개",78600.0,78600.0,0.0,0.0,0.0,,,
92918927122,,"명가 꽈배기 참깨, 500g, 14개",84400.0,84400.0,0.0,0.0,0.0,,,
92918927169,,"명가 꽈배기 참깨, 500g, 15개",90200.0,90200.0,0.0,0.0,0.0,,,
91717089959,51-30-03,동원참치 선물세트 T18호 3세트,140700.0,182900.0,0.0,0.0,0.0,,,
91717089948,51-30-03,"동원참치 T18호 선물세트, 1세트",49300.0,64100.0,0.0,0.0,0.0,,,
93563419523,51-30-03,"동원참치 T18호, 2세트",95000.0,123500.0,0.0,0.0,0.0,,,
91690140449,50-71-02,"동원 스페셜 선물세트 5호, 1세트",25400.0,33000.0,0.0,0.0,0.0,,,
91690140442,50-71-02,"()동원 스페셜 5호, 5세트",113000.0,146900.0,0.0,0.0,0.0,,,
90972806981,45-05,"씨제이(주) cj스팸6호세트(스팸클래식200g), 1세트, 200g",42000.0,54600.0,0.0,0.0,0.0,,,
90972806996,45-05,"스팸 6호 선물세트 x 4세트, 2.4kg",157400.0,204600.0,0.0,0.0,0.0,,,
93562989829,45-05,"스팸6호, 3세트",117700.0,153000.0,0.0,0.0,0.0,,,
93562989830,45-05,"스팸6호, 2세트",79700.0,103600.0,0.0,0.0,0.0,,,
90972716583,45-21,"스팸 8호 햄 통조림 세트 + 쇼핑백, 1세트",29900.0,38900.0,0.0,0.0,0.0,,,
90972716570,45-21,"스팸 8호 선물세트 + 쇼핑백, 5세트",135200.0,175800.0,0.0,0.0,0.0,,,
93563208676,45-21,CJ 학교 교회 회사 병원 거래처 스팸 마일드 선물세트 8호 2024추석 명절선물추천 선물세트 1세트,56200.0,73100.0,0.0,0.0,0.0,,,
93563208671,45-21,"CJ 학교 교회 회사 병원 거래처 스팸 마일드 선물세트 8호 2024추석 명절선물추천 선물세트 1세트, 3세트",82500.0,107300.0,0.0,0.0,0.0,,,
93563208672,45-21,"CJ 학교 교회 회사 병원 거래처 스팸 마일드 선물세트 8호 2024추석 명절선물추천 선물세트 1세트, 4세트",108900.0,141600.0,0.0,0.0,0.0,,,
90664088326,20-13,"매일유업 피크닉 사과맛, 200ml, 72개",29900.0,31200.0,0.0,0.0,0.0,,,
90554626881,22-12,"팔도 뽀로로 보리차, 220ml, 24개",22300.0,29000.0,0.0,0.0,0.0,,,
90554626864,22-12,"팔도 뽀로로 유기농 보리차, 220ml, 48개",38200.0,49600.0,0.0,0.0,0.0,,,
90444232587,35-18-10,"B'S 비스 카페라떼, 30개, 175ml",13400.0,17400.0,0.0,0.0,0.0,,,
90444232575,35-18-10,"B'S 비스 카페라떼, 90개, 175ml",27700.0,38220.0,0.0,0.0,0.0,,,
90444176254,24-06-08,"티오피 스위트아메리카노, 200ml, 36개",29300.0,38100.0,0.0,0.0,0.0,,,
90444176240,24-06-08,"티오피 스위트 아메리카노, 200ml, 72개",55400.0,72000.0,0.0,0.0,0.0,,,
90444176168,24-174,"티오피 스위트 아메리카노, 275ml, 24개",28400.0,36900.0,0.0,0.0,0.0,,,
90444176225,24-174,"티오피 스위트아메리카노, 275ml, 48개",53100.0,69000.0,0.0,0.0,0.0,,,
90444176188,24-35-02,"티오피 스위트아메리카노, 380ml, 24개",33100.0,43000.0,0.0,0.0,0.0,,,
90444176207,24-35-02,"티오피 스위트아메리카노, 380ml, 48개",56500.0,0.0,0.0,0.0,0.0,,,
90444095001,24-06-07,"맥심 T.O.P 마스터 라떼 200ml, 30개",29300.0,38100.0,0.0,0.0,0.0,,,
90444094926,24-06-07,"맥심 T.O.P 마스터 라떼 200ml, 30개",55400.0,72000.0,0.0,0.0,0.0,,,
90444094954,24-173,"티오피 마스터 라떼 캔커피, 275ml, 24개",28400.0,36900.0,0.0,0.0,0.0,,,
90444094971,24-173,"제트스카이 맥심 티오피 마스터라떼, 275ml, 48개",53100.0,69000.0,0.0,0.0,0.0,,,
90444094984,24-35-01,"티오피 마스터 라떼, 380ml, 17개",33800.0,43900.0,0.0,0.0,0.0,,,
90444094908,24-35-01,"티오피 마스터 라떼, 380ml, 48개",56500.0,0.0,0.0,0.0,0.0,,,
90437225469,24-06-09,"티오피 맥심 더 블랙 커피, 200ml, 36개",29300.0,38100.0,0.0,0.0,0.0,,,
90437225463,24-06-09,"티오피 맥심 더 블랙 커피, 200ml, 72개",55900.0,72700.0,0.0,0.0,0.0,,,
90443974506,24-35-03,"티오피 더 블랙, 380ml, 24개",33100.0,43000.0,0.0,0.0,0.0,,,
90443974448,24-35-03,"티오피 더블랙 380ml x 48캔 (2박스) 맥심 커피음료, 48개",60000.0,0.0,0.0,0.0,0.0,,,
90443974481,24-175,"티오피 더 블랙 커피, 275ml, 24개",28400.0,36900.0,0.0,0.0,0.0,,,
90443974469,24-175,"티오피 더 블랙 커피, 275ml, 48개",53100.0,69000.0,0.0,0.0,0.0,,,
89260498298,81-28,"칸타타 스위트 아메리카노 파우치 230ml 50팩, 50개",34600.0,44590.0,0.0,0.0,0.0,,,
89231618063,24-28-02-CB-24-28-01,"티오피 스위트아메리카노 1개+마스터라떼 1개 세트상품, 380ml, 20세트",48800.0,63400.0,0.0,0.0,0.0,,,
89231618053,25-01-01-CB-25-02,매일유업 매일 카페라떼 로어슈거 1개 + 카라멜마끼아토 세트상품,50500.0,50500.0,0.0,0.0,0.0,,,
89231618034,25-01-CB-25-01-01,"매일유업 매일 카페라떼 마일드 1개 + 로어슈거 세트상품, 10세트, 220ml",30300.0,39400.0,0.0,0.0,0.0,,,
89231617994,25-01-CB-25-02,"매일유업 매일 카페라떼 마일드 1개 + 카라멜마끼아토 세트상품, 10세트, 220ml",30300.0,39400.0,0.0,0.0,0.0,,,
89231617973,25-01-CB-25-01-01,"매일유업 매일 카페라떼 마일드 1개 + 로어슈거 세트상품, 20세트, 220ml",50500.0,50500.0,0.0,0.0,0.0,,,
89231617931,25-01-CB-25-02,"매일유업 매일 카페라떼 마일드 1개 + 카라멜마끼아토 세트상품, 20세트, 220ml",50500.0,50500.0,0.0,0.0,0.0,,,
89231616144,25-01-01-CB-25-02,"매일유업 매일 카페라떼 로어슈거 1개 + 카라멜마끼아토 1개 세트상품, 220ml, 10세트",30300.0,39400.0,0.0,0.0,0.0,,,
89216057758,31-03-07-CB-31-03-08,"몬스터에너지 망고로코 1개 + 제로슈가 세트상품, 24세트, 355ml",77500.0,100800.0,0.0,0.0,0.0,,,
89216057816,31-03-08-CB-31-03-01,"몬스터 에너지드링크 울트라흰 제로슈거검파 355ml 총24캔반반 박스안심포장 몬스터캔, 제로 슈거 12캔+울트라 12캔, 24개",79300.0,103100.0,0.0,0.0,0.0,,,
89216058025,31-03-07-CB-31-03-01,"몬스터에너지 망고로코 1개 + 울트라 세트상품, 24세트, 355ml",79300.0,103100.0,0.0,0.0,0.0,,,
89216058092,31-22-02-CB-31-03-05,"코카콜라 업소용 일반 1개 + 제로 세트상품, 24세트, 355ml",46300.0,59500.0,0.0,0.0,0.0,,,
88422265739,28-52,"미에로화이바, 350ml, 24개",29200.0,38000.0,0.0,0.0,0.0,,,
88422265749,28-53-03,"미에로화이바 PET, 1.2L, 12개",21600.0,26100.0,0.0,0.0,0.0,,,
88422265761,28-51,"미에로화이바, 210ml, 40개",37700.0,49000.0,0.0,0.0,0.0,,,
88422265770,28-50,"미에로화이바, 100ml, 100개",58600.0,76200.0,0.0,0.0,0.0,,,
88422265805,21-91-01,"웅진 꿀물 캔, 30개, 180ml",13600.0,17700.0,0.0,0.0,0.0,,,
88422265812,21-91-01,"웅진 꿀물 캔, 90개, 180ml",33400.0,43400.0,0.0,0.0,0.0,,,
88422169956,28-06,"동아오츠카 화이브미니, 100ml, 100개",68300.0,88800.0,0.0,0.0,0.0,,,
88422170001,24-702,"스타벅스 프라푸치노 모카, 281ml, 16개",41100.0,53400.0,0.0,0.0,0.0,,,
88422170139,22-56,"영진 구론산바몬드 스파클링 탄산, 150ml, 30개",23000.0,29900.0,0.0,0.0,0.0,,,
88422170140,26-27-02,"웅진 티즐 유자 그린티, 500ml, 20개",20800.0,27000.0,0.0,0.0,0.0,,,
88422170325,20-10,"광동제약 쌍화골드, 100ml, 100개",55500.0,72200.0,0.0,0.0,0.0,,,
88422170336,21-91,"웅진 꿀홍삼 음료, 180ml, 48개",34000.0,44200.0,0.0,0.0,0.0,,,
88422170486,21-103,"맛있는두유GT 고소한 검은콩깨 병, 200ml, 30개",25300.0,32900.0,0.0,0.0,0.0,,,
88422170578,24-701,"스타벅스 프라푸치노 커피, 281ml, 16개",41100.0,53400.0,0.0,0.0,0.0,,,
88422170740,26-27-03,"웅진 티즐 제로 피치우롱티, 500ml, 20개",20800.0,27000.0,0.0,0.0,0.0,,,
88422170736,12-04-01,"동원샘물 생수, 500ml, 20개",9000.0,11700.0,0.0,0.0,0.0,,,
88422170746,12-04,"동원샘물 생수, 2L, 6개",8200.0,10660.0,0.0,0.0,0.0,,,
88422170783,28-13,"제트스카이 현대 미에로 헬씨올리고, 100ml, 100개",48400.0,62900.0,0.0,0.0,0.0,,,
88422170831,28-31,"박카스 동아제약 에프 액, 120ml, 50개",42200.0,54900.0,0.0,0.0,0.0,,,
88422170957,20-05,"광동 비타500, 180ml, 40개",36600.0,47580.0,0.0,0.0,0.0,,,
88422170963,20-04,"광동제약 비타500, 100ml, 100개",56100.0,72900.0,0.0,0.0,0.0,,,
88422170987,26-04-03,"가야농장 토마토농장, 180ml, 48개",31000.0,40300.0,0.0,0.0,0.0,,,
88422171244,38-09-03,"동화약품 부채표 까스활 소화제, 75ml, 60개",50800.0,66000.0,0.0,0.0,0.0,,,
88422171314,30-05,"제주삼다수, 20개, 500ml",12500.0,16250.0,0.0,0.0,0.0,,,
88422171321,30-04,"제주삼다수, 2L, 6개",9700.0,12610.0,0.0,0.0,0.0,,,
88422171365,26-27-04,"티즐 제로 자몽블랙티, 500ml, 20개",21100.0,27400.0,0.0,0.0,0.0,,,
88422171399,26-27-05,"웅진 티즐 제로 피치얼그레이, 500ml, 20개",23800.0,30900.0,0.0,0.0,0.0,,,
88422171546,28-24-01,"오로나민씨 탄산 드링크, 120ml, 50개",41300.0,53700.0,0.0,0.0,0.0,,,
88422171598,26-27-06,"티즐 제로 라임민트티, 500ml, 20개",23800.0,30900.0,0.0,0.0,0.0,,,
88422171597,34-01-01,"호연당 아카시아 꿀물 병, 180ml, 48개",36100.0,46930.0,0.0,0.0,0.0,,,
88575206517,34-01-01,"호연당 아카시아 꿀물 병, 180ml, 96개",72200.0,93860.0,0.0,0.0,0.0,,,
88422171790,28-13-05,"현대약품 비타업, 100ml, 100개",42600.0,55380.0,0.0,0.0,0.0,,,
88421460810,20-03-01,"광동옥수수수염차, 1.5L, 12개",21200.0,27560.0,0.0,0.0,0.0,,,
88421460819,20-01-01,"광동옥수수수염차, 340ml, 20개",18100.0,23500.0,0.0,0.0,0.0,,,
88421460828,20-01-01,"제트스카이 광동 V라인 옥수수수염차, 340ml, 40개",33400.0,43400.0,0.0,0.0,0.0,,,
88421460945,23-012,"하늘보리, 325ml, 20개",17300.0,22500.0,0.0,0.0,0.0,,,
88421460950,23-012,"하늘보리, 325ml, 40개",31600.0,41100.0,0.0,0.0,0.0,,,
88421460969,23-22,"웅진 옥수수수염차 음료, 500ml, 20개",17600.0,22900.0,0.0,0.0,0.0,,,
88421461019,23-39..,"웅진 옥수수 수염차 1.5L x 12 PET, 12개",18900.0,24600.0,0.0,0.0,0.0,,,
88421461068,23-35-01,"웅진 헛개차, 1.5L, 12개",17100.0,22200.0,0.0,0.0,0.0,,,
88421461075,23-35,"웅진 헛개차, 500ml, 20개",17600.0,22900.0,0.0,0.0,0.0,,,
88421461118,20-15,"광동제약 광동 힘찬하루 헛개차 180ml, 175ml, 30개",12100.0,15700.0,0.0,0.0,0.0,,,
88421461123,20-15,"광동 헛개차, 175ml, 90개",29600.0,38500.0,0.0,0.0,0.0,,,
88421461132,20-09-01,"광동진한헛개차, 1.5L, 12개",20300.0,26400.0,0.0,0.0,0.0,,,
88421461143,20-08-04,"광동진한헛개차, 500ml, 20개",21800.0,28300.0,0.0,0.0,0.0,,,
88421461153,20-07-04,"광동진한헛개차, 340ml, 20개",18100.0,23500.0,0.0,0.0,0.0,,,
88421461164,20-07-04,"광동진한헛개차 남, 340ml, 40개",33400.0,43400.0,0.0,0.0,0.0,,,
88421461189,20-18,"광동 옥수수수염차, 180ml, 30개",14900.0,19400.0,0.0,0.0,0.0,,,
88421461195,20-18,"광동옥수수수염차 V라인얼굴, 180ml, 90개",37000.0,48100.0,0.0,0.0,0.0,,,
88421461219,23-05-01,"웅진 누룽지차, 1.5L, 12개",17400.0,22600.0,0.0,0.0,0.0,,,
88421461227,23-05,"웅진 맑게 우려낸 누룽지차, 500ml, 20개",17700.0,23000.0,0.0,0.0,0.0,,,
88421461314,12-02,"동원보성녹차 음료, 1.5L, 12개",15100.0,19600.0,0.0,0.0,0.0,,,
88421461317,12-01-01,"동원보성녹차, 350ml, 24개",15500.0,20150.0,0.0,0.0,0.0,,,
88421461504,30-12-03,"하이트진로 블랙보리 라이트 음료, 175ml, 30개",12000.0,15500.0,0.0,0.0,0.0,,,
88421461508,30-12-03,"하이트진로 블랙보리 라이트 음료, 175ml, 90개",29200.0,38000.0,0.0,0.0,0.0,,,
88421461612,23-18-01,"하늘보리 캔, 180ml, 30개",12600.0,16400.0,0.0,0.0,0.0,,,
88421461619,23-18-01,"웅진 하늘보리, 180ml, 90개",30600.0,39800.0,0.0,0.0,0.0,,,
88421461627,23-18,"하늘보리, 500ml, 20개",21500.0,28000.0,0.0,0.0,0.0,,,
88421461633,23-17,"하늘보리, 1.5L, 12개",19700.0,25610.0,0.0,0.0,0.0,,,
88421461578,35-06,"대일-참맑은헛개차175ml(30캔), 175ml, 30개",11300.0,14700.0,0.0,0.0,0.0,,,
88421461584,35-06,"참맑은 헛개차 175ml 90캔, 90개",27400.0,35600.0,0.0,0.0,0.0,,,
88421461624,35-02,"참맑은 녹차, 175ml, 30개",11000.0,14300.0,0.0,0.0,0.0,,,
88421461632,35-02,"대일 참맑은 보성녹차, 175ml, 90개, 9개",26500.0,34500.0,0.0,0.0,0.0,,,
88421461668,23-333-01,"웅진 광명찾은 결명자차, 1.5L, 12개",20000.0,26000.0,0.0,0.0,0.0,,,
88421461699,29-00,"일화 옥수수 수염차, 20개, 340ml",15000.0,19500.0,0.0,0.0,0.0,,,
88421461707,29-00,"일화 옥수수 수염차, 40개, 340ml",27000.0,35100.0,0.0,0.0,0.0,,,
88421461735,30-12-02,"하이트진로 블랙보리 오리지널, 1.5L, 12개",20300.0,26400.0,0.0,0.0,0.0,,,
88421461798,35-05,"대일음료 참맑은 홍차 캔음료수, 175ml, 30개",11700.0,15200.0,0.0,0.0,0.0,,,
88421461806,35-05,"참맑은 홍차 (업소용) 가성비 미니캔, 175ml, 90개",28400.0,36900.0,0.0,0.0,0.0,,,
88421356056,22-04-06,"팔도 비락수정과, 1.5L, 8개",29800.0,38700.0,0.0,0.0,0.0,,,
88421356061,22-04-05,"비락 수정과캔 238ml, 24개",17900.0,23300.0,0.0,0.0,0.0,,,
88421356067,22-04-05,"팔도 비락수정과, 238ml, 48개",33100.0,43000.0,0.0,0.0,0.0,,,
88421356140,31-16,"파워에이드 마운틴 블라스트, 1.5L, 12개",28700.0,37300.0,0.0,0.0,0.0,,,
88421356150,31-13-03,"파워에이드 마운틴 블라스트, 600ml, 20개",30600.0,39800.0,0.0,0.0,0.0,,,
88421356156,31-13-01,"[코카콜라] 파워에이드 340ml x 24캔, 24개",19700.0,25600.0,0.0,0.0,0.0,,,
88421356160,31-13-01,"파워에이드 마운틴블라스트, 340ml, 48개",36700.0,47700.0,0.0,0.0,0.0,,,
88421356163,31-13,"파워에이드 마운틴블라스트, 240ml, 30개",17000.0,22100.0,0.0,0.0,0.0,,,
88421356166,31-13,"파워에이드 마운틴 블리스트, 240ml, 60개",31300.0,40700.0,0.0,0.0,0.0,,,
88567152634,31-16,"코카콜라 파워에이드 마운틴블라스트, 1.5L, 60개",143500.0,171600.0,0.0,0.0,0.0,,,
88421356164,22-04-01,"팔도 비락 식혜, 1.5L, 8개",27500.0,35800.0,0.0,0.0,0.0,,,
88421356167,22-01-04,"팔도 비락식혜, 238ml, 24개",16500.0,21500.0,0.0,0.0,0.0,,,
88421356169,22-01-04,"팔도 비락식혜, 238ml, 72개",43200.0,56200.0,0.0,0.0,0.0,,,
90546661429,,"비락 비락식혜, 1.5L, 24개",82500.0,104400.0,0.0,0.0,0.0,,,
88421356217,22-13,"팔도 귀여운내친구 뽀로로 블루베리맛, 235ml, 24개",22600.0,29400.0,0.0,0.0,0.0,,,
88421356223,22-13,"팔도 귀여운내친구 뽀로로 블루베리맛, 235ml, 48개",42500.0,55300.0,0.0,0.0,0.0,,,
88421356328,22-11-01,"팔도 뽀로로 사과맛 어린이음료 235ml, 24개",22400.0,29100.0,0.0,0.0,0.0,,,
88421356336,22-11-01,"팔도 귀여운내친구 뽀로로 사과맛, 235ml, 48개",41900.0,54500.0,0.0,0.0,0.0,,,
88421356351,22-08,"팔도 밥알없는 비락 식혜, 175ml, 30개",12700.0,16500.0,0.0,0.0,0.0,,,
88421356354,22-08,"팔도 밥알없는 비락식혜, 175ml, 90개",31700.0,41200.0,0.0,0.0,0.0,,,
88575775119,22-08,"팔도 밥알없는 비락식혜, 175ml, 180개",63400.0,77400.0,0.0,0.0,0.0,,,
88421356378,22-05.,"팔도 비락식혜, 500ml, 12개",18500.0,24100.0,0.0,0.0,0.0,,,
88421356421,22-11,"팔도 뽀로로 어린이음료 밀크맛, 235ml, 24개",22400.0,29100.0,0.0,0.0,0.0,,,
88421356425,22-11,"팔도 귀여운내친구 뽀로로 밀크맛, 235ml, 48개",41900.0,54500.0,0.0,0.0,0.0,,,
88421356449,22-10,"팔도 귀여운내친구 뽀로로 딸기맛 페트, 235ml, 24개",22600.0,29400.0,0.0,0.0,0.0,,,
88421356458,22-10,"팔도 귀여운내친구 뽀로로 딸기맛, 235ml, 48개",42500.0,55300.0,0.0,0.0,0.0,,,
88421356554,22-13-01,"팔도 귀여운 내친구 뽀로로, 24개, 235ml",22300.0,29000.0,0.0,0.0,0.0,,,
88421356563,22-13-01,"팔도 귀여운 내친구 뽀로로, 48개, 235ml",41900.0,54500.0,0.0,0.0,0.0,,,
88421356687,27-02,"이프로 부족할때 복숭아 제로, 240ml, 30개",20000.0,26000.0,0.0,0.0,0.0,,,
88421356692,27-02,"롯데 2프로, 240ml, 60개",37300.0,48490.0,0.0,0.0,0.0,,,
88421356737,27-24-01,"게토레이 레몬, 1.5L, 12개",27700.0,35000.0,0.0,0.0,0.0,,,
88421356744,27-24,"제트스카이 롯데칠성음료 게토레이, 600ml, 20개",24800.0,32200.0,0.0,0.0,0.0,,,
88421356753,27-06,"롯데칠성음료 게토레이 레몬 캔, 240ml, 30개",17600.0,22900.0,0.0,0.0,0.0,,,
88421356760,27-06,"롯데칠성 게토레이, 240ml, 60개",32500.0,42300.0,0.0,0.0,0.0,,,
88421356881,54-100,"파워오투 아이스베리, 500ml, 24개",32800.0,42600.0,0.0,0.0,0.0,,,
88421234288,29-06,"초정탄산수 레몬, 500ml, 20개",20500.0,26700.0,0.0,0.0,0.0,,,
88421234294,29-05-01,"초정탄산수, 190ml, 30개",13100.0,15900.0,0.0,0.0,0.0,,,
88421234299,29-05-01,"초정탄산수, 190ml, 90개",32700.0,41300.0,0.0,0.0,0.0,,,
88421234305,29-05,"초정탄산수, 250ml, 30개",17600.0,22900.0,0.0,0.0,0.0,,,
88421234317,29-05,"초정탄산수, 250ml, 60개",32400.0,42100.0,0.0,0.0,0.0,,,
88421234323,29-04,"초정탄산수 플레인, 1.5L, 12개",18700.0,24300.0,0.0,0.0,0.0,,,
88421234370,28-12,"동아오츠카 데미소다 애플, 250ml, 30개",20500.0,26700.0,0.0,0.0,0.0,,,
88421234372,28-12,"데미소다 애플, 250ml, 60개",38200.0,49700.0,0.0,0.0,0.0,,,
88421234384,28-09,"오란씨 오렌지 탄산음료, 1.5L, 12개",20200.0,26300.0,0.0,0.0,0.0,,,
88421234415,28-20-01,"오란씨 오렌지 탄산음료, 30개, 250ml",16900.0,22000.0,0.0,0.0,0.0,,,
88421234417,28-20-01,"오란씨 오렌지 탄산음료, 60개, 250ml",31000.0,40300.0,0.0,0.0,0.0,,,
88421234428,25-50-06,"진로토닉워터, 600ml, 20개",26600.0,34200.0,0.0,0.0,0.0,,,
88421234436,25-50-04,"하이트진로 진로믹서 토닉워터, 250ml, 30개",20200.0,25100.0,0.0,0.0,0.0,,,
88421234444,25-50-04,"진로토닉워터 하이트진로, 250ml, 60개",37200.0,47500.0,0.0,0.0,0.0,,,
88421234474,28-18,"데미소다 레몬, 250ml, 30개",20400.0,26500.0,0.0,0.0,0.0,,,
88421234479,28-18,"데미소다 레몬, 250ml, 60개",38100.0,49500.0,0.0,0.0,0.0,,,
88421234561,25-50-01,"진로토닉워터, 300ml, 24개",21100.0,26300.0,0.0,0.0,0.0,,,
88421234588,25-50-08,"진로토닉워터 얼그레이홍차 제로칼로리, 300ml, 24개",20500.0,26700.0,0.0,0.0,0.0,,,
88421234614,25-50-07,"진로토닉워터 제로, 300ml, 24개",20500.0,26700.0,0.0,0.0,0.0,,,
88421234622,25-50-07,"진로토닉워터 제로, 300ml, 48개",38200.0,49700.0,0.0,0.0,0.0,,,
88421234817,25-50-02,"진로토닉워터 하이트진로 깔라만시, 300ml, 24개",20000.0,26000.0,0.0,0.0,0.0,,,
88421234842,29-24,"천연사이다, 1.5L, 12개",19700.0,25600.0,0.0,0.0,0.0,,,
88421234866,28-20,"오란씨 파인애플, 250ml, 30개",17000.0,22100.0,0.0,0.0,0.0,,,
88421234869,28-20,"오란씨 파인애플, 250ml, 60개",31200.0,40600.0,0.0,0.0,0.0,,,
88421234909,29-07-01,"일화 탑씨 포도, 1.5L, 12개",16900.0,19400.0,0.0,0.0,0.0,,,
88421234951,29-08,"탑씨 파인애플향 탄산음료, 12개, 1.5L",17000.0,19500.0,0.0,0.0,0.0,,,
88577375759,29-08,"탑씨 파인애플향 탄산음료, 36개, 1.5L",47000.0,57600.0,0.0,0.0,0.0,,,
88421234993,31-23,"킨사이다 스프라이트 업소용, 1.5L, 12개",17500.0,22600.0,0.0,0.0,0.0,,,
88421235045,29-08-01,"탑씨 콜라 1.5L 12개입, 12개",16900.0,19400.0,0.0,0.0,0.0,,,
88420805479,32-18-01,"갈아만든배, 340ml, 24개",20100.0,26100.0,0.0,0.0,0.0,,,
88420805486,32-18,"갈아만든배, 238ml, 24개",18200.0,23700.0,0.0,0.0,0.0,,,
88420804799,26-04-02,"가야농장 토마토 주스, 500ml, 20개",30300.0,39400.0,0.0,0.0,0.0,,,
88420804838,32-01-02,"해태htb 포도봉봉, 340ml, 24개",19300.0,25100.0,0.0,0.0,0.0,,,
88420804885,23-31,"자연은 포도 100 주스, 1.5L, 12개",37400.0,48600.0,0.0,0.0,0.0,,,
88420804922,23-16,"자연은 고칼슘 오렌지주스, 180ml, 30개",14100.0,18300.0,0.0,0.0,0.0,,,
88420805704,32-01-03,"해태htb 복숭아 봉봉, 340ml, 24개",20000.0,26000.0,0.0,0.0,0.0,,,
88420805729,32-19-06,"코코팜 망고코넛, 340ml, 24개",19200.0,25000.0,0.0,0.0,0.0,,,
88420805743,32-19-04,"코코팜 화이트 요구르트, 340ml, 24개",19300.0,25100.0,0.0,0.0,0.0,,,
88420805750,32-21,"코코팜 화이트 요구르트, 240ml, 30개",20900.0,27200.0,0.0,0.0,0.0,,,
90587102699,,"해태 코코팜 화이트, 340ml, 96개",77200.0,93600.0,0.0,0.0,0.0,,,
88420805882,32-19-02,"코코팜 피치핑크 복숭아, 340ml, 24개",19300.0,25100.0,0.0,0.0,0.0,,,
88420805893,32-19-01,"코코팜 피치핑크 복숭아, 240ml, 30개",21200.0,27600.0,0.0,0.0,0.0,,,
88420805981,35-08,"대일 미니캔 참맑은벌꿀음료 175ml, 30개",13000.0,16900.0,0.0,0.0,0.0,,,
88420806039,35-27-01,"대일-참맑은매실175ml(30캔), 30개, 175ml",12500.0,16300.0,0.0,0.0,0.0,,,
88420806065,35-18-05,"참맑은 토마토 175ml 30캔, 30개",12500.0,16300.0,0.0,0.0,0.0,,,
88420806139,35-27-02,"참맑은 비타엔, 30개, 175ml",12500.0,16300.0,0.0,0.0,0.0,,,
88420806167,35-16,"참맑은 참대추 캔 175ml x 30캔, 30개",12700.0,16500.0,0.0,0.0,0.0,,,
88420212761,20-13-01,"피크닉 청포도, 200ml, 24개",13300.0,17300.0,0.0,0.0,0.0,,,
88420212770,20-13-01,"피크닉 청포도, 200ml, 72개",33600.0,43700.0,0.0,0.0,0.0,,,
88572889994,20-13-01,"피크닉 청포도, 200ml, 120개",66500.0,73450.0,0.0,0.0,0.0,,,
88576520560,20-13-01,"매일유업 피크닉 청포도, 200ml, 216개",100800.0,650000.0,0.0,0.0,0.0,,,
88576520491,20-13-01,"매일유업 피크닉 청포도, 200ml, 432개",201600.0,214500.0,0.0,0.0,0.0,,,
88420212803,21-003,"남양과수원 사과주스, 190ml, 24개",10600.0,13780.0,0.0,0.0,0.0,,,
88420212811,21-003,"남양과수원 사과주스, 190ml, 72개",25500.0,33150.0,0.0,0.0,0.0,,,
88420212875,21-003-02,"남양과수원 청포도, 190ml, 24개",10600.0,13780.0,0.0,0.0,0.0,,,
88420212880,21-003-02,"남양과수원 청포도, 190ml, 72개",25500.0,33150.0,0.0,0.0,0.0,,,
88420212904,27-20-03,"델몬트 망고 주스, 6개, 1.5L",22200.0,28900.0,0.0,0.0,0.0,,,
88420212967,21-003-01,"남양과수원 복숭아, 190ml, 24개",10600.0,13780.0,0.0,0.0,0.0,,,
88420212976,21-003-01,"남양과수원 복숭아, 190ml, 72개",25500.0,33150.0,0.0,0.0,0.0,,,
88420213059,24-49-01,"카프리썬 오렌지망고, 200ml, 10개",8600.0,11180.0,0.0,0.0,0.0,,,
88420213068,24-49-01,"카프리썬 오렌지망고, 200ml, 40개",24500.0,31850.0,0.0,0.0,0.0,,,
88420213131,26-04,"가야농장 자연은 토마토, 1.5L, 12개",32700.0,42500.0,0.0,0.0,0.0,,,
88420213267,12-18-11,"동원 마시는유산균 쿨피스 복숭아맛, 350ml, 24개",16900.0,22000.0,0.0,0.0,0.0,,,
88420213279,12-18-11,"동원 마시는유산균 쿨피스 복숭아맛, 350ml, 48개",31100.0,40400.0,0.0,0.0,0.0,,,
88420213296,12-11-01,"동원 쿨피스 제로 복숭아, 230ml, 30개",16300.0,21200.0,0.0,0.0,0.0,,,
88420213317,12-11-01,"동원 마시는유산균 쿨피스 복숭아맛, 230ml, 60개",29900.0,38900.0,0.0,0.0,0.0,,,
88420213354,24-02,"제티 초코렛맛, 175ml, 30개",18100.0,23500.0,0.0,0.0,0.0,,,
88420213365,24-02,"제티 초코렛맛 드링크, 175ml, 90개",48000.0,62400.0,0.0,0.0,0.0,,,
88420213436,17-12,"스위티오 파인애플주스, 1L, 12개",49900.0,56540.0,0.0,0.0,0.0,,,
88420213516,23-19-01,"초록매실, 180ml, 90개",34000.0,44200.0,0.0,0.0,0.0,,,
88420213640,20-14-02,"광동 비타500캔 240ml x 30캔 비타민음료, 30개",20000.0,26000.0,0.0,0.0,0.0,,,
88420213647,20-14-02,"비타500F 음료, 240ml, 60개",37200.0,48400.0,0.0,0.0,0.0,,,
90029456614,,"광동 비타500, 240ml, 120개",74400.0,101660.0,0.0,0.0,0.0,,,
90029456584,,"광동 비타500, 240ml, 180개",111600.0,152490.0,0.0,0.0,0.0,,,
88420213677,12-01-04,"동원보성홍차 아이스티 제로 복숭아, 500ml, 24개",21800.0,28300.0,0.0,0.0,0.0,,,
88420213777,20-13,"매일유업 피크닉 사과, 200ml, 24개",13300.0,17300.0,0.0,0.0,0.0,,,
88420213788,20-13,"매일유업 피크닉 사과맛, 200ml, 96개",43200.0,56200.0,0.0,0.0,0.0,,,
88420213974,24-49,"농심 카프리썬 오렌지, 200ml, 10개",8600.0,11180.0,0.0,0.0,0.0,,,
88420213981,24-49,"농심 카프리썬 오렌지, 200ml, 40개",24500.0,31850.0,0.0,0.0,0.0,,,
88420213988,27-20-01,"델몬트 오렌지100 주스, 1.5L, 6개",22500.0,29300.0,0.0,0.0,0.0,,,
88571894026,27-20-01,"델몬트 오렌지100 주스, 1.5L, 12개",45000.0,53560.0,0.0,0.0,0.0,,,
88420214042,24-49-02,"원하프카프리썬(사파리)200mlx10ea/농심총알배송, 200ml, 10개",8600.0,11180.0,0.0,0.0,0.0,,,
88420214051,24-49-02,"카프리썬 사파리, 200ml, 40개",24500.0,31850.0,0.0,0.0,0.0,,,
88420214085,24-49-04,"원하프카프리썬(사과)200mlx10/농심총알배송, 200ml, 10개",8600.0,11180.0,0.0,0.0,0.0,,,
88420214090,24-49-04,"카프리썬 사과, 200ml, 40개",24500.0,31850.0,0.0,0.0,0.0,,,
88419996853,31-10,"조지아 오리지널, 240ml, 30개",19800.0,25700.0,0.0,0.0,0.0,,,
88419996864,31-10,"조지아 오리지널, 240ml, 60개",37000.0,48100.0,0.0,0.0,0.0,,,
88419996875,27-64,"조지아 오리지널 커피, 175ml, 30개",14500.0,18000.0,0.0,0.0,0.0,,,
88419996888,27-64,"조지아 오리지널 커피, 175ml, 90개",37000.0,44800.0,0.0,0.0,0.0,,,
88419997108,31-40,"조지아 카페라떼 커피, 240ml, 30개",21600.0,28100.0,0.0,0.0,0.0,,,
88419997115,31-40,"조지아 카페라떼 커피, 240ml, 60개",40500.0,52700.0,0.0,0.0,0.0,,,
88419951983,27-07,"롯데칠성 레쓰비, 175ml, 30개",14700.0,19100.0,0.0,0.0,0.0,,,
88419951994,27-07,"레쓰비 마일드 커피, 175ml, 90개",37800.0,49100.0,0.0,0.0,0.0,,,
88419952394,80-08,"칸타타 콜드브루블랙 275ml x (24캔), 24개",39200.0,51000.0,0.0,0.0,0.0,,,
88419952403,80-08,"칸타타 콜드브루 블랙, 275ml, 48개",75800.0,98500.0,0.0,0.0,0.0,,,
88419952378,27-44-01,"칸타타 아메리카노, 175ml, 30개",26400.0,34300.0,0.0,0.0,0.0,,,
88419952391,27-44-01,"칸타타 스위트 아메리카노, 175ml, 90개",72900.0,94800.0,0.0,0.0,0.0,,,
88419952470,27-44,"칸타타 프리미엄 라떼, 175ml, 30개",26500.0,34450.0,0.0,0.0,0.0,,,
88419952478,27-44,"칸타타 프리미엄 라떼, 175ml, 90개",73200.0,95160.0,0.0,0.0,0.0,,,
88419952626,27-07-02,"롯데칠성 레쓰비, 175ml, 30개",13700.0,17800.0,0.0,0.0,0.0,,,
88419952655,27-07-02,"마셔몰 레쓰비 마일드 캔커피 업소용 175mlx30캔+30캔+30캔 (총90캔), 90개, 175ml",35000.0,45500.0,0.0,0.0,0.0,,,
88581513859,27-07-02,"마셔몰 레쓰비 마일드 캔커피 업소용 175mlx30캔+30캔+30캔 (총90캔), 90개, 175ml",70000.0,97760.0,0.0,0.0,0.0,,,
88581921028,27-07-02,"마셔몰 레쓰비 마일드 캔커피 업소용 175mlx30캔+30캔+30캔 (총90캔), 90개, 175ml",41100.0,57330.0,0.0,0.0,0.0,,,
88419873318,24-08-02,"티오피 맥심 더 블랙 커피, 200ml, 30개",19800.0,25740.0,0.0,0.0,0.0,,,
88419873325,24-08-02,"티오피 맥심 더 블랙 커피, 200ml, 90개",53000.0,68900.0,0.0,0.0,0.0,,,
88573095951,,"티오피 맥심 더 블랙 커피, 200ml, 60개",39600.0,51480.0,0.0,0.0,0.0,,,
88577457581,,"맥심 티오피 더블랙, 200ml, 270개",159000.0,206700.0,0.0,0.0,0.0,,,
90437143278,24-06-09,"티오피 맥심 더 블랙 커피, 200ml, 36개",29300.0,38100.0,0.0,0.0,0.0,,,
90437143294,24-06-09,"티오피 맥심 더 블랙 커피, 200ml, 72개",55900.0,72700.0,0.0,0.0,0.0,,,
88419731397,25-01,매일유업 마이 카페라떼 마일드 로어슈거 220ml x 10개,16400.0,21300.0,0.0,0.0,0.0,,,
88419731404,25-01,"매일유업 카페라떼 마일드 220ml 40컵, 40개",54700.0,71100.0,0.0,0.0,0.0,,,
88419731513,25-01-01,"매일유업 카페라떼 마일드 로어슈거 220ml 컵커피, 10개",16400.0,21300.0,0.0,0.0,0.0,,,
88419731520,25-01-01,"매일유업 카페라떼 로어슈거 220ml 40컵, 40개",54700.0,71100.0,0.0,0.0,0.0,,,
88419731476,25-02,"매일카페라떼 매일 마이 카페라떼 카라멜 마끼아또, 220ml, 10개",15200.0,19800.0,0.0,0.0,0.0,,,
88419731479,25-02,"매일유업 마이 카페라떼 카라멜 마끼아또 20컵[2BOX] 컵 커피, 220ml, 40개",50600.0,65800.0,0.0,0.0,0.0,,,
88575548564,25-02,"매일카페라떼 매일 마이 카페라떼 카라멜 마끼아또, 220ml, 50개",76000.0,88400.0,0.0,0.0,0.0,,,
88410584349,27-15-02,"펩시 콜라, 190ml, 30개",16800.0,21800.0,0.0,0.0,0.0,,,
88410584357,27-15-02,"펩시 콜라, 190ml, 90개",44200.0,57500.0,0.0,0.0,0.0,,,
88410584366,27-15,"펩시 콜라, 250ml, 30개",24100.0,31300.0,0.0,0.0,0.0,,,
88410584374,27-15,"펩시 펩시콜라, 250ml, 60개",45400.0,59000.0,0.0,0.0,0.0,,,
88410584426,29-03,"맥콜, 500ml, 20개",24500.0,29500.0,0.0,0.0,0.0,,,
88410584436,29-01-03,"맥콜 캔, 350ml, 24개",16400.0,21300.0,0.0,0.0,0.0,,,
88410584442,29-01-03,"일화 맥콜, 350ml, 48개",30100.0,39100.0,0.0,0.0,0.0,,,
88410584452,29-01,"맥콜, 250ml, 30개",19600.0,25500.0,0.0,0.0,0.0,,,
88410584459,29-01,"맥콜, 250ml, 60개",36500.0,47500.0,0.0,0.0,0.0,,,
88410584606,27-04-03,"밀키스, 1.5L, 12개",24700.0,32110.0,0.0,0.0,0.0,,,
88410584615,27-04-02,"밀키스 랜덤발송, 500ml, 20개",24900.0,32370.0,0.0,0.0,0.0,,,
88410584623,27-04-01,"밀키스 탄산음료, 340ml, 24개",18300.0,23790.0,0.0,0.0,0.0,,,
88410584632,27-04-01,"밀키스, 340ml, 48개",33900.0,44070.0,0.0,0.0,0.0,,,
88410584639,27-04,"밀키스 탄산음료, 250ml, 30개",22700.0,29510.0,0.0,0.0,0.0,,,
88410584648,27-04,"밀키스, 250ml, 60개",42600.0,55380.0,0.0,0.0,0.0,,,
88410584735,31-01-04,"코카콜라 캔 업소용, 245ml, 30개",21200.0,27600.0,0.0,0.0,0.0,,,
88410584741,31-01-04,"코카콜라 업소용, 245ml, 60개",39700.0,51600.0,0.0,0.0,0.0,,,
88410584749,31-01-01,"코카콜라 오리지널, 190ml, 30개",21600.0,27900.0,0.0,0.0,0.0,,,
88410584754,31-01-01,"코카콜라 오리지널, 190ml, 90개",58400.0,73400.0,0.0,0.0,0.0,,,
88410584935,24-05,"웰치스 포도맛, 355ml, 24개",21000.0,27300.0,0.0,0.0,0.0,,,
88410584940,24-05,"웰치스 제로 그레이프맛, 355ml, 48개",39200.0,51000.0,0.0,0.0,0.0,,,
88410585091,31-03-06,"몬스터 에너지 드링크 파이프라인 펀치, 355ml, 24개",38900.0,50600.0,0.0,0.0,0.0,,,
88410585100,31-03-06,"코카-몬스터파이프라인펀치355ml(24캔) x2, 355ml, 48개",74700.0,97600.0,0.0,0.0,0.0,,,
88410585126,27-26-01,"롯데칠성 펩시콜라(업소용), 1.25L, 12개",17600.0,22900.0,0.0,0.0,0.0,,,
88577237665,27-26-01,"롯데 펩시콜라 업소용 1.25L x 36PET, 36개",52800.0,64740.0,0.0,0.0,0.0,,,
88577237631,27-26-01,"펩시 펩시콜라 업소용, 1.25L, 60개",88000.0,107900.0,0.0,0.0,0.0,,,
88410585143,31-11,"캐나다드라이 토닉워터, 250ml, 30개",20300.0,26400.0,0.0,0.0,0.0,,,
88410585148,31-11,"캐나다드라이 토닉워터, 250ml, 60개",37800.0,49100.0,0.0,0.0,0.0,,,
88410585168,27-11,"펩시 콜라 (업소용), 500ml, 20개",17600.0,22900.0,0.0,0.0,0.0,,,
88410585259,31-04-02,"코카콜라 업소용, 500ml, 24개",23300.0,29700.0,0.0,0.0,0.0,,,
88410585278,27-26,"펩시 콜라, 1.5L, 12개",29400.0,38200.0,0.0,0.0,0.0,,,
88410585352,27-014,"핫식스 에너지 음료, 355ml, 24개",25200.0,32800.0,0.0,0.0,0.0,,,
88410585357,27-014,"롯데칠성 핫식스, 355ml, 48개",47800.0,62100.0,0.0,0.0,0.0,,,
88410585362,27-01-02,"롯데칠성 핫식스 HOT6 250ml (30캔), 30개",23300.0,30300.0,0.0,0.0,0.0,,,
88410585369,27-01-02,롯데칠성 핫식스 250ml x 60개,43900.0,57100.0,0.0,0.0,0.0,,,
88410585397,31-03,"코카콜라, 355ml, 24개",25200.0,32800.0,0.0,0.0,0.0,,,
88410585403,31-03,"코카콜라 업소용, 355ml, 48개",47200.0,61400.0,0.0,0.0,0.0,,,
88410585412,31-01-05,"코카콜라 오리지널, 250ml, 30개",33300.0,42300.0,0.0,0.0,0.0,,,
88410585419,31-01-05,"코카콜라, 250ml, 60개",63400.0,76400.0,0.0,0.0,0.0,,,
88410585532,31-03-08,"몬스터에너지 드링크 제로 슈거, 355ml, 24개",38900.0,50600.0,0.0,0.0,0.0,,,
88410585539,31-03-08,"코카-몬스터에너지제로슈거355ml(24캔) x2, 355ml, 48개",75100.0,97600.0,0.0,0.0,0.0,,,
88410585579,31-03-05,"코카콜라, 355ml, 24개",23400.0,29000.0,0.0,0.0,0.0,,,
88410585588,31-03-05,"코카콜라 업소용, 355ml, 48개",43500.0,53200.0,0.0,0.0,0.0,,,
88410585613,31-28,"코카콜라 제로, 500ml, 24개",44600.0,58000.0,0.0,0.0,0.0,,,
88410585679,29-19,"일화 맥콜(특수경로용) 190ml, 30개",14500.0,18900.0,0.0,0.0,0.0,,,
88410585683,29-19,"맥콜, 190ml, 90개",37200.0,48400.0,0.0,0.0,0.0,,,
88410585738,31-22-02,"코카콜라 업소용 제로, 24개, 355ml",23400.0,29900.0,0.0,0.0,0.0,,,
88410585748,31-22-02,"코카콜라 업소용 제로, 48개, 355ml",43500.0,56500.0,0.0,0.0,0.0,,,
88410585785,31-17-01,"스프라이트 사이다, 250ml, 30개",23600.0,30200.0,0.0,0.0,0.0,,,
88410585795,31-17-01,"스프라이트 사이다, 250ml, 60개",43900.0,55300.0,0.0,0.0,0.0,,,
88410585804,31-17,"스프라이트, 355ml, 24개",19700.0,23800.0,0.0,0.0,0.0,,,
88410585811,31-17,"스프라이트 355ML 총 48캔, 48개",36200.0,45900.0,0.0,0.0,0.0,,,
88410585868,27-37,"펩시 콜라 제로슈가 라임향, 355ml, 24개",19500.0,25400.0,0.0,0.0,0.0,,,
88410585875,27-37,"펩시 제로슈거 라임향, 355ml, 48개",36300.0,47200.0,0.0,0.0,0.0,,,
88410585897,28-24-07,"나랑드사이다제로500ml, 500ml, 24개",22800.0,29600.0,0.0,0.0,0.0,,,
88410585959,28-24-06,"나랑드사이다 제로 파인애플, 245ml, 30개",16700.0,21700.0,0.0,0.0,0.0,,,
88410585963,28-24-06,"나랑드사이다 제로 파인애플, 245ml, 60개",30600.0,39800.0,0.0,0.0,0.0,,,
88410585970,31-44-02,"환타 포도향 탄산음료, 12개, 1.5L",28200.0,36700.0,0.0,0.0,0.0,,,
88410585996,27-36,"펩시 콜라 제로슈가 라임향, 355ml, 24개",19100.0,24800.0,0.0,0.0,0.0,,,
88410586004,27-36,"펩시 펩시콜라 제로 라임 업소용, 355ml, 48개",35400.0,46000.0,0.0,0.0,0.0,,,
88410586044,31-03-07,"몬스터에너지 드링크 망고 로코, 355ml, 24개",38900.0,50600.0,0.0,0.0,0.0,,,
88410586049,31-03-07,"몬스터에너지 드링크 망고 로코, 355ml, 48개",74420.0,97600.0,0.0,0.0,0.0,,,
88410586068,31-09-06,"스프라이트 PET 업소용, 500ml, 24개",20400.0,25400.0,0.0,0.0,0.0,,,
88410586070,31-09-01,"스프라이트 PET 업소용, 1.5L, 12개",18800.0,23900.0,0.0,0.0,0.0,,,
88410586125,31-03-02,"몬스터에너지 그린, 355ml, 24개",38900.0,50600.0,0.0,0.0,0.0,,,
88410586132,31-03-02,"코카콜라 몬스터에너지 드링크, 355ml, 48개",75100.0,97600.0,0.0,0.0,0.0,,,
88410586234,31-03-03,"몬스터에너지 울트라 시트라, 355ml, 24개",37100.0,45100.0,0.0,0.0,0.0,,,
88410586241,31-03-03,"코카콜라 몬스터 에너지 울트라 시트라 음료, 355ml, 48개",70900.0,89400.0,0.0,0.0,0.0,,,
88410586279,31-17-03,"스프라이트 제로 355ml 24캔, 24개",19900.0,24900.0,0.0,0.0,0.0,,,
88410586284,31-17-03,"스프라이트 제로 355ml x 48개(박스안심포장) 제로슈거 탄산음료캔, 48개",36500.0,45500.0,0.0,0.0,0.0,,,
88410586322,31-44,"환타 오렌지 탄산음료, 1.5L, 12개",28500.0,37100.0,0.0,0.0,0.0,,,
88410586330,31-42,"환타 오렌지향, 185ml, 30개",20200.0,26300.0,0.0,0.0,0.0,,,
88410586346,31-42,"환타 오렌지, 185ml, 90개",54200.0,70500.0,0.0,0.0,0.0,,,
88410586372,31-04-01,"코카콜라 업소용, 500ml, 24개",45700.0,59400.0,0.0,0.0,0.0,,,
88410586413,31-44-01,"환타 파인애플 탄산음료, 1.5L, 12개",28600.0,37200.0,0.0,0.0,0.0,,,
88410586435,31-22,"코카콜라 제로, 250ml, 30개",30300.0,39400.0,0.0,0.0,0.0,,,
88410586441,31-22,"코카콜라 제로, 250ml, 60개",57800.0,75100.0,0.0,0.0,0.0,,,
88410586472,31-47-01,"환타 파인애플, 350ml, 24개",20000.0,24700.0,0.0,0.0,0.0,,,
88410586477,31-47-01,"환타 파인애플 탄산음료, 350ml, 48개",36400.0,46000.0,0.0,0.0,0.0,,,
88410586553,31-17-02,"스프라이트 사이다, 190ml, 30개",20100.0,25300.0,0.0,0.0,0.0,,,
88410586560,31-17-02,"스프라이트 사이다, 190ml, 90개",53900.0,68900.0,0.0,0.0,0.0,,,
88410586602,31-44,"환타 오렌지 탄산음료, 1.5L, 12개",28500.0,37100.0,0.0,0.0,0.0,,,
88410586605,31-42-02,"환타 오렌지 탄산음료, 250ml, 60개",43500.0,56600.0,0.0,0.0,0.0,,,
88410586623,31-05-01,"코카콜라 업소용, 1.25L, 12개",22000.0,27900.0,0.0,0.0,0.0,,,
88410586656,31-05,"코카콜라, 1.5L, 12개",40500.0,49700.0,0.0,0.0,0.0,,,
88570215875,31-05,"코카콜라 페트, 1.5L, 24개",81000.0,96720.0,0.0,0.0,0.0,,,
88410586689,31-55,"캐나다드라이 클럽소다, 250ml, 30개",20200.0,26300.0,0.0,0.0,0.0,,,
88410586695,31-55,"캐나다드라이 클럽소다, 250ml, 60개",37700.0,49000.0,0.0,0.0,0.0,,,
88410586719,31-29,"캐나다드라이 진저에일 토닉, 250ml, 30개",20500.0,26700.0,0.0,0.0,0.0,,,
88410586730,31-29,"캐나다드라이 진저에일 토닉, 250ml, 60개",38200.0,49700.0,0.0,0.0,0.0,,,
88410586782,31-42-04,코카콜라 환타 파인애플향 250ml 30개,23100.0,30000.0,0.0,0.0,0.0,,,
88410586809,31-42-04,"환타 파인애플 탄산음료, 250ml, 60개",43500.0,56600.0,0.0,0.0,0.0,,,
88410586940,31-47,"환타 업소용 오렌지, 환타 제로 오렌지 355ml, 24개, 355ml",20000.0,26000.0,0.0,0.0,0.0,,,
88410586957,31-47,"환타 업소용 오렌지, 350ml",37200.0,48400.0,0.0,0.0,0.0,,,
88410586894,31-45,"환타 오렌지 탄산음료, 600ml, 24개",36600.0,47600.0,0.0,0.0,0.0,,,
88410587015,31-47-06,"암바사 by 환타, 250ml, 30개",22300.0,29000.0,0.0,0.0,0.0,,,
88410587024,31-47-06,"코카콜라 암바사, 250ml, 60개",41800.0,54300.0,0.0,0.0,0.0,,,
88409952970,11-28-02,"양반 밤단팥죽, 285g, 24개",44400.0,57700.0,0.0,0.0,0.0,,,
88409952974,11-28,"동원 양반 쇠고기죽, 285g, 24개",44900.0,58400.0,0.0,0.0,0.0,,,
88409953030,11-27,동원 양반 야채 즉석 간편 용기죽 285g 24개,43100.0,56000.0,0.0,0.0,0.0,,,
88409953097,11-23,"동원 양반 전통잣죽, 24개, 285g",46900.0,61000.0,0.0,0.0,0.0,,,
88409953072,11-22,동원 양반 전복 즉석 간편 용기죽 285g 24개,47700.0,62000.0,0.0,0.0,0.0,,,
88409516193,46-04-01,"동표 을지로골뱅이, 24개, 230g",139760.0,173000.0,0.0,0.0,0.0,,,
88409516197,46-04-02,"동표 을지로골뱅이, 48개, 140g",194360.0,240600.0,0.0,0.0,0.0,,,
88409516200,GB230G6EA-46-04-01,"동표 을지로골뱅이, 6개, 230g",39900.0,49400.0,0.0,0.0,0.0,,,
88409516202,GB140G12EA-46-04-02,"동표 을지로골뱅이, 12개, 140g",52400.0,64900.0,0.0,0.0,0.0,,,
88409516218,10-01,"유동 골뱅이 통조림, 230g, 24개",160230.0,198400.0,0.0,0.0,0.0,,,
88409516222,10-02,유동 자연산골뱅이,203280.0,251700.0,0.0,0.0,0.0,,,
88409516226,10-00,"유동 자연산 골뱅이 통조림, 400g, 24개",251270.0,311100.0,0.0,0.0,0.0,,,
88409516232,10-00-02,"[유동] 자연산골뱅이, 300g, 24개",194360.0,240600.0,0.0,0.0,0.0,,,
88409516240,GB230G6EA-10-01,"[유동] 자연산골뱅이, 230g, 6개",41270.0,51100.0,0.0,0.0,0.0,,,
88409516246,GB140G12EA-10-02,"유동 골뱅이(소) 140g(자연산), 140g, 12개",53660.0,66400.0,0.0,0.0,0.0,,,
88409516250,FH6-10-00,"유동 자연산골뱅이 400g (6캔), 6개",67200.0,83200.0,0.0,0.0,0.0,,,
88409516254,GB300G6EA-10-00-02,"유동 자연산 골뱅이 300g 묶음할인행사 무침회, 6개",52080.0,64500.0,0.0,0.0,0.0,,,
88409516286,10-14,"유동 뚝배기 번데기탕 얼큰한맛, 280g, 24개",46900.0,61000.0,0.0,0.0,0.0,,,
88409516297,GB280G6EA-10-14,"유동 뚝배기 번데기탕 얼큰한맛 통조림, 280g, 6개",15100.0,19600.0,0.0,0.0,0.0,,,
88409516376,10-29,"유동 번데기, 280g, 24개",42200.0,54900.0,0.0,0.0,0.0,,,
88409516382,10-07,"유동 번데기, 130g, 48개",45200.0,58800.0,0.0,0.0,0.0,,,
88409516386,GB280G6EA-10-29,"유동 번데기 통조림, 280g, 6개",13600.0,17700.0,0.0,0.0,0.0,,,
88409516393,GB130G12EA-10-07,"유동 번데기, 130g, 12개",14400.0,18700.0,0.0,0.0,0.0,,,
88409516424,10-14-02,"유동 뚝배기 번데기탕 구수한맛, 280g, 24개",47000.0,61100.0,0.0,0.0,0.0,,,
88409516431,GB280G6EA-10-14-02,"유동 구수한맛 뚝배기 번데기탕, 280g, 6개",14900.0,19400.0,0.0,0.0,0.0,,,
88409328023,11-75-03,"리치스 슬라이스 블랙 올리브, 405g, 24개",72900.0,94800.0,0.0,0.0,0.0,,,
88409328026,11-75-01,"리치스 슬라이스 블랙 올리브, 3kg, 5개",89700.0,116600.0,0.0,0.0,0.0,,,
88409328043,11-74-05,"동서리치스 리치스 파인애플슬라이스, 3kg, 5개",61300.0,79700.0,0.0,0.0,0.0,,,
88409328046,11-74-04,"리치스 슬라이스 파인애플 통조림, 836g, 12개",48400.0,62900.0,0.0,0.0,0.0,,,
88409328050,RC850G6EA-11-74-04,"리치스 파인애플 슬라이스 통조림, 836g, 6개",27700.0,36000.0,0.0,0.0,0.0,,,
88409328059,11-74-03,"동서리치스 리치스 후르츠칵테일, 3kg, 5개",55600.0,72300.0,0.0,0.0,0.0,,,
88409328063,11-74-02,"(주)동서 리치스 트로피칼 후르츠 칵테일, 850g, 12개",40900.0,53200.0,0.0,0.0,0.0,,,
88409328067,RC850G6EA-11-74-02,"리치스 트로피칼 후르츠 칵테일 원터치, 850g, 6개",22700.0,29500.0,0.0,0.0,0.0,,,
88409328152,11-74-01,"리치스 홀 커널 스위트콘, 425g, 24개",26900.0,35000.0,0.0,0.0,0.0,,,
88409328158,11-74,"리치스 홀 커널 스위트 콘, 2.95kg, 5개",26300.0,34200.0,0.0,0.0,0.0,,,
88408300575,10-08-02,"유동 황도 슬라이스, 400g, 24개",32800.0,42600.0,0.0,0.0,0.0,,,
88408300583,FH6-10-08-02,"유동 황도 슬라이스 통조림, 400g, 6개",11800.0,15300.0,0.0,0.0,0.0,,,
88566511744,10-08-02,"유동 황도슬라이스, 400g, 48개",70800.0,92040.0,0.0,0.0,0.0,,,
88408300610,18-02,"삼아 베이크드빈스 400g x24캔 / 부대 찌개 강낭콩 햄, 24개",32300.0,41990.0,0.0,0.0,0.0,,,
88408300636,14-04,"펭귄 백도 400g, 24개",43700.0,56800.0,0.0,0.0,0.0,,,
88408300680,18-01,"삼아 완두콩 통조림, 400g, 24개",29000.0,37700.0,0.0,0.0,0.0,,,
88408300733,14-10,"펭귄 황도 슬라이스, 400g, 24개",37400.0,48600.0,0.0,0.0,0.0,,,
88408300738,FH6-14-10,"펭귄 황도 슬라이스 통조림, 400g, 6개",12600.0,16400.0,0.0,0.0,0.0,,,
88408300777,14-13-01,강구나루 HC 황도 슬라이스,36800.0,47840.0,0.0,0.0,0.0,,,
88408300782,FH6-14-13-01,삼아씨에프 황도 슬라이스 400g,12100.0,15730.0,0.0,0.0,0.0,,,
88408300811,14-03.,"펭귄 황도 신형, 400g, 24개",43400.0,56400.0,0.0,0.0,0.0,,,
88408178633,15-87-04,"백설 요리 올리고당, 1.2kg x 9개, 9개",34700.0,45100.0,0.0,0.0,0.0,,,
88408178653,SS1P2KG3EA-15-87-04,"백설 요리 올리고당, 1.2kg, 3개",14200.0,18500.0,0.0,0.0,0.0,,,
88398496374,10-04,"유동 꽁치 통조림, 400g, 24개",76800.0,99800.0,0.0,0.0,0.0,,,
88398496388,FH6-10-04,"유동 꽁치 통조림, 400g, 6개",22600.0,29400.0,0.0,0.0,0.0,,,
88398496520,14-02-02,"펭귄 고등어 통조림, 400g, 24개",71400.0,92800.0,0.0,0.0,0.0,,,
88398496538,FH6-14-02-02,"펭귄 고등어 통조림, 400g, 6개",21300.0,27700.0,0.0,0.0,0.0,,,
88398496680,14-01,"펭귄 꽁치보일드 통조림, 400g, 24개",95200.0,123800.0,0.0,0.0,0.0,,,
88398496693,FH6-14-01,"펭귄 한마리 꽁치, 400g, 6개",27200.0,35400.0,0.0,0.0,0.0,,,
88398496804,14-12,"강구나루 HC 꽁치, 24개, 400g",73600.0,95680.0,0.0,0.0,0.0,,,
88398496819,FH6-14-12,"강구나루 꽁치통조림, 400g, 6개",21800.0,28340.0,0.0,0.0,0.0,,,
88398398323,39-91,"오뚜기 진라면 매운맛 120g, 40개",28800.0,37400.0,0.0,0.0,0.0,,,
88398398331,RAM5EA-39-91,"오뚜기 진라면 매운맛 120g, 5개",7100.0,9200.0,0.0,0.0,0.0,,,
88398398411,54-21,"팔도 비빔면, 40개",41300.0,53700.0,0.0,0.0,0.0,,,
88398398420,RAM5EA-54-21,"대한민국 봉지라면 [팔도] 비빔면, 5개",25600.0,10400.0,0.0,0.0,0.0,,,
88398398446,54-01,"신라면 120g, 40개",35800.0,46500.0,0.0,0.0,0.0,,,
88398398451,RAM5EA-54-01,"신라면 120g, 5개",8200.0,10700.0,0.0,0.0,0.0,,,
88398398491,54-10,"삼양라면 120g, 40개",28600.0,37200.0,0.0,0.0,0.0,,,
88398398502,RAM5EA-54-10,"삼양라면 120g, 5개",7000.0,9100.0,0.0,0.0,0.0,,,
88398398541,54-21-03,"팔도비빔면 컵 115g, 16개",22500.0,29300.0,0.0,0.0,0.0,,,
88397918704,24-12-10,"맥심 모카골드 마일드 커피믹스 200T x 4개, 12g, 200개입",129300.0,168100.0,0.0,0.0,0.0,,,
88397918712,24-15-03,동서식품 맥심 모카골드 마일드 12g x 230개입 4개,118500.0,154100.0,0.0,0.0,0.0,,,
88397918720,CMN200T1EA-24-12-10,"맥심 모카골드 마일드 커피믹스, 12g, 200개입, 1박스",35800.0,46500.0,0.0,0.0,0.0,,,
88397918724,24-15-03,"맥심 모카골드 마일드 커피믹스, 12g, 230개입, 1박스",32300.0,42000.0,0.0,0.0,0.0,,,
88397918762,21-108-05,"루카스나인 더블샷 라떼 커피믹스, 14.9g, 30개입, 4개",48800.0,63400.0,0.0,0.0,0.0,,,
88397918771,CMR30T1EA-21-108-05,"루카스나인 더블샷 라떼 커피믹스, 14.9g, 30개입, 1개",15000.0,19500.0,0.0,0.0,0.0,,,
88397918840,21-108-110-11,"프렌치카페 카페믹스 160T(140+20) x 4개 ., 10.9g, 160개입",93700.0,113800.0,0.0,0.0,0.0,,,
88397918847,21-108-110-13,"남양 프렌치카페 커피믹스, 11.1g, 100개입, 2개",119700.0,153800.0,0.0,0.0,0.0,,,
88397918907,21-108-02,"루카스나인 시그니처 바닐라라떼 커피믹스, 16.9g, 30개입, 4개",49000.0,63700.0,0.0,0.0,0.0,,,
88397918920,CMR30T1EA-21-108-02,"루카스나인 시그니처 바닐라라떼 커피믹스, 16.9g, 30개입, 1개",15000.0,19500.0,0.0,0.0,0.0,,,
88397420223,15-40-03,"백설 갈색설탕, 1kg, 16개",49600.0,64480.0,0.0,0.0,0.0,,,
88397420230,SG1KG4EA-15-40-03,"백설 갈색설탕, 1kg, 4개",15000.0,19500.0,0.0,0.0,0.0,,,
88397110574,01-41,"프링글스 사워크림 앤 어니언, 110g, 12개",25500.0,31500.0,0.0,0.0,0.0,,,
88397110581,01-41,프링글스 사워크림어니언 110g 24개 양파맛 감자칩,47700.0,58400.0,0.0,0.0,0.0,,,
88397110609,16-51-03,"CJ제일제당 동원 친친오리지널 치즈 소시지, 80g, 1개",10000.0,13000.0,0.0,0.0,0.0,,,
88397110615,16-51-03,"CJ제일제당 동원 친친오리지널 치즈 소시지, 80g, 10개",67600.0,87880.0,0.0,0.0,0.0,,,
88397110726,01-40,"프링글스 오리지날, 110g, 12개",25500.0,31000.0,0.0,0.0,0.0,,,
88397110733,01-40,"프링글스 오리지날, 110g, 24개",47700.0,60500.0,0.0,0.0,0.0,,,
88396479030,16-06,"롯데 런천미트, 200g, 24개",40900.0,53200.0,0.0,0.0,0.0,,,
88396479033,16-05,"롯데햄 런천미트, 340g, 24개",57900.0,75300.0,0.0,0.0,0.0,,,
88396479038,SP200G6EA-16-06,"롯데 런천미트, 200g, 6개",13300.0,17300.0,0.0,0.0,0.0,,,
88396479043,SP340G6EA-16-05,"롯데햄 런천미트, 340g, 6개",17600.0,22900.0,0.0,0.0,0.0,,,
88396423546,08-32-02,"백설 카놀라유, 900ml, 12개",52600.0,68380.0,0.0,0.0,0.0,,,
88396423557,OIL900ML4EA-08-32-02,"백설 카놀라유, 900ml, 4개",21000.0,27300.0,0.0,0.0,0.0,,,
88386990655,01-18,"켈로그 콘푸로스트 시리얼, 600g, 12개",56600.0,68000.0,0.0,0.0,0.0,,,
88386724360,11-40-112,"동원참치 고추 참치, 150g, 12개",29000.0,37700.0,0.0,0.0,0.0,,,
88386724366,11-40-112,동원 고추 참치,106000.0,137800.0,0.0,0.0,0.0,,,
88385059741,39-126-06,"오뚜기 흰밥, 210g, 12개",14500.0,18900.0,0.0,0.0,0.0,,,
88519278439,39-126-06,"오뚜기 맛있는오뚜기밥210g36개/즉석밥/햇반/백미밥, 210g, 36개",37000.0,48100.0,0.0,0.0,0.0,,,
88353489877,35-01,"대일-참맑은옥수수수염차175ml(30캔), 175ml, 30개",11300.0,14700.0,0.0,0.0,0.0,,,
88353489883,35-01,"참맑은 옥수수수염차 175ml 90캔, 90개",27400.0,35600.0,0.0,0.0,0.0,,,
88576818466,35-01,"참맑은 옥수수수염차, 175ml, 120개",40400.0,48000.0,0.0,0.0,0.0,,,
88341454995,51-31,"동원참치선물세트 S12호 참치12캔/친100호 명절선물세트, 6세트",149300.0,194100.0,0.0,0.0,0.0,,,
88341455001,51-31,"동원참치 선물세트 S12호 + 쇼핑백, 1세트",27900.0,36300.0,0.0,0.0,0.0,,,
93563427382,51-31,동원참치 S12호,52200.0,67900.0,0.0,0.0,0.0,,,
93563427379,51-31,동원참치 S12호,76400.0,99300.0,0.0,0.0,0.0,,,
93563427381,51-31,동원참치 S12호,100700.0,130900.0,0.0,0.0,0.0,,,
93563427380,51-31,동원참치 S12호,125000.0,162500.0,0.0,0.0,0.0,,,
88341442737,51-30,"동원참치 선물세트 T12호 + 쇼핑백, 5세트",153500.0,199600.0,0.0,0.0,0.0,,,
88341442796,51-30,"동원참치 T12호 동원 T12호 동원참치 선물세트, 1세트",33600.0,43700.0,0.0,0.0,0.0,,,
93563401057,51-30,"동원 참치 선물세트 T12호 + 쇼핑백, 2세트",63500.0,82600.0,0.0,0.0,0.0,,,
93563401055,51-30,"동원참치 T12호, 3세트",93500.0,121600.0,0.0,0.0,0.0,,,
93563401056,51-30,"동원참치 T12호, 4세트",123500.0,160600.0,0.0,0.0,0.0,,,
88278259419,50-72-01,"동원참치 NS15호, 6세트",179300.0,233100.0,0.0,0.0,0.0,,,
88305516426,50-72-01,"동원참치 NS15호, 1세트",32800.0,42600.0,0.0,0.0,0.0,,,
93563358246,50-72-01,"동원참치 NS15호, 2세트",62100.0,80700.0,0.0,0.0,0.0,,,
93563358248,50-72-01,"동원참치 NS15호, 3세트",91400.0,118800.0,0.0,0.0,0.0,,,
93563358250,50-72-01,"동원참치 NS15호, 4세트",120700.0,156900.0,0.0,0.0,0.0,,,
93563358249,50-72-01,"동원참치 NS15호, 5세트",150000.0,195000.0,0.0,0.0,0.0,,,
88278243500,50-32,리챔 선물세트 G9호 5세트,132100.0,171700.0,0.0,0.0,0.0,,,
88305435157,50-32,"동원 리챔 G9호 선물세트 + 쇼핑백, 1세트",29200.0,38000.0,0.0,0.0,0.0,,,
93563302102,50-32,"2026 참치선물세트 리챔 g9호 햄선물세트, 2세트",55000.0,71500.0,0.0,0.0,0.0,,,
93563302101,50-32,"동원리챔g9호, 3세트",80700.0,104900.0,0.0,0.0,0.0,,,
93563302103,50-32,"동원리챔g9호, 4세트",106400.0,138300.0,0.0,0.0,0.0,,,
88278233207,50-75-02,"튜나리챔77호, 4세트",144100.0,187300.0,0.0,0.0,0.0,,,
88305430475,50-75-02,"튜나리챔77호, 1세트",38700.0,50300.0,0.0,0.0,0.0,,,
93563391772,50-75-02,"튜나리챔77호, 2세트",73800.0,95900.0,0.0,0.0,0.0,,,
93563391773,50-75-02,"튜나리챔77호, 3세트",109000.0,141700.0,0.0,0.0,0.0,,,
88278218645,45-10-01,"스팸3호, 4세트",200300.0,260400.0,0.0,0.0,0.0,,,
88305535824,45-10-01,"스팸3호, 1세트",52700.0,68500.0,0.0,0.0,0.0,,,
93563657359,45-10-01,"스팸 선물세트 3호 + 쇼핑백, 2세트",101900.0,132500.0,0.0,0.0,0.0,,,
93563657360,45-10-01,"스팸 선물세트 3호 + 쇼핑백, 3세트",151100.0,196400.0,0.0,0.0,0.0,,,
88278152821,45-27,"스팸복합2호, 4세트",116000.0,150800.0,0.0,0.0,0.0,,,
88305405819,45-27,"스팸복합2호, 1세트+쇼핑백1세트",32000.0,41600.0,0.0,0.0,0.0,,,
93563264959,45-27,"스팸복합2호 선물세트+쇼핑백, 2세트",60400.0,78500.0,0.0,0.0,0.0,,,
93563264960,45-27,CJ 스팸 복합2호 선물세트 3세트,87900.0,114300.0,0.0,0.0,0.0,,,
88278131792,45-11,"CJ 스팸 복합 1호 선물세트 x 5개 (한박스) (쇼핑백 포함), 5세트",119000.0,154700.0,0.0,0.0,0.0,,,
88305358385,45-11,"CJ 스팸 복합1호 선물세트, 1세트",26600.0,34600.0,0.0,0.0,0.0,,,
93563131585,45-11,"CJ제일제당 스팸복합1호 명절선물세트, 2세트",49700.0,64600.0,0.0,0.0,0.0,,,
93563131584,45-11,"스팸복합1호, 3세트",72800.0,94600.0,0.0,0.0,0.0,,,
93563131583,45-11,CJ 스팸 복합1호 선물세트 4세트,95900.0,124700.0,0.0,0.0,0.0,,,
