관리코드,식품음료,합포수량,최종분류
00-12,식품,1,기타
00-13,식품,1,기타
0000-168-180-01,식품,1,식용유
01-09,식품,1,기타
01-17,선물세트,1,선물세트
01-17-03,선물세트,1,선물세트
01-18,식품,1,씨리얼
01-18-02,식품,1,씨리얼
01-18-03,식품,1,씨리얼
01-18-04,식품,1,씨리얼
01-18-05,식품,1,씨리얼
01-18-06,식품,1,기타
01-19,선물세트,1,선물세트
01-19-02,선물세트,1,선물세트
01-19-04,선물세트,1,선물세트
01-19-06,선물세트,1,선물세트
01-19-10,선물세트,1,선물세트
01-40,식품,2,스낵류
01-41,식품,2,스낵류
01-42,식품,2,스낵류
01-43,식품,2,스낵류
01-47,식품,2,스낵류
01-48,식품,2,스낵류
01-50,음료,1,생수
02-15,식품,1,세탁/세제류
02-16,식품,1,세탁/세제류
02-17.,식품,1,세탁/세제류
02-21,식품,1,세탁/세제류
02-22,식품,1,세탁/세제류
02-23,식품,1,세탁/세제류
03-01,식품,1,세탁/세제류
03-01.,식품,1,세탁/세제류
03-05,식품,1,세탁/세제류
03-05.,식품,1,세탁/세제류
03-17-02,식품,1,면세
03-18-05,식품,1,기타
03-18-07,식품,1,면세
03-18-09,식품,1,면세
03-20,식품,1,면세
03-22-01,식품,1,면세
04-01-01,식품,1,세탁/세제류
07-192-120-01,식품,1,세탁/세제류
07-31,선물세트,1,선물세트
08-01,식품,1,세탁/세제류
08-16,식품,1,기타
08-20,식품,1,식용유
08-20-01,식품,1,식용유
08-20-02,식품,1,식용유
08-20-03,식품,1,식용유
08-20-04,식품,1,식용유
08-20-05,식품,1,식용유
08-25-01,선물세트,1,선물세트
08-28,식품,1,식용유
08-32,식품,1,식용유
08-32-02,식품,1,식용유
08-37-02,식품,1,식용유
08-37-05,식품,1,기타조미료
08-39,식품,1,식용유
08-45,식품,1,기타조미료
08-46,식품,1,기타조미료
08-47,식품,1,세탁/세제류
08-47-01,식품,1,양념장
08-47-02,식품,1,양념장
08-47-03,식품,1,양념장
08-47-04,식품,1,양념장
08-49,식품,1,세탁/세제류
08-52,식품,1,세탁/세제류
08-70,식품,1,면세
08-71,식품,1,면세
09-56-02,식품,1,면세
09-71-02,식품,1,면세
09-74-01,식품,1,면세
09-74-02,식품,1,면세
10-00,식품,1,골뱅이
10-00-02,식품,1,골뱅이
10-01,식품,1,골뱅이
10-02,식품,1,골뱅이
10-04,식품,1,꽁치통조림
10-07,식품,1,번데기
10-08-02,식품,1,과일 통조림
10-13,식품,1,꽁치통조림
10-14,식품,1,번데기
10-14-02,식품,1,번데기
10-15,식품,1,꽁치통조림
10-21,식품,1,기타골뱅이
10-21-02,식품,1,기타골뱅이
10-21-04,식품,1,기타골뱅이
10-29,식품,1,번데기
100-100-01,음료,1,탄산수
100-233-23-22,식품,1,식용유
100-99,음료,3,탄산수
103-15-30-01,식품,1,기타
11-01-02,식품,1,참치캔
11-01-03,식품,1,참치캔
11-01-04,식품,1,참치캔
11-012,식품,1,참치캔
11-02,식품,1,참치캔
11-03,식품,1,참치캔
11-03-05,식품,1,참치캔
11-04,식품,1,참치캔
11-04-05,식품,1,참치캔
11-05,식품,1,참치캔
11-05-00,식품,1,참치캔
11-05-02,식품,1,참치캔
11-05-04,식품,1,참치캔
11-05-07,식품,1,참치캔
11-05-11,식품,1,참치캔
11-05-21,식품,1,참치캔
11-05-71,식품,1,참치캔
11-07,식품,1,참치캔
11-07-02,식품,1,참치캔
11-09,식품,1,참치캔
11-100,식품,1,스팸류
11-107,식품,1,번데기
11-11,식품,1,참치캔
11-11-02,식품,1,참치캔
11-13-02,식품,1,과일 통조림
11-16,식품,1,골뱅이
11-16-02,식품,1,골뱅이
11-17,식품,1,골뱅이
11-17-05,식품,1,골뱅이
11-18,식품,1,과일 통조림
11-19,식품,1,참치캔
11-19-01,식품,1,참치캔
11-20,식품,1,참치캔
11-21,식품,1,참치캔
11-21-02,식품,1,참치캔
11-22,식품,1,3분요리
11-222-08-01,식품,1,과일 통조림
11-23,식품,1,3분요리
11-24,식품,1,3분요리
11-25,식품,1,꽁치통조림
11-26,식품,1,3분요리
11-27,식품,1,3분요리
11-28,식품,1,3분요리
11-28-02,식품,1,3분요리
11-30,식품,1,과일 통조림
11-32,식품,1,과일 통조림
11-38-02,식품,1,꽁치통조림
11-39,식품,1,꽁치통조림
11-39-03,식품,1,꽁치통조림
11-39-05,식품,1,꽁치통조림
11-40,식품,1,참치캔
11-40-001,식품,4,참치캔
11-40-002,식품,1,참치캔
11-40-003,식품,4,참치캔
11-40-06,식품,1,참치캔
11-40-07,식품,1,참치캔
11-40-112,식품,4,참치캔
11-41-04,식품,1,참치캔
11-41-05,식품,1,참치캔
11-44-02,식품,1,스팸류
11-61,식품,1,과일 통조림
11-61-02,식품,1,과일 통조림
11-61-05,식품,1,과일 통조림
11-61-09-01,식품,1,
11-64-01,식품,1,면류
11-70,식품,1,참치캔
11-73,식품,1,과일 통조림
11-74,식품,1,과일 통조림
11-74-01,식품,1,과일 통조림
11-74-02,식품,1,과일 통조림
11-74-03,식품,1,과일 통조림
11-74-04,식품,1,과일 통조림
11-74-05,식품,1,과일 통조림
11-74-07,식품,1,과일 통조림
11-75-01,식품,1,과일 통조림
11-75-02,식품,1,과일 통조림
11-75-03,식품,1,과일 통조림
11-75-04,식품,1,과일 통조림
11-75-05,식품,1,과일 통조림
12-01-01,음료,1,차
12-01-04,음료,1,기타과즙음료
12-01-05,음료,1,기타과즙음료
12-01-10,음료,2,기타과즙음료
12-01-12,음료,1,차
12-01-13,음료,1,차
12-02,음료,1,차
12-04,음료,1,생수
12-04-01,음료,1,생수
12-10,음료,3,기타과즙음료
12-11-01,음료,2,기타과즙음료
12-11-02,음료,2,
12-12,음료,3,차
12-13,음료,3,꿀물
12-14,음료,3,차
12-15,음료,1,식혜류
12-15-01,음료,1,기타과즙음료
12-15-02,음료,1,기타과즙음료
12-16,음료,3,식혜류
12-18-02,음료,2,기타과즙음료
12-18-03,음료,1,기타과즙음료
12-18-11,음료,2,기타과즙음료
12-19,음료,1,기타과즙음료
12-21,식품,1,스팸류
12-21-02,식품,1,스팸류
12-29,음료,2,식혜류
12-30,음료,2,식혜류
12-34,음료,2,기타과즙음료
12-37-02,음료,1,차
12-39,음료,1,탄산수
12-41,음료,4,기타과즙음료
12-41-01,음료,4,기타과즙음료
13-02.,식품,1,과일 통조림
13-73,음료,1,생수
13-73-01,음료,1,생수
13-74,음료,2,생수
13-74-01,음료,1,생수
14-01,식품,1,꽁치통조림
14-01-01,식품,1,꽁치통조림
14-02-02,식품,1,꽁치통조림
14-03.,식품,1,과일 통조림
14-04,식품,1,과일 통조림
14-10,식품,1,과일 통조림
14-12,식품,1,꽁치통조림
14-12-01,식품,1,꽁치통조림
14-13,식품,1,꽁치통조림
14-13-01,식품,1,과일 통조림
14-15,식품,1,번데기
14-25,식품,1,꽁치통조림
14-39,식품,1,선물세트
14-51,음료,1,생수
14-52-01,음료,1,탄산수
14-52-02,음료,1,탄산수
14-52-03,음료,1,탄산수
14-52-04,음료,1,탄산수
14-52-05,음료,1,생수
14-53-01,음료,1,탄산수
14-53-02,음료,1,생수
149-100-04-01,식품,1,기타
15-03,식품,2,스팸류
15-03-03,식품,2,스팸류
15-03-06,식품,1,스팸류
15-03-09,식품,2,스팸류
15-03-10,식품,1,스팸류
15-03-11,식품,1,스팸류
15-03-12,식품,1,스팸류
15-03-13,식품,1,스팸류
15-04,식품,2,스팸류
15-04-01,식품,1,스팸류
15-04-02,식품,2,스팸류
15-04-03,식품,2,스팸류
15-04-09,음료,1,건강 식품
15-04-10,식품,1,꽁치통조림
15-04-11,식품,1,꽁치통조림
15-05,식품,1,스팸류
15-05-01,식품,1,과일 통조림
15-06-04,식품,1,참치캔
15-06-05,식품,1,참치캔
15-06-75,식품,1,참치캔
15-07,식품,1,참치캔
15-07-02,식품,1,참치캔
15-08-05,음료,1,기타과즙음료
15-13-01,식품,1,기타조미료
15-15-02,식품,1,햇반
15-15-04,식품,1,햇반
15-15-06,식품,1,햇반
15-15-07,식품,1,햇반
15-15-08,식품,1,햇반
15-16-01,식품,1,햇반
15-19,식품,1,기타조미료
15-20,식품,1,기타조미료
15-23,식품,1,스팸류
15-40,식품,1,설탕
15-40-03,식품,1,설탕
15-42-02,식품,1,설탕
15-43-03,식품,1,설탕
15-44,식품,1,설탕
15-47,식품,1,설탕
15-47-02,식품,1,설탕
15-60,식품,1,설탕
15-60-02,식품,1,설탕
15-61,식품,1,설탕
15-61-03,식품,1,설탕
15-62,식품,1,설탕
15-63,식품,1,설탕
15-72-180-01,식품,1,식용유
15-82,식품,1,기타조미료
15-83,식품,1,기타조미료
15-86-10-01,식품,1,참치캔
15-87-03,식품,1,기타조미료
15-87-04,식품,1,기타조미료
15-88-10-01,식품,1,기타조미료
16-01,식품,1,스팸류
16-02,식품,1,스팸류
16-05,식품,1,스팸류
16-06,식품,1,스팸류
16-167-150-01,식품,1,기타조미료
16-230-180-01,식품,1,기타조미료
16-24-01,식품,1,선물세트
16-31-02,선물세트,1,선물세트
16-51-03,식품,10,스낵류
16-71,선물세트,1,기타
161-308-02-02,식품,1,양념장
17-01,식품,1,과일 통조림
17-02,식품,1,과일 통조림
17-12,음료,1,기타과즙음료
17-12.,음료,1,기타과즙음료
17-69-30-01,식품,1,과일 통조림
174-314-150-02,식품,1,기타조미료
18-01,식품,1,과일 통조림
18-02,식품,1,과일 통조림
18-09,식품,1,과일 통조림
18-297-10-01,식품,1,기타조미료
18-48-20-01,식품,1,기타
19-01,식품,1,골뱅이
19-02,식품,1,골뱅이
19-17,식품,1,번데기
19-20,식품,1,과일 통조림
19-72-180-01,식품,1,식용유
19-72-180-02,식품,1,식용유
190-15-30-01,식품,1,기타
20-00,식품,1,기타
20-01,음료,2,차
20-01-01,음료,2,차
20-02,음료,1,차
20-02-02,음료,1,차
20-03,음료,1,차
20-03-01,음료,1,차
20-04,음료,0.5,비타박카스
20-04-01,음료,1,비타박카스
20-05,음료,1,비타박카스
20-06,음료,1,비타박카스
20-06-02,음료,1,비타박카스
20-07,음료,2,차
20-07-01,음료,1,기타과즙음료
20-07-02,음료,1,기타과즙음료
20-07-04,음료,2,차류
20-07-05,음료,2,차류
20-08,음료,1,차
20-08-04,음료,1,차
20-09,음료,1,차
20-09-01,음료,1,차
20-10,음료,0.5,비타박카스
20-12,음료,1,병류
20-12-01,음료,1,비타박카스
20-123,음료,1,이온
20-124,음료,1,이온
20-13,음료,3,기타과즙음료
20-13-01,음료,3,기타과즙음료
20-13-02,식품,1,
20-13-03,식품,1,
20-13-04,식품,1,
20-13-05,음료,1,병류
20-14-02,음료,1,기타과즙음료
20-14-03,음료,2,
20-15,음료,3,차
20-18,음료,3,차
20-31,음료,1,차
20-31-01,음료,1,차
20-67,음료,1,홍삼
20-67-01,음료,1,건강 식품
20-90,음료,2,기타과즙음료
20-90-01,음료,2,기타과즙음료
20-90-02,음료,1,기타과즙음료
20-90-05,음료,1,기타과즙음료
20-90-07,음료,1,기타과즙음료
20-90-08,음료,1,기타과즙음료
20-90-09,음료,1,기타과즙음료
20-90-10,음료,1,기타과즙음료
20-90-11,음료,1,기타과즙음료
200-02,식품,1,기타
200-06,음료,1,건강 식품
21-003,음료,3,기타과즙음료
21-003-01,음료,3,기타과즙음료
21-003-02,음료,3,기타과즙음료
21-004,음료,3,기타과즙음료
21-004-01,음료,3,기타과즙음료
21-01,음료,3,커피
21-02,음료,3,커피
21-03-01,음료,4,커피
21-07,음료,2,차
21-08,음료,1,차
21-09,음료,1,차
21-10,음료,1,차
21-100,음료,3,두유
21-101,음료,4,두유
21-101-01,음료,4,두유
21-101-03,음료,1,두유
21-103,음료,1,병류
21-108-01,식품,1,믹스커피류
21-108-02,식품,1,믹스커피류
21-108-05,식품,1,믹스커피류
21-108-110-02,식품,1,믹스커피류
21-108-110-04,음료,1,믹스커피류
21-108-110-06,음료,1,믹스커피류
21-108-110-07,식품,1,믹스커피류
21-108-110-10,식품,1,믹스커피류
21-108-110-11,식품,1,믹스커피류
21-108-110-13,식품,1,믹스커피류
21-114,음료,3,기타과즙음료
21-17-03,음료,3,탄산수
21-24,음료,1,생수
21-33,음료,2,탄산음료
21-34,음료,2,탄산음료
21-35,음료,2,탄산음료
21-91,음료,1,병류
21-91-01,음료,1,꿀물
21-98-02,음료,1,커피
22-01-01,음료,1,식혜류
22-01-04,음료,3,식혜류
22-01-06,음료,2,식혜류
22-02-04,음료,1,식혜류
22-03,음료,3,커피
22-04,음료,1,식혜류
22-04-00,음료,1,식혜류
22-04-01,음료,1,식혜류
22-04-02,음료,1,식혜류
22-04-03,음료,1,식혜류
22-04-05,음료,2,식혜류
22-04-06,음료,1,식혜류
22-05.,음료,1,식혜류
22-06,음료,1,건강 식품
22-07,음료,3,커피
22-08,음료,3,식혜류
22-10,음료,2,기타과즙음료
22-10-14,음료,2,기타과즙음료
22-11,음료,2,기타과즙음료
22-11-01,음료,2,기타과즙음료
22-12,음료,2,기타과즙음료
22-13,음료,2,기타과즙음료
22-13-01,음료,2,기타과즙음료
22-13-04,음료,1,기타과즙음료
22-14-05,음료,1,기타과즙음료
22-14-06,음료,1,기타과즙음료
22-14-07,음료,1,기타과즙음료
22-18-01,식품,1,기타
22-22,식품,1,라면류
22-23-01,식품,1,라면류
22-23-05,식품,1,라면류
22-51,식품,1,라면류
22-51-03,식품,1,라면류
22-51-05,식품,1,라면류
22-56,음료,1,비타박카스
22-57,음료,1,비타박카스
22-68,음료,1,식혜류
23-01,음료,1,기타과즙음료
23-012,음료,2,차
23-05,음료,1,차
23-05-01,음료,1,차
23-07,음료,1,기타과즙음료
23-08,음료,1,기타과즙음료
23-09,음료,1,기타과즙음료
23-10-02,음료,1,
23-101,음료,1,병류
23-11,음료,1,기타과즙음료
23-12,음료,1,병류
23-13,음료,1,기타과즙음료
23-13-02,음료,1,기타과즙음료
23-15,음료,1,기타과즙음료
23-15-01,음료,1,기타과즙음료
23-16,음료,3,기타과즙음료
23-17,음료,1,차
23-18,음료,1,차
23-18-01,음료,3,차
23-19,음료,3,기타과즙음료
23-19-01,음료,1,기타과즙음료
23-19-02,식품,1,
23-20,음료,1,병류
23-22,음료,1,차
23-23,음료,1,기타과즙음료
23-23-01,음료,1,기타과즙음료
23-27,음료,1,병류
23-28,음료,1,기타과즙음료
23-29,음료,1,기타과즙음료
23-30,음료,1,병류
23-31,음료,1,기타과즙음료
23-330,음료,2,병류
23-333,음료,1,기타과즙음료
23-333-01,음료,1,차
23-34-01,음료,1,기타과즙음료
23-34-05,음료,1,기타과즙음료
23-35,음료,1,차
23-35-01,음료,1,차
23-35-02,음료,3,차
23-36,음료,3,기타과즙음료
23-36-01,음료,3,기타과즙음료
23-36-02,음료,3,기타과즙음료
23-39-01,음료,1,차
23-39..,음료,1,차
23-40,음료,1,차
23-40.,음료,1,차
23-41,음료,1,기타과즙음료
23-48.,음료,1,기타과즙음료
23-49,음료,1,기타과즙음료
23-51-02,음료,1,기타과즙음료
23-51-04,음료,1,기타과즙음료
23-54-01,음료,1,기타과즙음료
23-54-02,음료,1,기타과즙음료
23-54-03,음료,1,기타과즙음료
23-55,음료,1,기타과즙음료
23-56,음료,1,기타과즙음료
23-57,음료,1,기타과즙음료
23-84,식품,1,스팸류
23-85,식품,1,스팸류
23-85-01,식품,1,스팸류
24-02,음료,3,기타과즙음료
24-05,음료,2,탄산음료
24-05-01,음료,2,탄산음료
24-05-02,음료,2,탄산음료
24-06-07,음료,2,커피
24-06-08,음료,2,커피
24-06-09,음료,2,커피
24-07,음료,2,커피
24-07-01,음료,2,커피
24-07-03,음료,2,커피
24-070,음료,2,커피
24-071,음료,2,커피
24-071-01,음료,2,커피
24-071-05,음료,1,커피
24-071-07,음료,1,커피
24-08,음료,3,커피
24-08-01,음료,3,커피
24-08-02,음료,3,커피
24-09,음료,2,탄산음료
24-09-01,음료,2,탄산음료
24-09-02,음료,2,탄산음료
24-10,식품,1,믹스커피류
24-11,식품,1,믹스커피류
24-11-01,식품,1,믹스커피류
24-12-05,식품,1,믹스커피류
24-12-10,식품,1,믹스커피류
24-15-03,식품,1,믹스커피류
24-15-05,선물세트,1,선물세트
24-15-08,식품,1,믹스커피류
24-16,식품,1,믹스커피류
24-173,음료,2,커피
24-174,음료,2,커피
24-175,음료,2,커피
24-175-01,음료,2,커피
24-28-01,음료,2,커피
24-28-02,음료,2,커피
24-28-03,음료,2,커피
24-34,음료,2,탄산음료
24-34-02,음료,2,비타박카스
24-35-01,음료,1,커피
24-35-02,음료,1,커피
24-35-03,음료,1,커피
24-36-02,음료,1,커피
24-40,음료,1,기타과즙음료
24-40.,음료,1,기타과즙음료
24-49,음료,4,기타과즙음료
24-49-01,음료,4,기타과즙음료
24-49-02,음료,4,기타과즙음료
24-49-04,음료,4,기타과즙음료
24-49-05,음료,4,기타과즙음료
24-52,식품,1,믹스커피류
24-61,음료,2,기타과즙음료
24-62,음료,2,기타과즙음료
24-63,음료,2,기타과즙음료
24-64,음료,2,기타과즙음료
24-65,음료,2,기타과즙음료
24-701,음료,1,병류
24-702,음료,1,병류
24-702-01,음료,1,병류
24-703,음료,1,커피
24-704-04,음료,3,커피
25-01,음료,1.8,커피
25-01-01,음료,1.8,커피
25-02,음료,1.8,커피
25-11,음료,2,탄산음료
25-14-05,음료,1,두유
25-22,음료,2,탄산음료
25-273,음료,1,병류
25-40,음료,1,비타박카스
25-40-03,음료,1,건강 식품
25-50-01,음료,2,탄산음료
25-50-02,음료,2,탄산음료
25-50-04,음료,2,탄산음료
25-50-06,음료,1,탄산음료
25-50-07,음료,2,탄산음료
25-50-08,음료,2,탄산음료
25-50-10,음료,2,탄산음료
25-50-11,음료,2,탄산음료
25-50-12,음료,2,탄산음료
25-50-13,음료,1,탄산음료
25-59-03,음료,1,비타박카스
254-110-10-01,식품,1,기타
26-01,음료,1,병류
26-02,음료,1,기타과즙음료
26-02-02,음료,1,기타과즙음료
26-02-03,음료,1,기타과즙음료
26-03,음료,1,병류
26-04,음료,1,기타과즙음료
26-04-02,음료,1,기타과즙음료
26-04-03,음료,1,기타과즙음료
26-05,음료,1,기타과즙음료
26-06,음료,1,기타과즙음료
26-06-01,음료,1,기타과즙음료
26-09-01,음료,1,기타과즙음료
26-10,음료,1,기타과즙음료
26-11,음료,1,기타과즙음료
26-12,음료,1,기타과즙음료
26-13,음료,1,병류
26-27-02,음료,1,기타과즙음료
26-27-03,음료,1,기타과즙음료
26-27-04,음료,1,기타과즙음료
26-27-05,음료,1,기타과즙음료
26-27-06,음료,1,기타과즙음료
265-12-30-01,식품,1,기타
27-01,음료,3,탄산음료
27-01-01,음료,2,탄산음료
27-01-02,음료,2,탄산음료
27-01-05,음료,2,탄산음료
27-014,음료,2,탄산음료
27-02,음료,2,이온
27-03,음료,2,기타과즙음료
27-03-01,음료,3,기타과즙음료
27-04,음료,2,탄산음료
27-04-01,음료,2,탄산음료
27-04-02,음료,1,탄산음료
27-04-03,음료,1,탄산음료
27-04-05,음료,1,탄산음료
27-04-06,음료,2,탄산음료
27-05,음료,2,기타과즙음료
27-06,음료,2,이온
27-07,음료,3,커피
27-07-01,음료,3,커피
27-07-02,음료,3,커피
27-07-05,음료,3,커피
27-08,음료,2,탄산음료
27-08-01,음료,2,탄산음료
27-100-01,음료,1,생수
27-103,음료,2,커피
27-11,음료,1,탄산음료
27-111,음료,1,기타과즙음료
27-15,음료,2,탄산음료
27-15-02,음료,3,탄산음료
27-15-03,음료,2,탄산음료
27-15-05,음료,2,탄산음료
27-15-06,음료,2,탄산음료
27-15-07,음료,2,탄산음료
27-15-10,음료,2,탄산음료
27-16,음료,2,탄산음료
27-16-01,음료,2,탄산음료
27-17,음료,1,탄산수
27-17-01,음료,1,탄산수
27-17-02,음료,1,탄산수
27-17-03,음료,1,탄산수
27-17-04,음료,4,탄산수
27-17-05,음료,4,탄산수
27-17-06,음료,4,탄산수
27-17-07,음료,4,탄산수
27-20,음료,1,기타과즙음료
27-20-01,음료,1,기타과즙음료
27-20-03,음료,1,기타과즙음료
27-21-01,음료,1,기타과즙음료
27-24,음료,1,이온
27-24-01,음료,1,이온
27-24-02,음료,1,이온
27-25,음료,1,탄산음료
27-25-01,음료,1,탄산음료
27-26,음료,1,탄산음료
27-26-01,음료,1,탄산음료
27-28,음료,1,탄산음료
27-28-01,음료,1,탄산음료
27-28-02,음료,1,탄산음료
27-330,음료,2,탄산음료
27-331,음료,2,탄산음료
27-36,음료,2,탄산음료
27-360,음료,2,탄산음료
27-37,음료,2,탄산음료
27-37-01,음료,1,탄산음료
27-37-02,음료,2,탄산음료
27-37-03,음료,2,탄산음료
27-37-04,음료,2,탄산음료
27-39,음료,2,기타과즙음료
27-39-01,음료,3,기타과즙음료
27-44,음료,3,커피
27-44-01,음료,3,커피
27-45-05,음료,1,커피
27-45-06,음료,1,커피
27-45-07,음료,1,커피
27-45-07-02,음료,1,커피
27-64,음료,3,커피
27-78-04,음료,1,기타과즙음료
27-91-02,음료,2,기타과즙음료
27-91-03,음료,2,기타과즙음료
274-245-10-02,식품,1,기타조미료
28-01,음료,2,이온
28-02,음료,1,이온
28-03,음료,1,이온
28-04,음료,2,이온
28-06,음료,1,비타박카스
28-09,음료,1,탄산음료
28-12,음료,2,탄산음료
28-12-02,음료,2,탄산음료
28-13,음료,0.5,비타박카스
28-13-01,음료,1,설탕
28-13-05,음료,0.5,비타박카스
28-15,음료,1,탄산음료
28-16,음료,1,탄산음료
28-17,음료,2,기타과즙음료
28-18,음료,2,탄산음료
28-20,음료,2,탄산음료
28-20-01,음료,2,탄산음료
28-22,음료,2,탄산음료
28-24-01,음료,1,비타박카스
28-24-02,음료,1,탄산음료
28-24-03,음료,1,탄산음료
28-24-04,음료,1,탄산음료
28-24-05,음료,2,탄산음료
28-24-06,음료,2,탄산음료
28-24-07,음료,1,탄산음료
28-24-08,음료,1,탄산음료
28-31,음료,1,비타박카스
28-43-01,음료,1,건강 식품
28-50,음료,0.5,비타박카스
28-51,음료,1,비타박카스
28-52,음료,1,비타박카스
28-52-01,음료,2,비타박카스
28-52-02,음료,2,비타박카스
28-53,음료,1,비타박카스
28-53-03,음료,1,비타박카스
28-60-04,음료,1,비타박카스
29-00,음료,2,차
29-01,음료,2,탄산음료
29-01-03,음료,2,탄산음료
29-02,음료,1,탄산음료
29-03,음료,1,탄산음료
29-04,음료,1,탄산수
29-04-02,음료,2,탄산음료
29-04-03,음료,2,탄산음료
29-05,음료,2,탄산수
29-05-01,음료,3,탄산수
29-05-02,음료,2,탄산수
29-06,음료,1,탄산수
29-07,음료,1,탄산음료
29-07-01,음료,1,탄산음료
29-08,음료,1,탄산음료
29-08-01,음료,1,탄산음료
29-10-01,음료,3,탄산음료
29-16,음료,2,
29-17,음료,2,차
29-17-01,음료,3,
29-19,음료,3,탄산음료
29-22,음료,2,탄산음료
29-23,음료,1,탄산음료
29-24,음료,1,탄산음료
29-29-05,식품,1,세탁/세제류
29-30.,음료,2,기타과즙음료
29-63,식품,1,홍삼
29-68,음료,1,탄산음료
30-04,음료,1,생수
30-05,음료,1,생수
30-12,음료,2,차
30-12-01,음료,1,차
30-12-01.,음료,1,차
30-12-02,음료,1,차
30-12-03,음료,3,차
30-13,음료,1,생수
306-33-30-01,식품,1,과일 통조림
31-01-01,음료,3,탄산음료
31-01-011,음료,3,탄산음료
31-01-04,음료,2,탄산음료
31-01-05,음료,2,탄산음료
31-01-06,음료,2,탄산음료
31-01-08,음료,2,탄산음료
31-03,음료,2,탄산음료
31-03-01,음료,2,탄산음료
31-03-02,음료,2,탄산음료
31-03-03,음료,2,탄산음료
31-03-04,음료,2,탄산음료
31-03-05,음료,2,탄산음료
31-03-06,음료,2,탄산음료
31-03-07,음료,2,탄산음료
31-03-08,음료,2,탄산음료
31-03-09,음료,2,탄산음료
31-03-10,음료,2,탄산음료
31-03-11,음료,2,탄산음료
31-04-01,음료,1,탄산음료
31-04-02,음료,1,탄산음료
31-04-03,음료,1,탄산음료
31-05,음료,1,탄산음료
31-05-001,음료,1,탄산음료
31-05-01,음료,1,탄산음료
31-09,음료,1,탄산음료
31-09-01,음료,1,탄산음료
31-09-06,음료,1,탄산음료
31-10,음료,2,커피
31-11,음료,2,탄산음료
31-11-01,음료,2,탄산음료
31-13,음료,2,이온
31-13-01,음료,2,이온
31-13-02,음료,2,이온
31-13-03,음료,1,이온
31-13-04,음료,1,이온
31-16,음료,1,이온
31-17,음료,2,탄산음료
31-17-00,음료,2,탄산음료
31-17-01,음료,2,탄산음료
31-17-02,음료,3,탄산음료
31-17-03,음료,2,탄산음료
31-17-08,음료,1,탄산음료
31-17-10,음료,2,탄산음료
31-18,음료,2,기타과즙음료
31-22,음료,2,탄산음료
31-22-02,음료,2,탄산음료
31-22-06,음료,2,탄산음료
31-23,음료,1,탄산음료
31-24,음료,2,탄산음료
31-24-01,음료,2,탄산음료
31-24-05,음료,2,탄산음료
31-28,음료,1,탄산음료
31-28-01,음료,1,탄산음료
31-29,음료,2,탄산음료
31-40,음료,2,커피
31-40-10,음료,2,커피
31-42,음료,2,탄산음료
31-42-01,음료,2,탄산음료
31-42-02,음료,2,탄산음료
31-42-04,음료,2,탄산음료
31-43,음료,3,탄산음료
31-44,음료,1,탄산음료
31-44-01,음료,1,탄산음료
31-44-02,음료,1,탄산음료
31-44-05,음료,1,탄산음료
31-44-08,음료,1,탄산음료
31-45,음료,1,탄산음료
31-46,음료,1,탄산음료
31-47,음료,2,탄산음료
31-47-01,음료,2,탄산음료
31-47-02,음료,2,탄산음료
31-47-03,음료,2,탄산음료
31-47-04,음료,2,탄산음료
31-47-05,음료,1,탄산음료
31-47-06,음료,2,탄산음료
31-47-09,음료,1,탄산음료
31-47-10,음료,2,탄산음료
31-47-11,음료,2,탄산음료
31-47-12,음료,2,탄산음료
31-47-13,음료,2,탄산음료
31-47-14,음료,2,탄산음료
31-50,음료,2,이온
31-50-01,음료,1,이온
31-50-02,음료,1,이온
31-50-03,음료,2,이온
31-50-04,음료,1,이온
31-55,음료,2,탄산음료
32,음료,1,기타과즙음료
32-01,음료,1,기타과즙음료
32-01-02,음료,2,기타과즙음료
32-01-03,음료,2,기타과즙음료
32-01-05,음료,1,기타과즙음료
32-01-06,음료,1,기타과즙음료
32-01.,음료,1,기타과즙음료
32-02,음료,1,기타과즙음료
32-05,음료,1,기타과즙음료
32-11,음료,1,기타과즙음료
32-13,음료,1,기타과즙음료
32-16-04,음료,2,기타과즙음료
32-16-05,음료,2,탄산음료
32-16-06,음료,2,탄산음료
32-16-07,음료,2,탄산음료
32-16-08,음료,2,탄산음료
32-16-11,음료,2,탄산음료
32-18,음료,2,기타과즙음료
32-18-01,음료,2,기타과즙음료
32-19,음료,2,기타과즙음료
32-19-01,음료,2,기타과즙음료
32-19-02,음료,2,기타과즙음료
32-19-03,음료,2,기타과즙음료
32-19-04,음료,2,기타과즙음료
32-19-06,음료,2,기타과즙음료
32-21,음료,2,기타과즙음료
32-25,음료,1,기타과즙음료
32-26,음료,1,기타과즙음료
32-30,음료,1,기타과즙음료
32-30-01,음료,1,기타과즙음료
32-30-02,음료,2,기타과즙음료
32-30-03,음료,1,기타과즙음료
32-40,음료,2,탄산음료
32-43-30-01,식품,1,기타
32-71,음료,2,기타과즙음료
32-72,음료,2,기타과즙음료
34-01-01,음료,1,병류
34-01-02,음료,1,꿀물
34-05,식품,1,면류
34-05-01,식품,1,면류
34-05-02,식품,1,면류
34-20,음료,2,차
34-20-01,음료,2,차
34-21,음료,2,기타과즙음료
35-01,음료,3,차
35-02,음료,3,차
35-05,음료,3,차
35-06,음료,3,차
35-07,음료,3,식혜류
35-08,음료,3,기타과즙음료
35-10,음료,3,기타과즙음료
35-14,음료,1,기타과즙음료
35-16,음료,3,기타과즙음료
35-16-01,음료,3,기타과즙음료
35-16-02,음료,3,기타과즙음료
35-18,음료,3,기타과즙음료
35-18-01,음료,3,기타과즙음료
35-18-02,음료,3,기타과즙음료
35-18-03,음료,3,탄산음료
35-18-05,음료,3,기타과즙음료
35-18-06,음료,3,기타과즙음료
35-18-07,음료,3,기타과즙음료
35-18-08,음료,3,기타과즙음료
35-18-09,음료,3,기타과즙음료
35-18-10,음료,3,커피
35-18-11,음료,3,커피
35-27,음료,3,기타과즙음료
35-27-01,음료,3,기타과즙음료
35-27-02,음료,3,기타과즙음료
35-41,음료,3,커피
35-42,음료,3,커피
36-01,식품,1,기타
36-02,식품,1,기타
36-04,식품,1,기타
36-111,식품,1,기타
36-19,식품,1,기타조미료
36-83-03,식품,1,기타
36-83-04,식품,1,기타
36-83-05,식품,1,기타
36-83-06,식품,1,기타
36-83-07,식품,1,기타
37-01,식품,1,세탁/세제류
37-01.,식품,1,세탁/세제류
37-02,식품,1,세탁/세제류
37-02.,식품,1,세탁/세제류
37-06,식품,1,세탁/세제류
37-09,식품,1,세탁/세제류
38-09,음료,1,비타박카스
38-09-03,음료,1,비타박카스
39-01,식품,1,면류
39-02,식품,1,햇반
39-03,식품,1,면류
39-126-06,식품,1,햇반
39-22,식품,1,3분요리
39-23,식품,1,3분요리
39-29..,식품,1,햇반
39-308-200-02,식품,1,양념장
39-33,식품,1,면류
39-34,식품,1,면류
39-80..,식품,1,식용유
39-84-06,식품,1,면류
39-91,식품,1,라면류
39-91-01,식품,1,라면류
39-93,식품,1,라면류
39-94,식품,1,라면류
39-94-01,식품,1,햇반
40-09,식품,1,세탁/세제류
40-09-01,식품,1,세탁/세제류
40-09-02,식품,1,세탁/세제류
40-10,식품,1,세탁/세제류
40-10-01,식품,1,세탁/세제류
40-10-02,식품,1,세탁/세제류
40-10-06,식품,1,세탁/세제류
41-05,식품,1,면세
41-05-01,식품,1,면세
41-19,식품,1,식용유
41-51,식품,1,식용유
45-05,선물세트,1,선물세트
45-06,선물세트,1,선물세트
45-07,선물세트,1,선물세트
45-07-03,선물세트,1,선물세트
45-08,선물세트,1,선물세트
45-09-01,선물세트,1,선물세트
45-10-01,선물세트,1,선물세트
45-10-05,선물세트,1,선물세트
45-10-09,선물세트,1,선물세트
45-10-10,선물세트,1,선물세트
45-11,선물세트,1,선물세트
45-12-04,선물세트,1,선물세트
45-12-06,선물세트,1,선물세트
45-18-01,선물세트,1,선물세트
45-18-02,선물세트,1,선물세트
45-192-120-01,식품,1,세탁/세제류
45-20-+01,선물세트,1,선물세트
45-20-02,선물세트,1,선물세트
45-21,선물세트,1,선물세트
45-27,선물세트,1,선물세트
46-04,식품,1,골뱅이
46-04-01,식품,1,골뱅이
46-04-02,식품,1,골뱅이
46-07,식품,1,과일 통조림
48-01,식품,1,기타
48-34,식품,0.5,
48-69,음료,1,
48-69-01,음료,1,
48-69-02,음료,1,
48-69-03,음료,1,
48-69-04,음료,1,
48-69-05,음료,1,
480,음료,1,생수
50-00,선물세트,1,선물세트
50-01,선물세트,1,선물세트
50-02,선물세트,1,선물세트
50-03,선물세트,1,선물세트
50-04,선물세트,1,선물세트
50-05,선물세트,1,선물세트
50-07,선물세트,1,선물세트
50-18,선물세트,1,선물세트
50-20-01,선물세트,1,선물세트
50-21-01,선물세트,1,선물세트
50-24-01,선물세트,1,선물세트
50-32,선물세트,1,선물세트
50-39,선물세트,1,선물세트
50-40,선물세트,1,선물세트
50-71,선물세트,1,선물세트
50-71-01,선물세트,1,선물세트
50-71-02,선물세트,1,선물세트
50-71-03,선물세트,1,선물세트
50-72,선물세트,1,선물세트
50-72-01,선물세트,1,선물세트
50-72-02,선물세트,1,선물세트
50-75,선물세트,1,선물세트
50-75-02,선물세트,1,선물세트
51-30,선물세트,1,선물세트
51-30-01,선물세트,1,선물세트
51-30-02,선물세트,1,선물세트
51-30-03,선물세트,1,선물세트
51-31,선물세트,1,선물세트
52-27,선물세트,1,선물세트
52-272-30-01,식품,1,기타조미료
52-55.,음료,3,기타과즙음료
53-01,식품,1,식용유
53-01-02,식품,1,기타
53-01-04,식품,1,기타
53-01-08,식품,1,기타
53-01-12,식품,1,기타
53-03,식품,1,김
53-03-01,식품,1,김
53-04-02,식품,1,기타
54-01,식품,1,라면류
54-02,식품,1,라면류
54-03,식품,1,라면류
54-07,식품,1,라면류
54-10,식품,1,라면류
54-100,음료,1,이온
54-101,음료,1,이온
54-102,음료,1,이온
54-20,식품,1,라면류
54-21,식품,1,라면류
54-21-01,식품,1,라면류
54-21-03,식품,1,라면류
54-55,식품,1,라면류
55-01,음료,1,비타박카스
55-01-02,음료,1,비타박카스
55-01-04,식품,1,기타
55-01-05,식품,1,기타
55-01-06,식품,1,기타
55-01-07,식품,1,기타
55-04,음료,1,차
55-08,식품,1,홍삼
55-09,음료,0.5,비타박카스
55-38,음료,1,
55-38-01,음료,1,
55-72,음료,1,
57-02,식품,1,스팸류
57-04,식품,1,스팸류
58-01-01,식품,1,스팸류
61-58,식품,1,기타즉석식품
61-77,음료,1,차
61-77-02,음료,1,기타과즙음료
638-134-50-01,식품,1,식용유
64-01-02,식품,1,기타
65-01,음료,2,병류
65-02,음료,1,병류
65-03,음료,1,병류
65-03-06,음료,1,병류
65-53,식품,1,스낵류
65-53-01,식품,1,스낵류
65-53-02,식품,1,스낵류
66-01,식품,1,스낵류
66-01-01,식품,1,스낵류
66-07,식품,1,스낵류
67-01,식품,1,건강 식품
67-01-01,식품,1,건강 식품
67-01-02,식품,1,건강 식품
67-02,식품,1,건강 식품
67-03,식품,1,건강 식품
67-04,식품,1,건강 식품
67-73,식품,1,기타
67-73-01,식품,1,기타
67-74,식품,1,스낵류
67-74-01,식품,1,스낵류
68-01,선물세트,1,건강 식품
68-02,식품,1,건강 식품
68-03,선물세트,1,건강 식품
68-04,선물세트,1,건강 식품
69-01,식품,1,건강 식품
79-01-01,식품,1,기타
79-02-01,식품,1,기타
79-02-02,식품,1,기타
79-02-03,식품,1,기타
80-06,음료,2,커피
80-07,음료,2,커피
80-08,음료,2,커피
80-09,음료,2,커피
80-24,식품,1,면세
80-26,식품,1,면세
80-26-02,식품,1,면세
80-26-04,식품,1,면세
80-26-06,식품,1,면세
81-04,식품,1,라면류
81-12,음료,1,기타과즙음료
81-12-02,음료,3,기타과즙음료
81-20,식품,1,햇반
81-20-01,식품,1,햇반
81-22-01,음료,1,커피
81-25,음료,2,식혜류
81-26,음료,1,비타박카스
81-27,음료,1,커피
81-28,음료,1,커피
81-29,음료,1,커피
81-30,음료,1,커피
81-40,음료,1,비타박카스
81-43,식품,1,세탁/세제류
81-44,식품,1,면세
81-44-01,식품,1,면세
81-49,음료,3,두유
81-51,음료,3,두유
81-57-01,음료,1,탄산음료
81-58,식품,1,기타
81-63,음료,1,기타과즙음료
81-67,음료,3,두유
81-68,음료,3,두유
81-69,음료,3,두유
81-71,음료,1,두유
81-72,음료,1,비타박카스
81-90,식품,1,면류
81-91,식품,1,면류
82-01,식품,1,참치캔
82-05,음료,1,기타과즙음료
83-62,선물세트,1,선물세트
83-62-01,선물세트,1,선물세트
855-753-85-78,식품,1,기타조미료
88-05,식품,1,기타
99-79-10-01,식품,1,기타
