바코드,관리코드,N,상품명
8801007314327,15-43-03,,백설갈색설탕3kg*6(브라운)(64)
8801101888427,40-10-02,,피죤2900ml*4(옐로미모사)(48)
8801007176369,08-47-03,,CJ 백설[소불고기]양념장 500g(91)
8801007100838,15-40,,백설하얀설탕1kg(88)
8806002006437,23-22,,웅진 옥수수수염차500 (72)
8809236621117,11-73,,라리 스위트콘덕용 2.95kg (64)
8801063310134,10-21-04,,유동순살왕꼬막&골뱅이 280
8801047161646,11-27,,동원/양반야채죽 (72)
8801382128564,23-19-01,,초록매실캔180(90입) 48
8801097235212,28-24-02,,나랑드사이다제로/동아 500
8801382145677,23-012,,웅진하늘보리325 (112)
8801037091410,24-071,,맥스웰 콜롬비아나 마스터스위트아메리카노240(120)
8801382128465,23-16,,웅진자연은고칼슘오렌지캔180 (132)
8801056083588,81-29,,롯데 칸타타 아이스카라멜마끼아또 파우치230
8801069175669,21-02,,남양프렌치카푸치노컵 200 (빨강)
88002101,20-13,,피크닉사과 (154)
8801097250062,28-06,,화이브미니(동아)
8801056055202,27-17-04,,트레비레몬 500 (6입)
8801382127789,23-23-01,,웅진자연은알로에 500 (72)
8801007077352,15-87-04,,백설 요리올리고당1.2
8806325625612,08-49,,비트(드럼)2.8
8801223104306,29-24,,천연사이다 1.5L(40)
8801056755010,27-04-02,,밀키스 500 (84)
8801094112707,31-45,,환타오렌지 600
8801056190019,27-28-01,,칠성사이다 1.5 (55)
8801128503235,22-23-01,,팔도김치왕뚜껑
8801382127697,23-30,,웅진자연은토마토병180
8801128503174,81-04,,팔도도시락컵
8809205060039,46-04-02,,동표을지로골뱅이140g
8801094113001,31-42,,환타오렌지 250(99)
8806002010977,20-14-02,,광동비타500 240캔(132)
8801382127765,23-27,,웅진자연은알로에병180
8801007176352,08-47-01,,CJ 백설[소갈비]양념장 500g(91)
8801037087543,24-07,,티오피마스터라떼 275 (노랑)(120)
8801037087550,24-07-01,,티오피스위트아메 275 (초록)(120)
8801121103319,25-01,,매일카페라떼마일드컵 (126)
8801063310301,10-08-02,,유동황도슬라이스400 (96)
8801037100070,24-34,,동서 레드불250 (128)
8801121103562,25-02,,매일카페라떼카라멜마끼아또컵 (126)
8801121772669,25-01-01,,매일카페라떼마일드로어슈거
8801056192013,27-25,,칠성사이다 500(77)
8801069402468,21-35,,남양츄파춥스 스파클링오렌지
8801047146322,11-17,,동원골뱅이(대)400g(88)
8801063122218,10-01,,유동골뱅이(中) 230(96)
8801007120522,15-87-03,,백설 프락토올리고당1.2
8801382127680,23-15-01,,웅진자연은오렌지100% 1.5(48)
8801007101309,15-40-03,,백설갈색설탕1kg*16(88)
8809296883104,22-51-03,,팔도짜장면(32입)
8801094412005,31-50-01,,코카콜라/토레타 500
8801105915709,81-63,,해태 갈아만든배500
8801097136618,28-24-06,,나랑드사이다 파인제로/동아 245캔
8809695254383,82-05,,아이뿌요 퍼플120ml
8801047121992,11-11,,동원김치찌게참치 200g
8801013120103,15-47-02,,큐원갈색설탕1kg(삼양)
8801382134909,23-34-01,,웅진자연은사과 1.5 (48)
8851013794910,20-07-01,,팁코오렌지500ml
8801047284581,12-01-04,,동원보성홍차아이스티제로 복숭아 500ml
8801007654935,08-01,,참그린녹차뽀드득1k(용기)
8801094122409,31-44-02,,환타포도1.5
8801056177553,27-28-02,,칠성사이다제로1.5
8801069400068,21-108-02,,루카스나인바닐라라떼 30T (84)
8801128503488,22-23-05,,팔도짬뽕왕뚜껑
8801128503693,22-51-05,,팔도일품해물라면
8801074256308,57-02,,한성런천미트200(130)
8801013131505,15-62,,큐원 흑설탕15kg (삼양/ 84)
8801128503594,54-21-03,,팔도비빔면 컵
8801047161578,11-22,,동원/양반전복죽 (72)
8801097235670,28-24-03,,나랑드사이다파인제로 /동아 500
8801094132705,31-46,,환타파인 600
8801094082604,31-28,,코카콜라제로500
8803993705738,11-75-02,,동서 리치스블랙올리브홀 피티드3gk (42)
8801105915426,32-30-01,,갈아만든배 사이다 1.5
8809294010205,10-15,,유동꽁치덕용 (40)
8801097134416,28-20-01,,오란씨오렌지250
8801043064088,24-09,,웰치스제로 포도355
8801128508858,22-51,,팔도틈새라면
8801382145769,23-333,,웅진결명자차500 (72)
8809695251344,54-21,,팔도비빔면멀티(40입)/(56/64)
8801097235632,28-24-04,,나랑드사이다 애플제로 /동아 500
8801105909036,32-13,,해태과일촌아침에사과1.5 (44)
8801047291138,12-11-01,,동원/쿨피스복숭아
8801382126539,23-12,,웅진초록매실병 180
8801105901009,32-01.,,포도봉봉24입
8801097134218,28-20,,오란씨파인애플250
8801861130118,26-06,,가야당근농장1.5 (48)
8801013130102,15-63,,큐원흑설탕1kg(42)
8801382126560,23-08,,웅진초록매실 500 (72)
8801047121978,11-11-02,,동원김치찌게참치 250g (빅)
8801047146353,11-16,,동원골뱅이(小)140g
8801094118006,31-43,,환타오렌지190 (126)
8801101168215,40-10-06,,피죤2500*500용기(비앙카)(48)
8801007650456,08-52,,비트4.5k (64)
8801069400082,21-108-05,,루카스 나인더블샷라떼 30T (30)
8801056229818,27-04-05,,밀키스제로500
8803993705745,11-75-04,,동서 리치스블랙올리브홀 피티드405g
8801056839017,27-24-01,,게토레이1.5 (36)
8801861150512,26-11,,가야알로에농장 500(90)
8801056069605,27-17-05,,트레비자몽 500 (6입)
8801069302041,21-108-01,,루카스 나인라떼 30T (30)
8801105908367,32,,해태과일촌아침에사과 500
8801094133009,31-42-01,,환타파인250
8801097136519,28-24-05,,나랑드사이다 애플제로/동아 245캔
8801094132408,31-44-01,,환타파인 1.5
8801056083557,81-28,,롯데 칸타타 아이스 스위트아메리카노 파우치230
8801128503211,22-22,,팔도왕뚜껑
8801097234420,28-09,,오란씨오렌지 1.5
8801056055226,27-17-06,,트레비플레인 500 (6입)
8801007043029,55-09,,홍삼진병(100*10)제당
8801861150062,26-09-01,,가야복숭아농장 1.5 (48)
8801097160071,28-18,,데미소다레몬250
8801382128212,23-101,,웅진자연은종합병(알토감) (64)
8806004000471,28-13,,헬씨올리고100/현대
8801056201012,27-04-03,,밀키스1.5 (50)
8801382135036,23-05,,웅진 맑게우려낸 누룽지 500
8801056096052,27-45-05,,칸타타콘트라베이스 콜드브루 라떼 500ml
8801382148500,26-27-03,,웅진 티즐 제로 피치우롱티500 (80)
8802255808019,25-59-03,,신형 여명808 (15*6곽)
8801123602131,16-01,,로스팜 97%(마일드)340(91)
8801104501354,23-40,,일화 맑은하늘도라지(빙그레) 500 (72)
8806002007298,20-05,,광동비타500/180ml(64)
8801382124528,23-13,,웅진아침햇살 500 (72)
8801105000863,32-30,,해태갈아만든배 1.5 (44)
8801001236328,25-50-08,,진로토닉워터 홍차 300
8801063310127,10-21,,유동순살왕꼬막 280
8801047161608,11-28,,동원/양반쇠고기죽 (72)
8809695254222,22-13-01,,뽀로로 샤인머스켓 (117)
8801069400471,21-003-02,,과수원팩(청포도)
8801007071046,55-01-02,,헛개 컨디션120ml
8801097280090,28-24-01,,오로나민C 10입*5개(64)
8801105915419,32-30-02,,갈아만든배 사이다 355
8801094012403,31-05,,코카콜라 1.5(40)
8801097234222,28-15,,오란씨파인 1.5 (40)
8801382123446,23-09,,웅진아침햇살 1.5 (48)
8801105911312,32-19-03,,코코팜포도뚱캔340
업소용,27-26-01,,펩시콜라 1.25 (업소용) (60)
8801047161653,11-28-02,,동원/양반밤단팥죽 (72)
8809650040877,15-04-09,,홍삼원디(정관장)100ml (50)
8801861220604,26-10,,가야사과농장 1.5 (48)
8801069175614,21-01,,남양프렌치카페오레컵 200 (노랑)(192)
8801861200415,26-13,,가야종합병180 (63)
8801047111283,11-21-02,,동원참치1.88(덕용) (80)
8801094362706,31-13-03,,파워에이드600(48)
8801056475017,27-21-01,,델몬트포도1.5(6본)
8801105907605,32-11,,해태레몬에이드Pet 350
없음,14-03.,,펭귄황도(신형)2절(96)
8809695254338,22-04-06,,비락수정과 1.5
8801056049201,27-24,,게토레이레몬 600 (66)
8801037091403,24-070,,맥스웰 콜롬비아나 마스터카페라떼240(120)
8801007176376,08-47-04,,CJ 백설[돼지불고기]양념장500g(91)
8801001238179,30-12-01.,,블랙보리라이트 520ml
8801046374351,02-17.,,스파크 8.5k+500(36)
8801060232019,03-05,,백광트래펑2L(60)
8801056716011,27-330,,마운틴듀355ml뚱캔 (99)
8801094963200,31-17-03,,스프라이트캔제로 355 (일반)
8801046979495,02-21,,항균트리오(과일세척)1K(40)
8806006508852,37-02,,유한락스후레쉬1L(55)
8801047123750,11-05-02,,동원고추참치150g
8801223103842,29-08-01,,탑씨[콜라] 1.5 (40)
8801382123422,23-15,,웅진자연은고칼슘오렌지 1.5(48)
8801382149620,23-05-01,,웅진 맑게우려낸 누룽지 1.5 (48)
8801046248355,02-16,,스파크R 5.5k(48)
8801060231012,03-05.,,백광트래펑1L(50)
8801382130314,23-29,,웅진자연은토마토 500(72)
8809296885801,22-13,,뽀로로[블루베리] (117)
8801047114239,11-21,,동원DHA참치(빅) 250g
8808244201014,30-05,,삼다수 500 (112)
8801094412906,31-50-02,,코카콜라/토레타1.5 (32)
8806002005805,23-39..,,웅진옥수수수염차1.5 (48)
8801382150299,26-27-06,,웅진 티즐 제로 라임민트티500 (80)
8803186200125,14-52-01,,몽베스트 500ℓ*20(119)
8809695254567,32-72,,코코뿌요 애플망고맛280
8801382145936,23-333-01,,웅진결명자차1.5 (48)
8806002000893,20-10,,광동쌍화골드 (40)
8801037029338,24-12-10,,맥심모카골드 180+20(36)
8801094253004,31-47-03,,환타 밀크소다 (암바사) 250
8801037035476,24-704-04,,스타벅스 더블샷 에스프레소&크림(캔)200ml(108)
8801047578390,16-51-03,,동원 친친오리지널 치즈 소시지80g
8801105911299,32-01-02,,해태포도봉봉뚱캔340
8806002002392,20-12-01,,광동위생천75ml
8801047169260,11-24,,동원/양반단호박죽(72)
8801105912692,32-19-02,,코코팜피치핑크뚱캔340
8801382150282,26-27-05,,웅진 티즐 제로 피치얼그레이500 (80)
8801013110104,15-47,,큐원하얀설탕 1kg (삼양)
8801861130439,26-04,,가야토마토농장 1.5 (48)
8801094203009,31-17-01,,스프라이트 250(99)
8801063110086,10-04,,유동꽁치 400(96)
8801861130347,26-12,,가야토마토농장 500 (90)
8801037087741,24-07-03,,티오피더블랙 275 (120)
8801075016499,15-06-05,,사조해표 고추참치85g(144)
8801094017606,31-04-01,,코카콜라 500 (48/60)
8801046979525,02-23,,항균트리오(과일세척)3K (48)
8801056178666,27-45-07-02,,칸타타 콘트라베이스 디카페인 블랙500ml
8801056002060,27-20-03,,델몬트망고1.5(6본)
4005906404811,54-102,,파워오투(애플키위) (60)
8809398060069,14-15,,펭귄번데기
8801056831011,27-05,,솔의눈 240 (121)
8801056001667,27-39,,델몬트망고캔 로어슈거 240 (121)
8806006510640,37-06,,유한펑크린 2L(60)
8801105912906,32-19-04,,코코팜화이트뚱캔340
8801382149743,26-27-04,,웅진 티즐 제로 자몽블랙티500 (80)
8801105914818,32-19-06,,코코팜망고뚱캔340(코코넛)
8801105914382,22-56,,영진구론산 오리지날 150ml*30
8801056195014,27-26,,펩시콜라 1.5 (55)
8801382141525,23-35-01,,웅진헛개차1.5 (48)
8801047284154,12-02,,동원보성녹차1.5(52)
8806006510633,37-09,,유한펑크린1L(50)
8801043450690,24-05,,웰치스포도 355 (110)
8801037040029,24-06-07,,동서티오피200마스터라떼(144)
8801063120023,10-02,,유동골뱅이(小) 140(96)
8806325601074,08-47,,비트2.7(80)
8801382126249,21-91,,웅진꿀홍삼병180 (64)
8801861130361,26-03,,가야토마토병180 (63)
8809205060053,46-04-01,,동표을지로골뱅이 230 (96)
8801382141235,23-35,,웅진헛개차500 (72)
8801094983000,31-29,,캐나다드라이/진저엘(99)
8806006509057,37-01,,유한락스레귤러1L(55)
8801047111917,11-03,,동원참치살코기(빅) 200g
8801007242156,15-20,,백설/ 쇠고기 다시다1kg
8801047111849,11-40-001,,동원참치기획 살코기 150*12(360)
8801097150034,28-02,,포카리 1.5 (40)
8806002009391,20-09,,광동헛개차1.5L(60)
8801047123774,11-05-04,,동원고추참치(빅)250g
8801043015264,54-07,,짜파게티멀티 (8팩) (48)
8803186200088,14-53-01,,몽베스트 1ℓ*12입 (98)
8801056177294,27-45-06,,칸타타 콘트라베이스 콜드브루 블랙500ml
8801094414207,31-50-03,,코카콜라/토레타뚱캔340
8801105915006,32-18-01,,해태갈아만든배뚱캔340
8801223110574,29-08,,탑씨[파인]애플 1.5 (40)
8801069402772,21-003,,과수원팩(사과)
8801046979501,02-22,,항균트리오(과일세척)2K(52)
8801037086195,24-702,,동서스타벅스모카(병)281ml(112)
8801007171210,55-04,,CJ헛개수 500 (72)
8801037086188,24-701,,동서스타벅스커피(병)281ml(112)
8801223100223,29-04,,초정탄산수 1.5 (40)
바코드 없음,21-17-03,,트레비(플레인)190ml/143
8801861150567,26-02,,가야알로에 1.5 (48)
8801056005481,27-20-01,,델몬트오렌지 1.5*6본
8801069227924,21-108-110-13,,남양 프렌치카페커피믹스 180+20(40)
8801094362409,31-16,,파워에이드 1.5 (32)
8801382138976,23-17,,웅진하늘보리 1.5(48)
8801063310080,10-00-02,,유동골뱅이300(96)
8801047161585,11-26,,동원/양반참치죽
8803712127001,23-85-01,,목우촌캔햄(뚝심200)
8801123600328,16-05,,[롯데]런천미트(大)/ (91)
중복,12-15,,동원식혜 (상용3호) (50)
8801056051723,27-014,,핫식스355ml(99)
8801094413705,31-50,,코카콜라/토레타240
8801001236045,25-50-04,,진로토닉워터캔250 (121)
8801101888410,40-10,,피죤2900ml*4(핑크로즈)(48)
8801001236243,25-50-07,,진로토닉워터제로 300
8805660129922,19-20,,삼포황도슬라이스 (80)
8801007823416,15-15-04,,햇반기획200g(8입*6)/(40)
8801056032159,80-08,,칸타타 콜드브루블랙275(88)/24입
8803993708234,11-74-05,,동서 리치스파인애플슬라이스3kg (48)
8801094513009,31-40,,조지아카페라떼 240 (99)
8809029610052,18-01,,삼아완두콩
8801105915761,32-01-03,,해태복숭아봉봉뚱캔340
8806004308225,28-13-05,,현대약품 비타업100ml (40)
8803186200101,14-53-02,,몽베스트2L*6(96)
8801007769707,08-37-02,,백설 고소함가득 참기름 430ml (112)
8809084011276,34-20,,동원레몬녹차 340 (104)
8801382148524,26-27-02,,웅진 티즐 제로 유자그린티500 (80)
8806016181328,28-60-04,,동화생생톤120ml(50병)
8801105000535,32-18,,갈아만든배24입/140
8801001238100,30-12-03,,블랙보리라이트캔 175 (144)
8801056051921,80-09,,칸타타 카라멜마끼아또275(주황)(99)/24입
8801047161554,11-23,,동원/양반전통잣죽(72)
8809069306007,17-12,,돌파인쥬스100% (52)
8801007176345,08-47-02,,CJ 백설[돼지갈비]양념장 500g(91)
8801069400488,21-003-01,,과수원팩(복숭아)
4005906405009,54-101,,파워오투(아이스베리)
8801063310097,10-14-02,,유동뚝배기번데기탕(구수한맛)(96)
8801101168802,40-09,,피죤블루비앙카 2100(40)
8801094053208,31-24,,닥터페퍼 350 (88)
8801056297015,27-03,,실론티 250 (121)
4897036693339,31-03-07,,몬스터망고로코 (하늘)355
8801037039993,24-06-08,,동서티오피200스위트(144)
8801101168819,40-09-01,,피죤옐로우미모사 2100 (40)
8801007093468,08-32-02,,백설 카놀라유 900ml(70)
8801382150152,21-91-01,,웅진 달달하게 건강을 채우는 꿀물캔 180ml (132)
8801101888434,40-10-01,,피죤2900ml*4(블루비앙카)(48)
8801007229423,15-03-06,,스팸기획200(클4+마2)*8/56
8806011615408,28-31,,동아제약 박카스 F 120ml*50병(80)
8801013121506,15-61-03,,큐원갈색설탕15kg(삼양)(84)
8805660130034,19-17,,삼포번데기 (80)
8801037057843,24-28-02,,맥심티오피스위트아메리카노 380ml(96)
8801043650625,24-05-02,,웰치스청포도 355 (110)
8801094208004,31-17-02,,스프라이트 190/126
8801056018900,80-07,,칸타타 스위트아메리카노275(빨강)(88)/24입
8801382127987,23-31,,웅진자연은포도 1.5 (48)
8801001238056,30-12-02,,블랙보리 1.5L (52)
8809695254550,32-71,,코코뿌요 복숭아맛280
4897036693728,31-03-08,,몬스터제로슈가(검정파랑) 355
8801056044503,27-91-02,,립톤아이스티복숭아뚱캔355/99
8801382150404,23-18-01,,웅진 하늘보리180 (132)
8806002001845,20-04,,광동비타500/100ml (40)
8806002009957,20-08,,광동헛개차 500 (72)
4897036691120,31-03-01,,몬스터울트라(흰색)355
8801007402345,08-28,,백설콩식용유1.8(40)
8801037064346,24-28-01,,맥심티오피 마스터라떼 380ml(96)
8801007519173,15-04-03,,스팸기획340(클3+마일드1)*8(48)
8801128945073,22-11,,뽀로로[밀크](117)
8801382127796,23-23,,웅진자연은알로에 1.5(48)
8803993705851,11-74-01,,동서 리치스홀커널스위트콘 소 (태국) 425g (75)
8801128945288,22-10,,뽀로로[딸기] (117)
8801007512259,15-03,,스팸클래식 200 (160)
8801047116295,11-04,,동원참치마일드200g (104)
8806011416005,81-40,,동아 모닝케어 D 100ml(신형)
8801056063245,81-25,,롯데 수미네잔치집식혜뚱340 (100)
8801056154011,27-04,,밀키스캔250 (110)
48970366691007,31-03-02,,몬스터에너지그린(검정초록) 355
8801105908787,32-21,,해태코코팜화이트(스쿨존)240
4897036692424,31-03-06,,몬스터파이프라인펀치(핑크)355
8801075016512,15-06-04,,사조해표 살코기참치85g (144)
8801037057867,24-28-03,,맥심티오피 더블랙 380ml(96)
8801128945745,22-05.,,비락식혜 500(120)
8801097150010,28-01,,포카리캔 240 (99/90)
8806004404019,28-50,,미에로(병) 100 / 현대 (40)
8809482830493,35-16-02,,참맑은 파인애플175ml  (156)
8801382130666,23-36,,웅진자연은내사랑알로에캔180(132)
8801063310035,10-29,,유동번데기 280g(96)
8801097250048,28-03,,포카리 500 (63)
4897036692073,31-03-03,,몬스터시트라(노랑)355
8801056048129,27-44,,칸타타프리미엄라떼 175 (노랑)(143)
8801101168796,40-09-02,,피죤핑크로즈 2100 (40)
8806004000358,28-53-03,,미에로1.2L(기획증정용)
8801861150505,26-01,,가야알로에병180(63)
8801037064216,24-52,,동서커피믹스마일드(자판기용) 900(42)
8801123600113,16-02,,로스팜(마일드)200(143)
8801223110512,29-07,,탑씨[오렌지] 1.5 (40)
8801382127727,23-28,,웅진자연은토마토1.5(48)
8801056018948,80-06,,칸타타 프리미엄라떼275(노랑)(99)/24입
8801097150096,28-04,,포카리[뚱캔]340 (88)
8801105910124,32-19-01,,코코팜피치핑크(복숭아/스쿨존)240
8801043450706,24-05-01,,웰치스딸기 355 (110)
8801094083007,31-22,,코카콜라제로250(99)
8801056018887,27-44-01,,칸타타스위트아메리카노(빨강) 175(143)
8801094112400,31-44,,환타오렌지 1.5
8801047142133,11-38-02,,동원고등어 300g(88)
8801121766347,20-13-01,,피크닉청포도 (154)
8801056043551,27-04-01,,밀키스340ml뚱캔(99)
8803993705868,11-74,,"동서 리치스홀커널스위트콘덕용 (태국) 2,950kg (42)"
8801001238049,30-12-01,,블랙보리 520ml (60)
8801056002107,27-39-01,,델몬트망고캔 로어슈거180 / 롯데칠성
8801056002701,27-02,,이프로캔 240/롯데칠성 (121)
8806004382119,28-51,,미에로(병) 210 / 현대 (56)
8801069407401,21-108-110-11,,남양프렌치카페커피믹스 140+20(40)
8809029610021,18-02,,삼아베이크빈스(88)
8801128945462,22-11-01,,뽀로로[사과](117)
8803993708999,11-74-04,,동서 리치스파인애플슬라이스836g (90)
8801223110550,29-07-01,,탑씨[포도] 1.5 (40)
8801007139265,15-05,,스팸1.81kg(덕용)/84
8801382126515,23-07,,웅진초록매실 1.5 (48)
8809482830479,35-18-05,,참맑은 토마토175ml
8801043650700,24-49-04,,카프리썬(사과맛) (378)
8801223100179,29-06,,초정탄산수 500 (66)
8801104301053,23-40.,,일화 맑은하늘도라지(빙그레) 340 (105)
8806002005638,20-01,,광동옥수수수염차 340 (120)
8801097160064,28-12,,데미소다애플250 (90)
8801056610012,27-15,,펩시콜라 250 (110/121)
8803993708913,11-74-03,,동서 리치스후르츠칵테일3kg (48)
8801001236342,25-50-02,,진로토닉워터깔라만시(96)
8801007093482,08-32,,백설 포도씨유 900ml (60)
8806004407133,28-52,,미에로 350 / 현대 (77)
8801094973001,31-55,,캐나다드라이/클럽소다(99)
8801075015409,15-07,,사조마일드참치200g(80)
8809398060113,14-10,,펭귄황도슬라이스(96)
8801056177645,27-15-10,,칠성사이다 제로355 업소용
8801056836016,27-06,,게토레이캔 240 (121)
8801128900232,22-04-05,,비락수정과238 (24입)
8801073102538,54-10,,삼양라면멀티 (56)
8801001238148,30-12,,블랙보리 340ml(104)
8809695254291,22-04-01,,비락식혜1.5 (48)
8801094953003,31-11,,캐나다드라이/토닉워터캔(99)코카
8801094363000,31-13,,파워에이드240(99)
8808244201045,30-04,,삼다수 2L (96)
8801094013004,31-01-05,,코카콜라 250 (99)
8803712127018,23-84,,목우촌뚝심(캔햄1호)(98)
8806002006239,20-18,,광동옥수수염차캔 180 (168)
8886467100031,01-43,,프링글스치즈(112)
8806002009254,20-15,,광동헛개차캔 180 (168)
8886467114618,01-42,,프링글스핫&스파이시(112)
8801047289647,12-37-02,,동원옥수수수염차350(24입)/91
8803993708975,11-74-02,,동서 리치스후르츠칵테일850g (90)
8809269065070,14-13,,펭귄HC고등어400g(강구나루)/100
8801037038583,24-15-03,,동서맥심모카골드230T*4(30)
8809296885009,22-12,,뽀로로[보리차] (117)
8801039202371,41-19,,해표식용유 1.8L (32)
3068320024400,01-50,,에비앙500 (96)
8806102400265,25-40,,삼성까스명수 (50)
8801045491400,39-02,,오뚜기/소면(900*15) (70)
8801094363208,31-13-01,,파워에이드[뚱340] (88)
8809269065056,14-12,,펭귄HC꽁치400g(강구나루)(100)
8801007526492,61-58,,백설비비고 사골곰탕500g(78)
8801007029641,15-04-02,,스팸마일드 25% 라이트 340(96)
8801007029658,15-03-03,,스팸마일드 25% 라이트 200(160)
8801045522234,39-91-01,,진라면[순한맛]멀티팩40 (70)
8801382128557,23-19,,웅진초록매실캔 180 (132)
8801223100261,29-03,,맥콜 500 (66)
8801047288213,12-04,,동원샘물 2L(96)
8801069174037,21-09,,남양17차 1.5 (48/52)
8801063120191,10-00,,유동골뱅이(大) 400 (88)
8801043014830,54-01,,농심 신라면멀티 (56)
8801128941228,22-03,,산타페 오리지날 캔 175 (143)
8801439773464,14-51,,이동크리스탈 500 (119)
8801047181316,16-06,,롯데런천미트(小)200  (143)
8801063310073,10-14,,유동뚝배기번데기탕(얼큰한맛) (96)
8801094503505,27-64,,조지아커피캔오리지날 175 (126)
4005906404835,54-100,,파워오투[오렌지레몬] (60)
8801043650182,24-49,,카프리썬(오렌지)(378)
8801047288114,12-04-01,,동원샘물 500 (112)
8801223000585,29-17,,"일화헛개차 340 (104,144)"
8806002009094,20-07,,광동헛개차 340 (120)
8809294010588,14-01,,펭귄꽁치(한마리) 400 (100)
8801037042863,24-06-09,,동서티오피200더블랙(144)
8801007636344,15-15-06,,Cj 햇반200g(10입)/64
8809482830110,35-27,,참맑은복숭아175ml (156)
8801007512235,15-04,,스팸클래식340(96)
8801128941792,22-07,,산타페헤이즐럿 (143)
8803186200163,14-52-02,,몽베스트 330ml*20(170)
8806016310018,38-09-03,,동화까스활75ml (60입)
8801069174020,21-08,,남양17차pet 500 (70)
8809482830486,35-16-01,,참맑은 제주감귤175ml  (156)
8809294010601,14-02-02,,펭귄고등어(신형) (100)
8801045522265,39-91,,진라면[매운맛]멀티팩40 (70)
8801094133207,31-47-01,,환타[파인 355]  100)
8809482830059,35-10,,참맑은망고175ml  (156)
8886467100017,01-40,,프링글스오리지날 (112)
8801043650199,24-49-02,,카프리썬(사파리맛)(378)
8886427100024,01-41,,프링글스양파 (112)
8801128900201,22-01-04,,비락식혜238 (24입)/120
8801382124849,23-18,,웅진하늘보리 500 (72)
8801043650311,24-49-01,,카프리썬(오렌지망고)(378)
8801047288602,12-16,,[동원]밥알없는식혜 175(144)
8801094018009,31-01-01,,코카콜라190 (126)
8801013111507,15-61,,큐원하얀설탕15k(삼양)(84)
8801045890494,39-126-06,,오뚜기밥 210g (12입) (104)
8801223100803,29-01-03,,맥콜캔 350 (100)
8801083001425,01-18,,켈로그) 콘푸로스트600 (36)
8801094113209,31-47,,환타[오렌지 355] ( 100)
8801001236199,25-50-06,,진로토닉워터600 (54)
8801069173986,21-07,,남양17차 340 (104)
8801223124700,29-00,,일화옥수수수염차 340 (104/144)
8801056290016,27-07,,레쓰비175(143)
8801746000048,34-01-02,,호연당 아카시아꿀물 파우치 (24/36)
8801094503000,31-10,,조지아오리지날 240 (99)
8801223100209,29-05,,초정탄산수캔 250 (110)
8801007100692,15-44,,백설하얀설탕15kg(84)
8809170703177,29-29-05,,아망아망 물티슈캡형100매*20(72)
8801047290100,12-18-11,,동원 쿨피스 복숭아뚱캔 350 24입(90)
8801074259637,57-04,,한성런천미트 340 (91)
8801223000561,29-30.,,한라봉에이드 350 (100)
8801037009774,24-02,,동서제티초코 175 (168)
8809091361050,34-01-01,,호연당 아카시아꿀물병 (56)
8809482830066,35-08,,참맑은벌꿀175ml (156)
8801128946940,22-08,,비락밥알없는식혜 175 (143)
8809482830769,35-27-01,,참맑은 매실175ml (156)
8801047291203,12-29,,동원식혜 238 (24入)(140)
8801047283447,12-01-01,,동원보성녹차 350ml(신제품)/91
8801094016203,31-03,,코카콜라 355/ 바코드O (88)
8801001236076,25-50-01,,진로토닉워터 300 (96)
8801063310011,10-07,,유동번데기 130 (96)
8801056038861,27-01-02,,핫식스캔 250 (110)
8801069171067,21-114,,남양초코에몽캔175(132)
8801056028855,27-15-02,,펩시콜라캔190 (143)
8801223005924,29-05-01,,초정 탄산수 190(132)
8801223100254,29-01,,맥콜 250 (110)
8801069179223,21-103,,GT두유검은콩깨병(고소한)/64
8801063310233,10-01,,유동 자연산골뱅이 230g 24개
8801063120016,10-00,,유동 자연산 골뱅이 400g 24개
8809398060045,14-13-01,,펭귄 강구나루 황도 슬라이스 400g 24개
8801007248394,08-20-02,,백설 해바라기유 500ml 12개 (유통기한 임박 24.03.01)
8801007498669,08-20-04,,백설 바삭한 요리유 500ml 12개
8801007093444,08-20-01,,백설 포도씨유 500ml 12개
8801007093451,08-20,,백설 카놀라유 500ml 12개
8801007327914,08-20-03,,백설 건강을 생각한 요리유 500ml 12개
8801007093437,08-20-05,,백설 압착 올리브유 500ml 12개 (유통기한 임박)
8801069419305,21-108-110-11,,남양 프렌치카페 커피믹스 160T (140+20) 4박스
8801391100681,41-05-01,,백설 하선정 까나리액젓 800g 15개
8801391102241,41-05,,백설 하선정 멸치액젓 골드 800g 15개
8801007166599,08-71,,해찬들 우리쌀 태양초 고추장 1kg 12개
8801005112024,03-18-09,,샘표 양조간장501(1.7L+양조500ml) 6세트
8801005105088,03-17-02,,샘표 진간장S 1.7L 6개
8801005133029,03-22-01,,샘표 진간장금F-3(1.8+500) 6개
8801955012610,81-91,,CJ 이츠웰 쫄깃한 국수 3kg _4개
8801955012597,81-90,,CJ 이츠웰 쫄깃한 국수 900g_15개
1000577670001,31-22-02,,코라콜라 제로 업소용 355ml 24개
1000577670002,27-37,,펩시콜라 제로(업소용) 355ml 24개
1000577670003,27-36,,롯데 펩시콜라 제로슈거 라임향 355ml(업소용) 24개
1000577670004,27-36,,롯데 펩시콜라 355ml(업소용) 24개
1000577670005,31-03-05,,코카콜라 355ml(업소용) 24개
1000577670006,27-16,,롯데칠성 사이다355ml(업소용) 24개
8801382150503,24-62,,캐치 티니핑 음료수 사과맛 200ml 24개입
8801382150510,24-63,,캐치 티니핑 음료수 복숭아맛 200ml 24개입
8801382150497,24-61,,캐치 티니핑 음료수 딸기맛 200ml 24개입
8801382150534,24-65,,웅진 캐치티니핑 유기농 작두콩차 200ml_24개
8801382150527,24-64,,웅진 캐치티니핑 유기농 보리차 200ml_24개
8801047865452,50-72-01,,동원참치 S14호
8801047865407,50-32,,동원리챔g9호
8801052098739,01-19-04,,청정원 고급유 6호
8801007622163,45-07,,CJ스팸스페셜 G호
8801007188508,45-11,,스팸복합1호
8801007274157,45-07-03,,스팸 특별한선택N호
8801007188515,45-27,,스팸복합2호
8801047880615,50-75-02,,튜나리챔100호
8801007853192,45-06,,스팸8E호
8801007803821,45-12-04,,백설 특별한선택골드라벨
8801007736662,45-09-01,,CJ 풍성한S호
8801047874515,50-24-01,,동원캔67호
8801052098715,01-19-02,,청정원 고급유 3호
8801007186467,45-10-01,,스팸3호
8801007186481,45-05,,스팸6호
8801052096773,01-17-03,,청정원 NH3호
8800202401051,50-72,,동원참치M12호
8800202401052,08-25-01,,백설 현명한선택 FW호
8801047865988,50-71-01,,동원스페셜49호
TOP1,24-175,,
TOP4,24-06-09,,
TOP2,24-07-01,,
TOP5,24-06-08,,
TOP3,24-175,,
TOP6,24-06-09,,
8801047227052,50-20-01,,동원올리브김식탁24P/3세트
8801392095429,45-10-05,,Cj 스팸3k호/4세트
8801007186450,45-08,,CJ스팸1호/4세트
8801007853178,45-18-02,,CJ스팸8K호/5세트
8801007853130,45-21,,CJ스팸8호 /5세트
8801047872566,50-32,,동원리챔G9호(리챔6호)/5세트
8801047865476,50-72,,동원참치M12호/ 5세트
8801047865322,51-31,,동원참치S12호/ 6세트
8801047865308,51-30,,동원참치T12호/ 5세트
8801047865315,51-30-01,,동원참치T14호/5세트
8801047865469,51-30-02,,동원참치T21호/ 3세트
8801047874508,50-75-02,,동원튜나리챔100호(캔57호)/ 4세트
8801047227069,50-21-01,,
8801046445327,45-20-+01,,
8801052119298,01-17,,
8801052120508,01-19-10,,
8801047865858,50-71-02,,
8801007448695,45-12-06,,
8801047866145,50-71-03,,
8801392095443,45-10-09,,
8801047867845,51-30-03,,
8801047284482,12-01-04,,
MAEIL1,25-01-01,,
MAEIL2,25-02,,
8801007806440,15-04-01,,
8801382131038,23-17,,
8801056094591,27-45-06,,
8801128503051,54-21,,
8801123693696,16-31-02,,
8801052121963,16-31-02,,
8801052131870,01-19-06,,
8801046421697,45-20-02,,
8801097235014,28-24-07,,
8801123600311,16-06,,
