1차카테고리,2차카테고리,3차카테고리
쌀.잡곡.견과,국내쌀.수입쌀,국내쌀
쌀.잡곡.견과,국내쌀.수입쌀,수입쌀
쌀.잡곡.견과,잡곡류,콩
쌀.잡곡.견과,잡곡류,팥
쌀.잡곡.견과,잡곡류,찹쌀
쌀.잡곡.견과,잡곡류,현미
쌀.잡곡.견과,잡곡류,흑미
쌀.잡곡.견과,잡곡류,보리
쌀.잡곡.견과,잡곡류,참깨
쌀.잡곡.견과,잡곡류,들깨
쌀.잡곡.견과,잡곡류,기타
쌀.잡곡.견과,견과류,땅콩
쌀.잡곡.견과,견과류,아몬드
쌀.잡곡.견과,견과류,호두
쌀.잡곡.견과,견과류,잣
쌀.잡곡.견과,견과류,밤
쌀.잡곡.견과,견과류,기타
축산.계란류,돼지고기,국내산
축산.계란류,돼지고기,수입산
축산.계란류,소고기,한우
축산.계란류,소고기,육우
축산.계란류,소고기,수입산
축산.계란류,닭고기.오리고기,국산닭
축산.계란류,닭고기.오리고기,수입닭
축산.계란류,양고기,수입산
축산.계란류,계란.알류,계란
축산.계란류,계란.알류,알류
냉장.냉동.간편식,볶음밥.샐러드,볶음밥
냉장.냉동.간편식,볶음밥.샐러드,샐러드
냉장.냉동.간편식,찌개.국.탕류,찌개
냉장.냉동.간편식,찌개.국.탕류,국
냉장.냉동.간편식,찌개.국.탕류,탕
냉장.냉동.간편식,햄.소시지.어묵.맛살,햄
냉장.냉동.간편식,햄.소시지.어묵.맛살,소시지
냉장.냉동.간편식,햄.소시지.어묵.맛살,어묵
냉장.냉동.간편식,햄.소시지.어묵.맛살,맛살
냉장.냉동.간편식,돈까스.만두.치킨,돈까스
냉장.냉동.간편식,돈까스.만두.치킨,생선까스
냉장.냉동.간편식,돈까스.만두.치킨,만두
냉장.냉동.간편식,돈까스.만두.치킨,치킨
냉장.냉동.간편식,튀김류.냉동식품,감자튀김
냉장.냉동.간편식,튀김류.냉동식품,고로케
냉장.냉동.간편식,튀김류.냉동식품,새우튀김
냉장.냉동.간편식,튀김류.냉동식품,오징어튀김
냉장.냉동.간편식,튀김류.냉동식품,동그랑땡
냉장.냉동.간편식,튀김류.냉동식품,기타 튀김
냉장.냉동.간편식,분식류,떡볶이
냉장.냉동.간편식,분식류,떡국
냉장.냉동.간편식,분식류,순대
냉장.냉동.간편식,분식류,수제비
냉장.냉동.간편식,분식류,유부
냉장.냉동.간편식,분식류,기타
냉장.냉동.간편식,치즈.유가공품,치즈
냉장.냉동.간편식,치즈.유가공품,크림치즈
냉장.냉동.간편식,치즈.유가공품,유가공품
냉장.냉동.간편식,훈제.식육가공류,훈제
냉장.냉동.간편식,훈제.식육가공류,베이컨
냉장.냉동.간편식,훈제.식육가공류,꼬치
냉장.냉동.간편식,훈제.식육가공류,식육가공
반찬류,김치,국내산 김치
반찬류,김치,수입산 김치
반찬류,젓갈류,오징어젓
반찬류,젓갈류,낙지젓
반찬류,젓갈류,꼴뚜기젓
반찬류,젓갈류,창란젓
반찬류,젓갈류,조개젓
반찬류,조림류,조림
반찬류,무침류,채소무침
반찬류,무침류,수산무침
반찬류,절임류,고추
반찬류,절임류,깻잎
반찬류,절임류,마늘
반찬류,절임류,생강
반찬류,절임류,무
반찬류,절임류,단무지
반찬류,절임류,피클
반찬류,절임류,기타
소스.양념.육수,우동.국수.냉면.기타육수,우동용
소스.양념.육수,우동.국수.냉면.기타육수,국수용
소스.양념.육수,우동.국수.냉면.기타육수,냉면용
소스.양념.육수,우동.국수.냉면.기타육수,가쓰오부시
소스.양념.육수,우동.국수.냉면.기타육수,기타 육수
소스.양념.육수,케찹.스파게티.피자소스,케찹
소스.양념.육수,케찹.스파게티.피자소스,스파게티
소스.양념.육수,케찹.스파게티.피자소스,피자소스
소스.양념.육수,마요네즈.드레싱,마요네즈
소스.양념.육수,마요네즈.드레싱,드레싱
소스.양념.육수,머스타드.칠리.데리야끼,머스타드
소스.양념.육수,머스타드.칠리.데리야끼,칠리
소스.양념.육수,머스타드.칠리.데리야끼,살사
소스.양념.육수,머스타드.칠리.데리야끼,핫소스
소스.양념.육수,머스타드.칠리.데리야끼,데리야끼
소스.양념.육수,불고기.스테이크.바비큐,불고기
소스.양념.육수,불고기.스테이크.바비큐,갈비
소스.양념.육수,불고기.스테이크.바비큐,스테이크
소스.양념.육수,불고기.스테이크.바비큐,바비큐
소스.양념.육수,돈까스.닭소스,돈까스
소스.양념.육수,돈까스.닭소스,닭소스
소스.양념.육수,기타소스류,기타 소스류
장류.조미료.식용유,간장.고추장.초고추장,간장
장류.조미료.식용유,간장.고추장.초고추장,고추장
장류.조미료.식용유,간장.고추장.초고추장,초고추장
장류.조미료.식용유,된장.쌈장.청국장.춘장,된장
장류.조미료.식용유,된장.쌈장.청국장.춘장,쌈장
장류.조미료.식용유,된장.쌈장.청국장.춘장,청국장
장류.조미료.식용유,된장.쌈장.청국장.춘장,춘장
장류.조미료.식용유,식용유.참기름.들기름.고추기름,식용유
장류.조미료.식용유,식용유.참기름.들기름.고추기름,참기름
장류.조미료.식용유,식용유.참기름.들기름.고추기름,들기름
장류.조미료.식용유,식용유.참기름.들기름.고추기름,고추기름
장류.조미료.식용유,식초.요리술.액젓,식초
장류.조미료.식용유,식초.요리술.액젓,요리술
장류.조미료.식용유,식초.요리술.액젓,액젓
장류.조미료.식용유,설탕.물엿.올리고당,설탕
장류.조미료.식용유,설탕.물엿.올리고당,물엿
장류.조미료.식용유,설탕.물엿.올리고당,올리고당
장류.조미료.식용유,소금.다시다.미원,소금
장류.조미료.식용유,소금.다시다.미원,다시다
장류.조미료.식용유,소금.다시다.미원,미원
장류.조미료.식용유,소금.다시다.미원,기타 조미료
장류.조미료.식용유,고춧가루.후추.와사비.겨자.향신료,고춧가루
장류.조미료.식용유,고춧가루.후추.와사비.겨자.향신료,후추
장류.조미료.식용유,고춧가루.후추.와사비.겨자.향신료,와사비
장류.조미료.식용유,고춧가루.후추.와사비.겨자.향신료,겨자
장류.조미료.식용유,고춧가루.후추.와사비.겨자.향신료,향신료
장류.조미료.식용유,기타분말,기타 분말
캔.통조림,참치.닭가슴살,참치
캔.통조림,참치.닭가슴살,닭가슴살
캔.통조림,수산물.골뱅이.번데기,고등어
캔.통조림,수산물.골뱅이.번데기,꽁치
캔.통조림,수산물.골뱅이.번데기,골뱅이
캔.통조림,수산물.골뱅이.번데기,번데기
캔.통조림,수산물.골뱅이.번데기,기타
캔.통조림,돈육통조림.스팸,국내산
캔.통조림,돈육통조림.스팸,수입산
캔.통조림,과일통조림,파인애플
캔.통조림,과일통조림,오렌지.밀감
캔.통조림,과일통조림,황도
캔.통조림,과일통조림,후르츠
캔.통조림,과일통조림,올리브
캔.통조림,과일통조림,농축액
캔.통조림,과일통조림,체리
캔.통조림,과일통조림,기타
캔.통조림,농산통조림,피클
캔.통조림,농산통조림,옥수수
캔.통조림,농산통조림,콩
캔.통조림,농산통조림,죽순
캔.통조림,농산통조림,버섯
캔.통조림,농산통조림,기타
면류.가공식품,봉지라면.컵라면,봉지라면
면류.가공식품,봉지라면.컵라면,컵라면
면류.가공식품,봉지라면.컵라면,라면스프
면류.가공식품,국수.냉면.우동류,국수
면류.가공식품,국수.냉면.우동류,냉면
면류.가공식품,국수.냉면.우동류,우동류
면류.가공식품,파스타.당면.쫄면.기타,파스타
면류.가공식품,파스타.당면.쫄면.기타,당면
면류.가공식품,파스타.당면.쫄면.기타,쫄면
면류.가공식품,파스타.당면.쫄면.기타,기타
면류.가공식품,밀가루.요리가루.전분,밀가루
면류.가공식품,밀가루.요리가루.전분,부침가루
면류.가공식품,밀가루.요리가루.전분,튀김가루
면류.가공식품,밀가루.요리가루.전분,빵가루
면류.가공식품,밀가루.요리가루.전분,요리가루
면류.가공식품,밀가루.요리가루.전분,전분
면류.가공식품,밀가루.요리가루.전분,콩가루
면류.가공식품,밀가루.요리가루.전분,기타 분말
면류.가공식품,즉석밥.카레.짜장.스프,즉석밥
면류.가공식품,즉석밥.카레.짜장.스프,누룽지
면류.가공식품,즉석밥.카레.짜장.스프,카레
면류.가공식품,즉석밥.카레.짜장.스프,하이라이스
면류.가공식품,즉석밥.카레.짜장.스프,짜장
면류.가공식품,즉석밥.카레.짜장.스프,스프
면류.가공식품,즉석밥.카레.짜장.스프,죽
면류.가공식품,두부.묵.곤약,두부
면류.가공식품,두부.묵.곤약,묵
면류.가공식품,두부.묵.곤약,곤약
면류.가공식품,김.돌자반.부각.튀각,조미김
면류.가공식품,김.돌자반.부각.튀각,생김
면류.가공식품,김.돌자반.부각.튀각,김가루
면류.가공식품,김.돌자반.부각.튀각,돌자반
면류.가공식품,김.돌자반.부각.튀각,부각
면류.가공식품,김.돌자반.부각.튀각,튀각
면류.가공식품,잼.꿀.버터.시럽,잼
면류.가공식품,잼.꿀.버터.시럽,꿀
면류.가공식품,잼.꿀.버터.시럽,버터
면류.가공식품,잼.꿀.버터.시럽,시럽
면류.가공식품,빵.떡,빵
면류.가공식품,빵.떡,떡
스낵.안주류,일반스낵.강냉이.씨리얼,일반스낵
스낵.안주류,일반스낵.강냉이.씨리얼,강냉이
스낵.안주류,일반스낵.강냉이.씨리얼,씨리얼
스낵.안주류,안주스낵류.너트.육포,안주 스낵
스낵.안주류,안주스낵류.너트.육포,안주 견과
스낵.안주류,안주스낵류.너트.육포,안주 건어물
스낵.안주류,캔디.젤리.초코렛.껌,캔디
스낵.안주류,캔디.젤리.초코렛.껌,젤리
스낵.안주류,캔디.젤리.초코렛.껌,초코렛
스낵.안주류,캔디.젤리.초코렛.껌,껌
커피.차.음료.생수,커피,캔커피
커피.차.음료.생수,커피,커피믹스
커피.차.음료.생수,커피,원두커피
커피.차.음료.생수,커피,분말커피
커피.차.음료.생수,커피,프리마
커피.차.음료.생수,보리차.옥수수차,보리차
커피.차.음료.생수,보리차.옥수수차,옥수수차
커피.차.음료.생수,녹차.홍차.둥글레차,녹차
커피.차.음료.생수,녹차.홍차.둥글레차,홍차
커피.차.음료.생수,녹차.홍차.둥글레차,둥글레차
커피.차.음료.생수,녹차.홍차.둥글레차,메밀차
커피.차.음료.생수,율무차.유자차.허브티,율무차
커피.차.음료.생수,율무차.유자차.허브티,유자차
커피.차.음료.생수,율무차.유자차.허브티,허브티
커피.차.음료.생수,핫초코.아이스티.분말음료,핫초코
커피.차.음료.생수,핫초코.아이스티.분말음료,아이스티
커피.차.음료.생수,핫초코.아이스티.분말음료,분말음료
커피.차.음료.생수,전통차.한방재,전통차
커피.차.음료.생수,전통차.한방재,한방재
커피.차.음료.생수,기타차,기타 차
커피.차.음료.생수,생수,생수
커피.차.음료.생수,탄산음료.이온음료,콜라
커피.차.음료.생수,탄산음료.이온음료,사이다
커피.차.음료.생수,탄산음료.이온음료,환타
커피.차.음료.생수,탄산음료.이온음료,기타 탄산
커피.차.음료.생수,탄산음료.이온음료,이온음료
커피.차.음료.생수,과일음료,오렌지
커피.차.음료.생수,과일음료,사과
커피.차.음료.생수,과일음료,배
커피.차.음료.생수,과일음료,포도
커피.차.음료.생수,과일음료,매실
커피.차.음료.생수,과일음료,스무디
커피.차.음료.생수,과일음료,기타
커피.차.음료.생수,우유.라떼류.요구르트.두유,우유
커피.차.음료.생수,우유.라떼류.요구르트.두유,라떼류
커피.차.음료.생수,우유.라떼류.요구르트.두유,요구르트
커피.차.음료.생수,우유.라떼류.요구르트.두유,두유
커피.차.음료.생수,식혜.알로에.홍초.기타음료,식혜
커피.차.음료.생수,식혜.알로에.홍초.기타음료,알로에
커피.차.음료.생수,식혜.알로에.홍초.기타음료,홍초
커피.차.음료.생수,식혜.알로에.홍초.기타음료,비타민
커피.차.음료.생수,식혜.알로에.홍초.기타음료,숙취해소
커피.차.음료.생수,식혜.알로에.홍초.기타음료,기타 음료
일반용품,휴지.티슈.키친타올.냅킨,화장지
일반용품,휴지.티슈.키친타올.냅킨,점보롤
일반용품,휴지.티슈.키친타올.냅킨,미용티슈
일반용품,휴지.티슈.키친타올.냅킨,물티슈
일반용품,휴지.티슈.키친타올.냅킨,키친타올
일반용품,휴지.티슈.키친타올.냅킨,냅킨
일반용품,욕실용품,구강용품
일반용품,욕실용품,욕실비품
일반용품,세탁세제.청소세제,세탁세제
일반용품,세탁세제.청소세제,청소세제
일반용품,방향.탈취.살충제,방향제
일반용품,방향.탈취.살충제,탈취제
일반용품,방향.탈취.살충제,살충제
일반용품,부탄가스.탄류.가스점화기,부탄가스
일반용품,부탄가스.탄류.가스점화기,탄류
일반용품,부탄가스.탄류.가스점화기,가스점화기
일반용품,문구류,가위.칼
일반용품,문구류,건전지
일반용품,문구류,테이프
일반용품,문구류,멀티탭
일반용품,문구류,기타 문구류
일반용품,기타일반용품,기타 일반용품
주방용품,주방세제,소용량
주방용품,주방세제,대용량
