카테고리번호,대분류,중분류,소분류,세분류
50013421,식품,가루/분말류,기타분말가루,
50017880,식품,가루/분말류,미숫가루,
50013440,식품,가루/분말류,밀가루,
50013380,식품,가루/분말류,부침가루,
50013400,식품,가루/분말류,빵가루,
50013480,식품,가루/분말류,쌀가루,
50013500,식품,가루/분말류,아몬드가루,
50013420,식품,가루/분말류,오트밀,
50013460,식품,가루/분말류,찹쌀가루,
50013321,식품,가루/분말류,콩가루,
50012841,식품,가루/분말류,튀김가루,
50018959,식품,건강식품,건강분말,강황가루
50018980,식품,건강식품,건강분말,기타건강분말
50018979,식품,건강식품,건강분말,맥문동분말
50018939,식품,건강식품,건강분말,새싹보리분말
50007007,식품,건강식품,건강즙/과일즙,기타건강즙/과일즙
50014460,식품,건강식품,건강즙/과일즙,배즙
50014480,식품,건강식품,건강즙/과일즙,블루베리즙
50007004,식품,건강식품,건강즙/과일즙,비트즙
50014400,식품,건강식품,건강즙/과일즙,사과즙
50014380,식품,건강식품,건강즙/과일즙,석류즙
50014440,식품,건강식품,건강즙/과일즙,아로니아즙
50007001,식품,건강식품,건강즙/과일즙,양배추즙
50007002,식품,건강식품,건강즙/과일즙,양파즙
50007005,식품,건강식품,건강즙/과일즙,칡즙
50007006,식품,건강식품,건강즙/과일즙,토마토즙
50014420,식품,건강식품,건강즙/과일즙,포도즙
50007003,식품,건강식품,건강즙/과일즙,호박즙
50017240,식품,건강식품,건강즙/과일즙,흑염소즙
50001899,식품,건강식품,건강환/정,
50001905,식품,건강식품,꿀,
50017060,식품,건강식품,로얄제리,
50002429,식품,건강식품,비타민제,기타비타민
50002425,식품,건강식품,비타민제,멀티비타민
50007044,식품,건강식품,비타민제,비오틴
50002426,식품,건강식품,비타민제,비타민A
50002427,식품,건강식품,비타민제,비타민B
50002428,식품,건강식품,비타민제,비타민C
50007042,식품,건강식품,비타민제,비타민D
50007043,식품,건강식품,비타민제,비타민E
50018940,식품,건강식품,비타민제,비타민K
50016742,식품,건강식품,숙취해소제,
50007036,식품,건강식품,영양제,MSM
50002448,식품,건강식품,영양제,감마리놀렌산
50002446,식품,건강식품,영양제,글루코사민
50017200,식품,건강식품,영양제,글루타치온
50002615,식품,건강식품,영양제,기타건강보조식품
50019039,식품,건강식품,영양제,대마종자유
50002608,식품,건강식품,영양제,루테인
50002444,식품,건강식품,영양제,마그네슘
50019099,식품,건강식품,영양제,마카
50019059,식품,건강식품,영양제,매스틱검
50019119,식품,건강식품,영양제,멜라토닌
50007031,식품,건강식품,영양제,밀크씨슬
50019079,식품,건강식품,영양제,바나바잎추출물
50023359,식품,건강식품,영양제,베르베린
50007033,식품,건강식품,영양제,보스웰리아
50007034,식품,건강식품,영양제,셀레늄
50002620,식품,건강식품,영양제,스피루리나
50002610,식품,건강식품,영양제,쏘팔메토
50002441,식품,건강식품,영양제,아연
50002616,식품,건강식품,영양제,알로에정/겔
50002440,식품,건강식품,영양제,엽산
50002447,식품,건강식품,영양제,오메가3
50017180,식품,건강식품,영양제,은행잎추출물
50019019,식품,건강식품,영양제,이노시톨
50002442,식품,건강식품,영양제,철분
50023379,식품,건강식품,영양제,초록입홍합
50007035,식품,건강식품,영양제,칼륨
50002443,식품,건강식품,영양제,칼슘
50018999,식품,건강식품,영양제,커큐민
50002617,식품,건강식품,영양제,코큐텐
50017140,식품,건강식품,영양제,콘드로이친
50007528,식품,건강식품,영양제,크릴오일
50002621,식품,건강식품,영양제,클로렐라
50002612,식품,건강식품,영양제,키토산
50017160,식품,건강식품,영양제,테아닌
50016482,식품,건강식품,영양제,포스파티딜세린
50007032,식품,건강식품,영양제,폴리코사놀
50007030,식품,건강식품,영양제,프로바이오틱스
50002445,식품,건강식품,영양제,프로폴리스
50007218,식품,건강식품,영양제,프리바이오틱스
50001902,식품,건강식품,인삼,
50002430,식품,건강식품,한방재료,가시오가피
50002431,식품,건강식품,한방재료,감초
50002432,식품,건강식품,한방재료,계피
50002433,식품,건강식품,한방재료,구기자
50002622,식품,건강식품,한방재료,기타한방재료
50002434,식품,건강식품,한방재료,녹용
50002435,식품,건강식품,한방재료,산수유
50002436,식품,건강식품,한방재료,오미자
50002437,식품,건강식품,한방재료,헛개나무
50002438,식품,건강식품,한방재료,황기
50011841,식품,건강식품,홍삼,기타홍삼제품
50012100,식품,건강식품,홍삼,정과/절편
50012101,식품,건강식품,홍삼,캡슐/환
50012120,식품,건강식품,홍삼,혼합세트
50012080,식품,건강식품,홍삼,홍삼액
50011861,식품,건강식품,환자식/영양보충식,
50017080,식품,건강식품,효모,
50017220,식품,건강식품,효소,
50002020,식품,김치,갓김치,
50002023,식품,김치,겉절이,
50002022,식품,김치,깍두기,
50002024,식품,김치,나박김치,
50002025,식품,김치,동치미,
50002026,식품,김치,묵은지,
50002027,식품,김치,백김치,
50002030,식품,김치,별미김치,
50002028,식품,김치,열무김치,
50014081,식품,김치,오이소박이,
50002031,식품,김치,절임배추,
50002021,식품,김치,총각김치,
50002029,식품,김치,파김치,
50002019,식품,김치,포기김치,
50001878,식품,냉동/간편조리식품,기타냉동/간편조리식품,
50012400,식품,냉동/간편조리식품,누룽지,
50006199,식품,냉동/간편조리식품,도시락,
50018500,식품,냉동/간편조리식품,동그랑땡/완자,
50012340,식품,냉동/간편조리식품,떡볶이,
50017122,식품,냉동/간편조리식품,라이스페이퍼,
50001871,식품,냉동/간편조리식품,만두/딤섬,
50012380,식품,냉동/간편조리식품,맛살/게살,
50018480,식품,냉동/간편조리식품,묵,
50001873,식품,냉동/간편조리식품,샐러드,
50012303,식품,냉동/간편조리식품,스프,
50001874,식품,냉동/간편조리식품,어묵,
50012440,식품,냉동/간편조리식품,죽,
50012302,식품,냉동/간편조리식품,카레/짜장,
50001877,식품,냉동/간편조리식품,튀김류,
50001867,식품,냉동/간편조리식품,피자,
50012360,식품,냉동/간편조리식품,함박/미트볼,
50001868,식품,냉동/간편조리식품,핫도그,
50001869,식품,냉동/간편조리식품,햄버거,
50002449,식품,농산물,건과류,감말랭이
50002450,식품,농산물,건과류,건망고
50002451,식품,농산물,건과류,건바나나
50002452,식품,농산물,건과류,건자두
50002453,식품,농산물,건과류,건포도
50002454,식품,농산물,건과류,곶감
50002455,식품,농산물,건과류,기타건과류
50002249,식품,농산물,견과류,기타견과류
50002238,식품,농산물,견과류,대추
50002236,식품,농산물,견과류,땅콩
50002244,식품,농산물,견과류,마카다미아
50002237,식품,농산물,견과류,밤
50002240,식품,농산물,견과류,아몬드
50002239,식품,농산물,견과류,은행
50002241,식품,농산물,견과류,잣
50002242,식품,농산물,견과류,캐슈너트
50002245,식품,농산물,견과류,피스타치오
50002246,식품,농산물,견과류,피칸
50002243,식품,농산물,견과류,해바라기씨
50002235,식품,농산물,견과류,호두
50002247,식품,농산물,견과류,호박씨
50011981,식품,농산물,견과류,혼합견과/견과류세트
50002167,식품,농산물,과일,감
50002163,식품,농산물,과일,감귤
50002195,식품,농산물,과일,과일세트
50002193,식품,농산물,과일,기타과일
50002164,식품,농산물,과일,딸기
50014182,식품,농산물,과일,레드향
50002186,식품,농산물,과일,레몬
50002187,식품,농산물,과일,망고
50002169,식품,농산물,과일,매실
50002170,식품,농산물,과일,멜론
50014300,식품,농산물,과일,무화과
50002188,식품,농산물,과일,바나나
50002161,식품,농산물,과일,배
50002172,식품,농산물,과일,복분자
50002183,식품,농산물,과일,복숭아
50002173,식품,농산물,과일,블루베리
50002160,식품,농산물,과일,사과
50002189,식품,농산물,과일,석류
50002175,식품,농산물,과일,수박
50007220,식품,농산물,과일,아보카도
50002190,식품,농산물,과일,오렌지
50002181,식품,농산물,과일,자두
50002191,식품,농산물,과일,자몽
50002177,식품,농산물,과일,참외
50002178,식품,농산물,과일,천혜향
50002185,식품,농산물,과일,체리
50002176,식품,농산물,과일,키위/참다래
50002162,식품,농산물,과일,토마토
50002192,식품,농산물,과일,파인애플
50002180,식품,농산물,과일,포도
50002179,식품,농산물,과일,한라봉
50018800,식품,농산물,냉동과일,기타냉동과일
50018740,식품,농산물,냉동과일,냉동딸기
50018760,식품,농산물,냉동과일,냉동망고
50018720,식품,농산물,냉동과일,냉동블루베리
50018780,식품,농산물,냉동과일,냉동아보카도
50004754,식품,농산물,쌀,기능성쌀
50004749,식품,농산물,쌀,백미
50004750,식품,농산물,쌀,찹쌀
50004751,식품,농산물,쌀,현미
50004752,식품,농산물,쌀,흑미
50014320,식품,농산물,잡곡/혼합곡,귀리
50002155,식품,농산물,잡곡/혼합곡,기장/조
50002159,식품,농산물,잡곡/혼합곡,기타잡곡
50002149,식품,농산물,잡곡/혼합곡,녹두
50002150,식품,농산물,잡곡/혼합곡,들깨
50002152,식품,농산물,잡곡/혼합곡,메밀
50004755,식품,농산물,잡곡/혼합곡,보리
50002154,식품,농산물,잡곡/혼합곡,수수
50002148,식품,농산물,잡곡/혼합곡,율무
50002151,식품,농산물,잡곡/혼합곡,참깨
50002156,식품,농산물,잡곡/혼합곡,콩
50002157,식품,농산물,잡곡/혼합곡,팥
50002158,식품,농산물,잡곡/혼합곡,혼합곡
50002199,식품,농산물,채소,가지
50002215,식품,농산물,채소,감자
50002461,식품,농산물,채소,건나물
50002214,식품,농산물,채소,고구마
50002204,식품,농산물,채소,고추
50002234,식품,농산물,채소,기타채소류
50012880,식품,농산물,채소,깻잎
50012920,식품,농산물,채소,냉이
50002198,식품,농산물,채소,단호박/밤호박
50002216,식품,농산물,채소,당근
50002201,식품,농산물,채소,대파
50002217,식품,농산물,채소,더덕
50002218,식품,농산물,채소,도라지
50011900,식품,농산물,채소,두부
50002224,식품,농산물,채소,마
50002203,식품,농산물,채소,마늘
50002222,식품,농산물,채소,무
50011880,식품,농산물,채소,미나리
50002207,식품,농산물,채소,배추
50002205,식품,농산물,채소,버섯
50002226,식품,농산물,채소,부추
50002460,식품,농산물,채소,브로콜리
50012940,식품,농산물,채소,비트/레드비트
50002462,식품,농산물,채소,산나물
50002463,식품,농산물,채소,삶은나물
50002209,식품,농산물,채소,상추/양상추
50002228,식품,농산물,채소,새싹채소
50002206,식품,농산물,채소,생강
50011860,식품,농산물,채소,숙주나물
50002212,식품,농산물,채소,시금치
50002211,식품,농산물,채소,쌈채소
50002229,식품,농산물,채소,아스파라거스
50002233,식품,농산물,채소,알로에
50002197,식품,농산물,채소,애호박
50002208,식품,농산물,채소,양배추
50002200,식품,농산물,채소,양파
50002220,식품,농산물,채소,연근
50002223,식품,농산물,채소,열무
50002196,식품,농산물,채소,오이
50012900,식품,농산물,채소,옥수수
50002221,식품,농산물,채소,우엉
50002202,식품,농산물,채소,쪽파
50011840,식품,농산물,채소,콩나물
50002227,식품,농산물,채소,피망/파프리카
50001912,식품,다이어트식품,CLA,
50001911,식품,다이어트식품,가르시니아,
50001767,식품,다이어트식품,기타다이어트식품,
50001907,식품,다이어트식품,다이어트차,
50012241,식품,다이어트식품,단백질보충제,기타단백질보충제
50012300,식품,다이어트식품,단백질보충제,단백질음료
50012141,식품,다이어트식품,단백질보충제,단백질츄어블/정
50012280,식품,다이어트식품,단백질보충제,단백질파우더
50016122,식품,다이어트식품,단백질보충제,아르기닌
50023299,식품,다이어트식품,단백질보충제,알부민
50023319,식품,다이어트식품,단백질보충제,크레아틴
50017201,식품,다이어트식품,락토페린,
50007219,식품,다이어트식품,레몬밤,
50012320,식품,다이어트식품,시네트롤,
50012301,식품,다이어트식품,시서스,
50001908,식품,다이어트식품,식이섬유,
50023339,식품,다이어트식품,알파CD,
50007038,식품,다이어트식품,와일드망고,
50007039,식품,다이어트식품,잔티젠,
50007040,식품,다이어트식품,카테킨,
50007037,식품,다이어트식품,콜라겐,
50007041,식품,다이어트식품,히알루론산,
50019159,식품,떡류,가래떡/떡국떡/절편,
50019239,식품,떡류,기타떡,
50019000,식품,떡류,꿀떡/경단,
50019199,식품,떡류,떡케이크/세트,
50019180,식품,떡류,모찌/찹쌀떡,
50020239,식품,떡류,백설기,
50019219,식품,떡류,송편,
50019181,식품,떡류,오메기떡/두텁떡,
50019179,식품,떡류,인절미,
50013941,식품,라면/면류,라면,봉지라면
50014000,식품,라면/면류,라면,컵라면
50014021,식품,라면/면류,면류,국수면
50014080,식품,라면/면류,면류,냉면
50014040,식품,라면/면류,면류,당면
50014160,식품,라면/면류,면류,소면
50014061,식품,라면/면류,면류,소바
50014060,식품,라면/면류,면류,스파게티면
50014140,식품,라면/면류,면류,쌀국수면
50014041,식품,라면/면류,면류,우동
50014120,식품,라면/면류,면류,쫄면
50014100,식품,라면/면류,면류,칼국수면
50014001,식품,밀키트,간식/디저트,
50013781,식품,밀키트,구이,
50014201,식품,밀키트,면/파스타,
50014260,식품,밀키트,밥/죽,
50014280,식품,밀키트,볶음/튀김,
50014042,식품,밀키트,세트요리,
50014101,식품,밀키트,조림/찜,
50013821,식품,밀키트,찌개/국,
50002018,식품,반찬,기타반찬류,
50014340,식품,반찬,단무지,
50018341,식품,반찬,무침류,
50002017,식품,반찬,반찬세트,
50014360,식품,반찬,볶음류,
50001916,식품,반찬,장아찌,
50001917,식품,반찬,장조림,
50002015,식품,반찬,절임류,
50002016,식품,반찬,조림류,
50022980,식품,빵/베이커리,도넛,
50023119,식품,빵/베이커리,샌드위치,
50023019,식품,빵/베이커리,생지/냉동반죽,
50022820,식품,빵/베이커리,식빵/베이글,
50022999,식품,빵/베이커리,일반빵,
50022981,식품,빵/베이커리,케이크,
50022979,식품,빵/베이커리,호빵/찐빵,
50013340,식품,소스/드레싱,굴소스,
50013262,식품,소스/드레싱,기타소스/드레싱,
50013221,식품,소스/드레싱,돈가스소스,
50013162,식품,소스/드레싱,마요네즈,
50014500,식품,소스/드레싱,머스타드소스,
50013121,식품,소스/드레싱,발사믹드레싱,
50013320,식품,소스/드레싱,스테이크/바베큐소스,
50013021,식품,소스/드레싱,스파게티/파스타소스,
50013261,식품,소스/드레싱,오리엔탈드레싱,
50018401,식품,소스/드레싱,쯔유,
50013241,식품,소스/드레싱,칠리/핫소스,
50013300,식품,소스/드레싱,케첩,
50018460,식품,소스/드레싱,피쉬소스,
50004742,식품,수산물,건어물,건새우
50018021,식품,수산물,건어물,건어물세트
50004743,식품,수산물,건어물,과메기
50004748,식품,수산물,건어물,기타건어물
50004744,식품,수산물,건어물,노가리
50004737,식품,수산물,건어물,멸치
50004741,식품,수산물,건어물,문어
50004739,식품,수산물,건어물,오징어
50004738,식품,수산물,건어물,쥐포
50004746,식품,수산물,건어물,진미채
50004740,식품,수산물,건어물,한치
50004747,식품,수산물,건어물,황태/코다리
50013880,식품,수산물,김/해초,감태
50004700,식품,수산물,김/해초,기타해초
50004695,식품,수산물,김/해초,김
50004696,식품,수산물,김/해초,다시마
50004697,식품,수산물,김/해초,매생이
50004698,식품,수산물,김/해초,미역
50004699,식품,수산물,김/해초,해초샐러드
50018160,식품,수산물,생선,가자미
50004682,식품,수산물,생선,갈치
50004683,식품,수산물,생선,고등어
50004684,식품,수산물,생선,굴비
50004694,식품,수산물,생선,기타생선
50018100,식품,수산물,생선,꽁치
50017421,식품,수산물,생선,대구
50004689,식품,수산물,생선,동태
50013860,식품,수산물,생선,삼치
50004692,식품,수산물,생선,생선회
50004693,식품,수산물,생선,연어/훈제연어
50004686,식품,수산물,생선,옥돔
50018140,식품,수산물,생선,우럭
50018180,식품,수산물,생선,임연수
50004685,식품,수산물,생선,장어
50004687,식품,수산물,생선,조기
50004688,식품,수산물,생선,참치
50004690,식품,수산물,생선,초밥재료
50004691,식품,수산물,생선,홍어
50013901,식품,수산물,수산가공식품,해물볶음류
50013861,식품,수산물,수산가공식품,해물찜류
50013920,식품,수산물,수산가공식품,해물탕류
50013940,식품,수산물,수산가공식품,해물튀김류
50004734,식품,수산물,젓갈/장류,게장
50004736,식품,수산물,젓갈/장류,기타젓갈
50004730,식품,수산물,젓갈/장류,낙지젓
50002458,식품,수산물,젓갈/장류,대하장
50004727,식품,수산물,젓갈/장류,명란젓
50004728,식품,수산물,젓갈/장류,새우젓
50013840,식품,수산물,젓갈/장류,연어장
50004729,식품,수산물,젓갈/장류,오징어젓
50004735,식품,수산물,젓갈/장류,젓갈선물세트
50004731,식품,수산물,젓갈/장류,조개젓
50004732,식품,수산물,젓갈/장류,창난젓
50004733,식품,수산물,젓갈/장류,토하젓
50007077,식품,수산물,해산물/어패류,가리비
50004704,식품,수산물,해산물/어패류,골뱅이
50004714,식품,수산물,해산물/어패류,굴
50004726,식품,수산물,해산물/어패류,기타해산물
50004715,식품,수산물,해산물/어패류,꼬막
50004711,식품,수산물,해산물/어패류,꽃게
50004706,식품,수산물,해산물/어패류,낙지
50004720,식품,수산물,해산물/어패류,날치알
50007076,식품,수산물,해산물/어패류,대게/홍게
50004717,식품,수산물,해산물/어패류,멍게
50004707,식품,수산물,해산물/어패류,문어
50004713,식품,수산물,해산물/어패류,바닷가재
50018220,식품,수산물,해산물/어패류,바지락
50004702,식품,수산물,해산물/어패류,새우
50018200,식품,수산물,해산물/어패류,성게알
50004703,식품,수산물,해산물/어패류,소라
50004710,식품,수산물,해산물/어패류,오징어
50004701,식품,수산물,해산물/어패류,전복
50004709,식품,수산물,해산물/어패류,조개
50004708,식품,수산물,해산물/어패류,주꾸미
50004712,식품,수산물,해산물/어패류,킹크랩
50004719,식품,수산물,해산물/어패류,해삼
50004716,식품,수산물,해산물/어패류,홍합
50022660,식품,스낵/과자,가공안주류,
50022699,식품,스낵/과자,과자/쿠키세트,
50022739,식품,스낵/과자,기타과자,
50022759,식품,스낵/과자,시리얼,그래놀라
50022799,식품,스낵/과자,시리얼,기타시리얼
50022760,식품,스낵/과자,시리얼,단백질바
50022779,식품,스낵/과자,시리얼,시리얼바
50022680,식품,스낵/과자,시리얼,후레이크
50022500,식품,스낵/과자,일반스낵,
50022679,식품,스낵/과자,쿠키/비스킷,
50022659,식품,스낵/과자,파이/케익,
50022719,식품,스낵/과자,팝콘/강냉이류,
50012761,식품,식용유/오일,기타기름,
50012640,식품,식용유/오일,대두유,
50012740,식품,식용유/오일,들기름,
50012780,식품,식용유/오일,아보카도오일,
50012660,식품,식용유/오일,올리브유,
50012760,식품,식용유/오일,참기름,
50012680,식품,식용유/오일,카놀라유,
50012700,식품,식용유/오일,포도씨유,
50012720,식품,식용유/오일,해바라기씨유,
50022982,식품,아이스크림/빙수,빙수/기타재료,
50023080,식품,아이스크림/빙수,아이스크림,
50001758,식품,유가공품,마가린,
50001759,식품,유가공품,버터,
50001757,식품,유가공품,생크림,
50013180,식품,유가공품,연유,
50002398,식품,유가공품,치즈,기타치즈
50013140,식품,유가공품,치즈,리코타치즈
50013120,식품,유가공품,치즈,스트링치즈
50002395,식품,유가공품,치즈,슬라이스치즈
50002397,식품,유가공품,치즈,크림치즈
50013160,식품,유가공품,치즈,파마산치즈
50002396,식품,유가공품,치즈,피자치즈
50013200,식품,유가공품,휘핑크림,
50012041,식품,음료,건강/기능성음료,기타건강/기능성음료
50012160,식품,음료,건강/기능성음료,에너지음료
50012800,식품,음료,두유,
50002032,식품,음료,생수,
50012742,식품,음료,우유/요거트,요거트
50012741,식품,음료,우유/요거트,우유
50012240,식품,음료,전통/차음료,곡물음료
50012002,식품,음료,전통/차음료,기타전통/차음료
50012001,식품,음료,전통/차음료,녹차/홍차음료
50012220,식품,음료,전통/차음료,식혜/수정과
50002258,식품,음료,주스/과즙음료,감귤주스
50002265,식품,음료,주스/과즙음료,기타과즙음료
50012860,식품,음료,주스/과즙음료,레몬주스
50002261,식품,음료,주스/과즙음료,망고주스
50012681,식품,음료,주스/과즙음료,매실주스
50002260,식품,음료,주스/과즙음료,사과주스
50002259,식품,음료,주스/과즙음료,오렌지주스
50002262,식품,음료,주스/과즙음료,자몽주스
50012840,식품,음료,주스/과즙음료,타트체리주스
50002263,식품,음료,주스/과즙음료,토마토주스
50002264,식품,음료,주스/과즙음료,포도주스
50016981,식품,음료,차류,결명자차
50013060,식품,음료,차류,국화차
50002384,식품,음료,차류,기타차
50013100,식품,음료,차류,꽃차
50002268,식품,음료,차류,녹차
50013000,식품,음료,차류,대추차
50018520,식품,음료,차류,둥글레차
50018620,식품,음료,차류,라벤더차
50013080,식품,음료,차류,루이보스티
50014921,식품,음료,차류,바나바잎차
50012980,식품,음료,차류,보리차
50002382,식품,음료,차류,보이차
50013020,식품,음료,차류,생강차
50012781,식품,음료,차류,쌍화차
50002594,식품,음료,차류,옥수수차
50013040,식품,음료,차류,우롱차
50006197,식품,음료,차류,우엉차
50002595,식품,음료,차류,유자차
50002596,식품,음료,차류,율무차
50018600,식품,음료,차류,자스민차
50014940,식품,음료,차류,작두콩차
50018540,식품,음료,차류,카모마일차
50014841,식품,음료,차류,콤부차
50018560,식품,음료,차류,페퍼민트차
50002381,식품,음료,차류,허브차
50014901,식품,음료,차류,호박팥차
50002380,식품,음료,차류,홍차
50018580,식품,음료,차류,히비스커스차
50002250,식품,음료,청량/탄산음료,과즙탄산음료
50002257,식품,음료,청량/탄산음료,기타탄산음료
50002252,식품,음료,청량/탄산음료,논알콜/무알콜음료
50002253,식품,음료,청량/탄산음료,사이다
50002255,식품,음료,청량/탄산음료,아이스티음료
50002251,식품,음료,청량/탄산음료,에이드음료
50002256,식품,음료,청량/탄산음료,이온음료
50002254,식품,음료,청량/탄산음료,콜라
50005541,식품,음료,커피,더치커피
50011920,식품,음료,커피,드립백/티백
50002266,식품,음료,커피,원두/생두
50009600,식품,음료,커피,캡슐커피
50002606,식품,음료,커피,커피믹스/인스턴트커피
50002605,식품,음료,커피,커피음료
50002607,식품,음료,커피,프림
50012960,식품,음료,코코아,
50002033,식품,음료,탄산수,
50012701,식품,음료,파우더/스무디,
50014121,식품,장류,간장,
50014141,식품,장류,고추장,
50014181,식품,장류,기타장류,
50013841,식품,장류,낫토,
50013621,식품,장류,된장,
50013882,식품,장류,메주,
50014200,식품,장류,쌈장,
50018321,식품,장류,양념장,고기양념
50018440,식품,장류,양념장,기타양념장
50018420,식품,장류,양념장,비빔양념
50018400,식품,장류,양념장,찌개양념
50014180,식품,장류,청국장,
50013501,식품,잼/시럽,기타잼/시럽,
50013441,식품,잼/시럽,딸기잼,
50013560,식품,잼/시럽,땅콩잼,
50012981,식품,잼/시럽,메이플시럽,
50013540,식품,잼/시럽,사과잼,
50013580,식품,잼/시럽,초코시럽,
50013521,식품,잼/시럽,초코잼,
50013561,식품,잼/시럽,커피시럽,
50022859,식품,전통과자,강정,
50022939,식품,전통과자,약과,
50022879,식품,전통과자,엿,
50022919,식품,전통과자,전병,
50022880,식품,전통과자,한과,
50022761,식품,전통과자,화과자,
50012500,식품,제과/제빵재료,기타제과/제빵재료,
50012480,식품,제과/제빵재료,베이킹파우더,
50012201,식품,제과/제빵재료,제과/제빵믹스,
50012441,식품,제과/제빵재료,호떡믹스,
50022559,식품,젤리/사탕/초콜릿,껌,
50022579,식품,젤리/사탕/초콜릿,마시멜로,
50022459,식품,젤리/사탕/초콜릿,사탕,
50022599,식품,젤리/사탕/초콜릿,양갱,
50022479,식품,젤리/사탕/초콜릿,젤리,
50022519,식품,젤리/사탕/초콜릿,초콜릿,
50022499,식품,젤리/사탕/초콜릿,캐러멜,
50022539,식품,젤리/사탕/초콜릿,푸딩,
50012560,식품,조미료,겨자,
50012442,식품,조미료,고추냉이,
50012540,식품,조미료,고춧가루,
50012421,식품,조미료,기타조미료,
50018501,식품,조미료,맛가루/후리가케,
50011944,식품,조미료,물엿/올리고당,
50012581,식품,조미료,설탕,
50012580,식품,조미료,소금,
50012461,식품,조미료,식초,
50012521,식품,조미료,액젓,
50012600,식품,조미료,천연감미료,
50012304,식품,조미료,후추,
50014760,식품,주류,맥주,
50014741,식품,주류,사케/기타수입주류,
50014720,식품,주류,수입와인,
50014740,식품,주류,양주,
50014640,식품,주류,전통주,국산와인/과일주
50014522,식품,주류,전통주,기타전통주
50014680,식품,주류,전통주,담금주
50014620,식품,주류,전통주,리큐르주
50014560,식품,주류,전통주,막걸리/탁주
50014660,식품,주류,전통주,복분자주
50014521,식품,주류,전통주,소주
50014580,식품,주류,전통주,약주
50014600,식품,주류,전통주,일반증류주
50014700,식품,주류,전통주,전통주선물세트
50020820,식품,즉석밥/즉석국,국/탕/찌개,
50020819,식품,즉석밥/즉석국,볶음밥/컵밥/덮밥,
50020799,식품,즉석밥/즉석국,일반즉석밥/잡곡밥,
50020821,식품,즉석밥/즉석국,전투식량,
50020839,식품,즉석밥/즉석국,주먹밥/김밥,
50000215,식품,축산물,기타육류,
50017781,식품,축산물,닭고기,기타부위닭고기
50013800,식품,축산물,닭고기,닭가슴살
50017762,식품,축산물,닭고기,닭날개/봉
50017801,식품,축산물,닭고기,닭다리
50017901,식품,축산물,닭고기,닭발/근위
50013780,식품,축산물,닭고기,닭양념육
50004657,식품,축산물,닭고기,생닭
50004651,식품,축산물,돼지고기,국내산돼지고기
50013700,식품,축산물,돼지고기,돈육훈제
50013720,식품,축산물,돼지고기,돼지양념육
50004652,식품,축산물,돼지고기,수입산돼지고기
50004653,식품,축산물,쇠고기,국내산육우
50013740,식품,축산물,쇠고기,쇠고기양념육
50004655,식품,축산물,쇠고기,수입산쇠고기
50004654,식품,축산물,쇠고기,한우
50002457,식품,축산물,알류,구운계란
50004660,식품,축산물,알류,기타새알
50004658,식품,축산물,알류,달걀
50004659,식품,축산물,알류,메추리알
50017840,식품,축산물,양고기,기타양고기
50017780,식품,축산물,양고기,양갈비
50017800,식품,축산물,양고기,양꼬치
50013620,식품,축산물,오리고기,생오리고기
50013660,식품,축산물,오리고기,오리주물럭/불고기
50013640,식품,축산물,오리고기,오리훈제
50004661,식품,축산물,축산가공식품,갈비찜
50013820,식품,축산물,축산가공식품,곱창/막창/대창
50004681,식품,축산물,축산가공식품,기타육가공
50016882,식품,축산물,축산가공식품,닭가공품
50004662,식품,축산물,축산가공식품,돈가스
50004668,식품,축산물,축산가공식품,떡갈비
50004669,식품,축산물,축산가공식품,베이컨
50004678,식품,축산물,축산가공식품,삼계탕
50004674,식품,축산물,축산가공식품,소시지
50004675,식품,축산물,축산가공식품,순대
50004676,식품,축산물,축산가공식품,육포
50004670,식품,축산물,축산가공식품,족발
50004673,식품,축산물,축산가공식품,햄
50011980,식품,통조림/캔,골뱅이/번데기,
50012040,식품,통조림/캔,기타통조림/캔,
50011960,식품,통조림/캔,꽁치/고등어,
50012020,식품,통조림/캔,세트,
50012000,식품,통조림/캔,옥수수/콩,
50011941,식품,통조림/캔,참치/연어,
50011921,식품,통조림/캔,피클/올리브,
50011943,식품,통조림/캔,햄,
50011942,식품,통조림/캔,황도/과일,
