변환관리코드,원코드,내품나누기,소분규격,소분상품명
HB200G10EA-15-15-06,15-15-06,3.0,10입*3,햇반 200g 10개입
TU85G12EA-15-06-04,15-06-04,4.0,85g*12,사조해표 살코기참치 85g 12개입
TU85G12EA-15-06-05,15-06-05,4.0,85g*12,사조해표 고추참치 85g 12개입
TU250G6EA-11-04-05,11-04-05,6.0,250g*6,동원참치 살코기 250g 6개입
TU250G6EA-11-11-02,11-11-02,6.0,250g*6,동원 김치찌개 참치(빅) 250g 6개입
TU250G6EA-11-05-04,11-05-04,6.0,250g*6,동원 고추참치(빅) 250g 6개입
TU250G6EA-11-21,11-21,6.0,250g*6,동원 DHA참치(빅) 250g 6개입
TU200G6EA-15-07,15-07,6.0,200g*6,사조 마일드참치 200g 6개입
TU200G6EA-11-03,11-03,6.0,200g*6,동원참치 살코기(빅) 200g 6개입
TU200G6EA-11-04,11-04,6.0,200g*6,동원참치 마일드 200g 6개입
TU200G6EA-11-11,11-11,6.0,200g*6,동원 김치찌개 참치 200g 6개입
TU150G12EA-11-05-02,11-05-02,4.0,150g*12,동원 고추참치 150g 12개입
TUS90G8EA-11-41-05,11-41-05,10.0,90g*8,동원 참치기획 살코기 90g 8개입
SC500G4EA-08-47-03,08-47-03,3.0,500g*4,백설 소불고기 양념장 500g 4개입
SC500G4EA-08-47-01,08-47-01,3.0,500g*4,
SC500G4EA-08-47-04,08-47-04,3.0,500g*4,백설 돼지불고기 양념장 500g 4개입
SC500G4EA-08-47-02,08-47-02,3.0,500g*4,백설 돼지갈비 양념장 500g 4개입
OIL900ML4EA-08-32,08-32,3.0,900ml*4,백설 포도씨유 900ml 4개
OIL900ML4EA-08-32-02,08-32-02,3.0,900ml*4,백설 카놀라유 900ml 4개
OIL500ML6EA-08-20-05,08-20-05,2.0,500ml*6,백설 압착 올리브유 500ml 6개
OIL500ML6EA-08-20-04,08-20-04,2.0,500ml*6,백설 바삭한 요리유 500ml 6개
OIL500ML6EA-08-20-03,08-20-03,2.0,500ml*6,
OIL500ML6EA-08-20-01,08-20-01,2.0,500*6,백설 포도씨유 500ml 6개
OILO450ML2EA-39-80..,39-80..,6.0,450ml*2,오뚜기 옛날참기름 450ml 2개입
OILO450ML2EA-08-37-02,08-37-02,6.0,430*2,백서설 고소함가득 참기름 430ml 2개입
OIL1P8L6EA-53-01,53-01,3.0,1.8L*12,해표 식용유 1.8L 4개입
OIL1P8L5EA-08-28,08-28,2.0,1.8L*10,백설 콩식용유 1.8L 5개입
SPCM340G5EA-15-04,15-04,4.0,340ml*5,스팸 클래식 340g 5개입
SPCM340G5EA-15-04-02,15-04-02,4.0,340ml*5,스팸 마일드25% 라이트 340g 5개입
SP340G6EA-23-84,23-84,4.0,340g*6,목우촌 뚝심(캔햄 1호) 340g 6개입
SP340G6EA-16-05,16-05,4.0,340g*6,롯데 런천미트 340g 6개입
SP340G6EA-57-04,57-04,4.0,340g*6,한성 런천미트 340g 6개입
SP340G6EA-16-01,16-01,4.0,340g*6,로스팜 97%(마일드) 340g 6개입
SP200G6EA-23-85-01,23-85-01,4.0,200g*6,목우촌 뚝심 200g 200g 6개입
SP200G6EA-57-02,57-02,4.0,200g*6,한성 런천미트 200g 6개입
SP200G6EA-16-06,16-06,4.0,200g*6,롯데 런천미트 200g 6개입
SP200G6EA-16-02,16-02,4.0,200g*6,로스팜(마일드) 200g 6개입
SP200G5EA-15-03-03,15-03-03,4.0,200g*5,스팸 마일드 25% 라이트 200g 5개입
SP200G5EA-15-03,15-03,4.0,200g*5,스팸 클래식 200g 5개입
SPS200G6EA-15-03-06,15-03-06,8.0,클200g*4+마200g*2,스팸 200g 클래식 4개 마일드 2개 세트기획
SPS340G4EA-15-04-03,15-04-03,8.0,340g*4,스팸 340g 클래식 3개 마일드 1개 세트기획
SG1KG4EA-15-63,15-63,4.0,1kg*4,큐원 흑설탕 1kg 4개
SG3KG1EA-15-60,15-60,8.0,3k*1,큐원 하얀설탕 3kg 1개
SG1KG5EA-15-47,15-47,4.0,1kg*5,큐원 하얀설탕 1kg 5개
SG1KG5EA-15-47-02,15-47-02,4.0,1kg*5,큐원 갈색설탕 1kg 5개
SGB3KG1EA-15-60-02,15-60-02,8.0,3k*1,큐원 갈색설탕 3kg 1개
SGB3KG1EA-15-42-02,15-42-02,6.0,3kg*1,백설 하얀설탕 3kg 1개
SG1KG4EA-15-40-03,15-40-03,4.0,1kg*4,백설 갈색설탕 1kg 4개
CMMS50T1EA-24-11-01,24-11-01,4.0,(3+1)*1,맥심 모카골드 50T 4개입
CMN200T1EA-24-12-10,24-12-10,4.0,(180*20)*1,맥실 모카골드 200T 1개
CMR30T1EA-21-108-02,21-108-02,4.0,30T*1,루카스나인 바닐라라떼 30T 1개
CMR30T1EA-21-108-05,21-108-05,4.0,30T*1,루카스나인 더블샷라떼 30T 1개
CMN200T1EA-21-108-110-13,21-108-110-13,4.0,(180+20),남양 프렌치카페커피믹스 180+20T
RAM120G10EA-22-51,22-51,4.0,120g*10,팔도 틈새라면 5EA 2박스
RAM5EA-54-21,54-21,8.0,5*1,팔도 비빔면 멀티 5EA 1박스
RAM86G8EA-81-04,81-04,3.0,86g*8,팔도 도시락 컵라면 8개입
RAM5EA-54-07,54-07,8.0,5*1,짜파게티 5개입 1박스
RAM5EA-39-91-01,39-91-01,8.0,5*1,진라면 순한맛 5개입 1박스
RAM5EA-39-91,39-91,8.0,5*1,진라면 매운맛 5개입 1박스
RAM5EA-54-01,54-01,8.0,5*1,신라면 5개입 1박스
RAM5EA-54-10,54-10,8.0,5*1,삼양라면 5개입 1박스
SS500G2EA-15-19,15-19,10.0,500g*2,백설 쇠고기 다시다 500g 2개
SS1KG1EA-15-20,15-20,10.0,1kg*1,백설 쇠고기 다시다 1kg 1개
SS1P2KG3EA-15-87-03,15-87-03,3.0,1.2kg*3,백설 프락토올리고당 1.2kg 3개
SS1P2KG3EA-15-87-04,15-87-04,3.0,1.2kg*3,백설 요리 올리고당 1.2kg 3개
PD1KG5EA-08-45,08-45,2.0,1kg*5,백설 튀김가루 1kg 5개
PD1KG5EA-08-46,08-46,2.0,1kg*5,백설 부침가루 1kg 5개
RC850G6EA-11-74-02,11-74-02,2.0,850g*6,동서 리치스 후르츠칵테일 850g 6개입
RC850G6EA-11-74-04,11-74-04,2.0,836g*6,동서 리치스 파인애플슬라이스 836g 6개입
GB140G12EA-10-02,10-02,4.0,140g*12,유동 골뱅이 140g 12개
GB130G12EA-10-07,10-07,4.0,130g*12,유동 번데기 130g 12개
GB280G6EA-10-14,10-14,4.0,280g*6,유동 뚝배기번데기탕 얼큰한맛 6개
GB230G6EA-10-01,10-01,4.0,230g*6,유동 골뱅이 230g 6개
GB130G12EA-19-17,19-17,4.0,130*12,삼포 번데기 130g 12개
GB280G6EA-10-29,10-29,4.0,280g*6,유동 번데기 280g 6개
GB130G12EA-14-15,14-15,4.0,130*12,펭귄 번데기 130g 12개
GB300G6EA-10-00-02,10-00-02,4.0,300g*6,유동 골뱅이 300g 6개
GB280G6EA-10-14-02,10-14-02,4.0,280g*6,유동 뚝배기번데기탕 구수한맛 6개
GB230G6EA-46-04-01,46-04-01,4.0,230g*6,동표 을지로골뱅이 230g 6개
GB140G12EA-46-04-02,46-04-02,4.0,140g*12,동표 을지로골뱅이 140g 12개
GB280G6EA-10-21,10-21,4.0,280g*6,유동 순살 왕꼬막 280g 6개
YZ285G6EA-11-23,11-23,4.0,286g*6,동원 양반 전통잣죽 286g 6개
YZ285G6EA-11-28,11-28,4.0,285g*6,동원 양반 쇠고기죽 285g 6개
YZ285G6EA-11-28-02,11-28-02,4.0,285*6,동원 양반 밤단팥죽 285g 6개
YZ285G6EA-11-24,11-24,4.0,285g*6,동원 양반 단호박죽 285g 6개
FH6-19-20,19-20,4.0,400g*6,삼포 황도슬라이스400g 6개
FH6-14-13-01,14-13-01,4.0,400g*6,강구나루 황도슬라이스400g 6개
FH6-14-13,14-13,4.0,400g*6,강구나루 고등어 400g 6개
FH6-14-12,14-12,4.0,400g*6,강구나루 꽁치400g 6개
FH6-14-10,14-10,4.0,400g*6,펭귄 황도슬라이스400g 6개
FH6-14-02-02,14-02-02,4.0,400g*6,펭귄 고등어 400g 6개
FH6-14-01,14-01,4.0,400g*6,펭귄 한마리꽁치400g 6개
FH6-11-17,11-17,4.0,400g*6,동원 골뱅이400g 6개
FH6-10-08-02,10-08-02,4.0,400g*6,유동 황도슬라이스400g 6개
FH6-10-04,10-04,4.0,400g*6,유동 꽁치400g 6개
FH6-10-00,10-00,4.0,400g*6,유동 골뱅이400g 6개
KL600G12EA-01-18,01-18,3.0,600g*4,콘푸로스트 600g 4개
KRPY1EA-67-73,67-73,8.0,500g*1,우기곡물 크리스피롤23 크림치즈 500g 1개
KRPY1EA-67-73-01,67-73-01,8.0,500g*1,우기곡물 크리스피롤23 인절미 500g 1개
MGG1EA-67-74,67-74,16.0,500g*1,명가 꽈배기 참깨 500g 1개
MGG1EA-67-74-01,67-74-01,16.0,500g*1,명가 꽈배기 흑당 500g 1개
NRG1EA-66-07,66-07,10.0,270g*1,선푸드 검은깨 쌀 누룽지칩 270g 1개
GNRG1EA-66-01,66-01,20.0,180g*1,
GNRG1EA-66-01-01,66-01-01,20.0,180g*1,
BT15EA-25-59-03,25-59-03,6.0,15병*1곽,여명808(신형) 15개 1곽
BT10EA-25-273,25-273,10.0,10병*1곽,광동 생강쌍화 120ml 10개 1곽
BT10EA-25-40-02,25-40-02,6.0,10병*1곽,삼성 까스명수 75ml 10개 1곽
BT10EA-20-10,20-10,10.0,10병*1곽,광동 쌍화골드 100ml 10개 1곽
BT10EA-20-04,20-04,10.0,10병*1곽,광동 비타500 100ml 10개 1곽
BT10EA-28-06,28-06,10.0,10병*1곽,화이브 미니 100ml 10개 1곽
BT10EA-28-50,28-50,10.0,10병*1곽,미에로 병 100ml 10개 1곽
BT10EA-38-09-03,38-09-03,6.0,10병*1곽,동화 까스활 75ml 10개 1곽
BT10EA-20-12-01,20-12-01,10.0,10병*1곽,광동 위생천 75ml 10개 1곽
BT10EA-28-13,28-13,10.0,10병*1곽,헬씨올리고 100ml 10개 1곽
BT10EA-28-13-05,28-13-05,10.0,10병*1곽,비타업 100ml 10개 1곽
BT10EA-55-09,55-09,10.0,10병*1곽,홍삼진병 100ml 10개 1곽
BT10EA-55-01-02,55-01-02,5.0,10병*1곽,헛개 컨디션 120ml 10개 1곽
BT10EA-55-01,55-01,5.0,10병*1곽,헛개 컨디션 100ml 10개 1곽
BT10EA-81-40,81-40,5.0,10병*1곽,동아 모닝케어 D 100ml 10개 1곽
PJ8EA-20-13-04,20-13-04,5.0,8입*1곽,피크닉 젤리 45g 8개 1곽
PJ8EA-20-13-03,20-13-03,5.0,8입*1곽,피크닉 청포도 45g 8개 1곽
PJ8EA-20-13-02,20-13-02,5.0,8입*1곽,피크닉 사과 45g 8개 1곽
MMC1EA-65-53,65-53,8.0,160g*1,푸드킹 메밀칩 양파맛
MMC1EA-65-53-01,65-53-01,10.0,160g*1,푸드킹 메밀칩 대파맛
MMC1EA-65-53-02,65-53-02,8.0,160g*1,
MGG1EA-48-34,48-34,18.0,440g*1,NINE 야채크래커
IMADE10EA-48-69,48-69,10.0,10입* 1곽,
IMADE10EA-48-69-01,48-69-01,10.0,10입* 1곽,
IMADE10EA-48-69-02,48-69-02,10.0,10입* 1곽,
IMADE10EA-48-69-03,48-69-03,10.0,10입* 1곽,
IMADE10EA-48-69-04,48-69-04,10.0,10입* 1곽,
IMADE10EA-48-69-05,48-69-05,10.0,10입* 1곽,
TR1EA-62-39-03,62-39-03,20.0,77g*1,
TR1EA-62-39-02,62-39-02,20.0,77g*1,
TR1EA-62-39,62-39,20.0,77g*1,
TR1EA-62-39-01,62-39-01,20.0,77g*1,
