관리코드,상품명,박스내품,구분,입력값,원코드
01-17-08,청정원팜고급유NH-1호(3세트)-(BOX),3.0,선물세트,0.3333333333333333,01-17-08
01-19-04,청정원 고급유6호 / 8세트-(BOX)/24,8.0,선물세트,0.125,01-19-04
01-19-02,청정원 고급유3호 /4세트-(BOX),4.0,선물세트,0.25,01-19-02
01-17-05,청정원 NH-5호 / 3세트-(BOX),3.0,선물세트,0.3333333333333333,01-17-05
01-17-03,청정원 NH3호 / 3세트-(BOX)/32,3.0,선물세트,0.3333333333333333,01-17-03
01-17,청정원 스페셜 NH2호/3세트,3.0,선물세트,0.3333333333333333,01-17
45-07-03,CJ특별한선택N호/4세트(24),4.0,선물세트,0.25,45-07-03
45-12,스팸특별한선택 N2호 / 4세트-(BOX)/24,4.0,선물세트,0.25,45-12
45-25-02,,1.0,선물세트,1.0,45-25-02
45-27,CJ스팸복합2호 / 4세트(32),4.0,선물세트,0.25,45-27
45-11,CJ스팸복합1호 / 5세트(24),5.0,선물세트,0.2,45-11
45-26,,1.0,선물세트,1.0,45-26
45-04,,3.0,선물세트,0.3333333333333333,45-04
45-21,CJ스팸8호 / 5세트 (40),5.0,선물세트,0.2,45-21
45-05,CJ스팸6호/4세트(40),4.0,선물세트,0.25,45-05
45-10-01,CJ스팸3호/4세트 (32),4.0,선물세트,0.25,45-10-01
45-08,CJ스팸1호/4세트(18),4.0,선물세트,0.25,45-08
45-12-04,CJ특별한선택골드라벨/3세트(20),3.0,선물세트,0.3333333333333333,45-12-04
45-18-02,CJ 스팸8K호/5세트(40),5.0,선물세트,0.2,45-18-02
24-15-03,동서맥심모카골드230T*4(30),4.0,선물세트,0.25,24-15-03
24-15-05,동서맥심모카골드22호(230T)가방형(30),4.0,선물세트,0.25,24-15-05
16-25,,4.0,선물세트,0.25,16-25
16-24-01,롯데프리미엄 복합4호/3세트(BOX),3.0,선물세트,0.3333333333333333,16-24-01
16-24-02,,3.0,선물세트,0.3333333333333333,16-24-02
16-24,,3.0,선물세트,0.3333333333333333,16-24
16-31-02,롯데 프리미엄 런천미트2호/ 3세트 -(BOX)(42),3.0,선물세트,0.3333333333333333,16-31-02
16-15,,3.0,선물세트,0.3333333333333333,16-15
50-23.,,4.0,선물세트,0.25,50-23.
52-27,동원특15호/5세트-(BOX)/24,5.0,선물세트,0.2,52-27
50-24-01,동원튜나런천67호 / 4세트-(BOX)/30,4.0,선물세트,0.25,50-24-01
50-18,동원캔57호/4세트 (30),4.0,선물세트,0.25,50-18
50-12,,1.0,선물세트,1.0,50-12
50-01,동원친호 / 6세트-(BOX)/40,6.0,선물세트,0.1666666666666666,50-01
50-03,동원친100호 / 6세트-(BOX),6.0,선물세트,0.1666666666666666,50-03
50-39,동원참치10호/4세트-(BOX),4.0,선물세트,0.25,50-39
50-07,동원유호/8세트-(BOX)/42,8.0,선물세트,0.125,50-07
50-20-01,동원올리브김식탁24P/3세트-(BOX) (24),3.0,선물세트,0.3333333333333333,50-20-01
50-05,동원선호/4세트-(BOX)/32,4.0,선물세트,0.25,50-05
50-52.,,1.0,선물세트,1.0,50-52.
50-81,,1.0,선물세트,1.0,50-81
50-32,동원리챔G9호(리챔6호)/5세트(BOX)(32),5.0,선물세트,0.2,50-32
50-31,동원리챔4호/4세트(BOX),4.0,선물세트,0.25,50-31
50-311,,9.0,선물세트,0.1111111111111111,50-311
50-40,동원리챔2호/ 5세트(BOX)/32,5.0,선물세트,0.2,50-40
50-02,동원단호 / 6세트-(BOX)/30,6.0,선물세트,0.1666666666666666,50-02
50-04,동원단100호/6세트-(BOX),6.0,선물세트,0.1666666666666666,50-04
50-10,,4.0,선물세트,0.25,50-10
45-09-01,CJ풍성한S호/3세트(BOX)(16),3.0,선물세트,0.3333333333333333,45-09-01
15-01-05,CJ 제일N호/5세트,1.0,선물세트,1.0,15-01-05
45-07,CJ 스페셜 G호/3세트 (20),3.0,선물세트,0.3333333333333333,45-07
81-48,엘지생활의품격Y호(엘지3호)/5세트(BOX)/32,5.0,선물세트,0.2,81-48
01-19-06,청정원 L6호(4세트)-(BOX)/32,4.0,선물세트,0.25,01-19-06
01-19,청정원 특선A호*3세트-(BOX),3.0,선물세트,0.3333333333333333,01-19
50-00,동원 건강한49호/4세트-(Box),4.0,선물세트,0.25,50-00
57-01,,5.0,선물세트,0.2,57-01
50-55,동원진호 3세트,3.0,선물세트,0.3333333333333333,50-55
50-71,동원스페셜21호/ 4세트(BOX),4.0,선물세트,0.25,50-71
50-71-01,동원스페셜49호/ 6세트(BOX),6.0,선물세트,0.1666666666666666,50-71-01
50-72,동원참치M12호/ 5세트(BOX) (30),5.0,선물세트,0.2,50-72
50-72-01,동원참치S14호/ 6세트(BOX) (40),6.0,선물세트,0.1666666666666666,50-72-01
50-72-02,동원참치V30호/ 5세트(BOX),5.0,선물세트,0.2,50-72-02
50-75,동원튜나리챔30호/ 5세트(BOX),5.0,선물세트,0.2,50-75
50-71-02,동원스페셜5호/ 5세트(BOX)/32,5.0,선물세트,0.2,50-71-02
08-25-01,CJ 현명한선택FW호/ 5세트 (32),5.0,선물세트,0.2,08-25-01
50-75-02,동원튜나리챔100호(캔57호)/ 4세트 (BOX) (30),4.0,선물세트,0.25,50-75-02
45-06,CJ 스팸8E호 / 5세트-(BOX) (40),5.0,선물세트,0.2,45-06
51-31,동원참치S12호/ 6세트 (40),6.0,선물세트,0.167,51-31
51-30,동원참치T12호/ 5세트 (40),5.0,선물세트,0.2,51-30
51-30-01,동원참치T14호/ 5세트 (30),5.0,선물세트,0.2,51-30-01
50-21-01,동원들기름김식탁24P/3세트-(BOX)/24,3.0,선물세트,0.333,50-21-01
51-30-02,동원참치T21호/ 3세트 (32),3.0,선물세트,0.3333333333333333,51-30-02
45-10-09, CJ 스팸12K호 (40) (4세트),4.0,선물세트,0.25,45-10-09
45-10-05,Cj 스팸3k호/4세트(32),4.0,선물세트,0.25,45-10-05
50-71-03,동원프리미엄60호 / 5세트(BOX) (16),5.0,선물세트,0.2,50-71-03
51-30-03,동원참치T18호 / 3세트 (32),3.0,선물세트,0.333,51-30-03
45-20-+01,애경사랑다온14호(5세트)(32),5.0,선물세트,0.2,45-20-+01
45-20-02,애경사랑19호(4세트)(24),4.0,선물세트,0.25,45-20-02
01-19-10,청정원 스페셜S호/4세트,4.0,선물세트,0.25,01-19-10
45-12-06,CJ 스팸특별한선택 H-2호 (32)/5세트,5.0,선물세트,0.2,45-12-06
50-72-01,동원참치NS15호/ 6세트(BOX) (40),6.0,선물세트,0.1666666666666666,50-72-01
83-62-01,,4.0,선물세트,0.25,83-62-01
11-74-03,동서 리치스후르츠칵테일3kg (48),6.0,리치스,0.1666666666666666,11-74-03
11-74-05,동서 리치스파인애플슬라이스3kg (48),6.0,리치스,0.1666666666666666,11-74-05
11-75-01,동서 리치스블랙올리브슬라이스3kg (42),6.0,리치스,0.1666666666666666,11-75-01
11-74-07,동서 리치스 파인청크3kg(48),6.0,리치스,0.1666666666666666,11-74-07
11-75-02,동서 리치스블랙올리브홀 피티드3gk (42),6.0,리치스,0.1666666666666666,11-75-02
11-75-05,동서 리치스통단팥3kg,6.0,리치스,0.1666666666666666,11-75-05
81-29,롯데 칸타타 아이스카라멜마끼아또 파우치230,50.0,파우치,0.2,81-29
81-30,롯데 칸타타 아이스헤이즐넛 파우치230,50.0,파우치,0.2,81-30
81-28,롯데 칸타타 아이스 스위트아메리카노 파우치230,50.0,파우치,0.2,81-28
81-27,롯데 칸타타 아이스블랙 파우치230,50.0,파우치,0.2,81-27
11-74,"동서 리치스홀커널스위트콘덕용 (태국) 2,950kg (42)",4.0,리치스,0.25,11-74
HB200G10EA-15-15-06,,,HB200G10EA,0.3333333333333333,15-15-06
TU85G12EA-15-06-04,,,TU85G12EA,0.25,15-06-04
TU85G12EA-15-06-05,,,TU85G12EA,0.25,15-06-05
TU250G6EA-11-04-05,,,TU250G6EA,0.1666666666666666,11-04-05
TU250G6EA-11-11-02,,,TU250G6EA,0.1666666666666666,11-11-02
TU250G6EA-11-05-04,,,TU250G6EA,0.1666666666666666,11-05-04
TU250G6EA-11-21,,,TU250G6EA,0.1666666666666666,11-21
TU200G6EA-15-07,,,TU200G6EA,0.1666666666666666,15-07
TU200G6EA-11-03,,,TU200G6EA,0.1666666666666666,11-03
TU200G6EA-11-04,,,TU200G6EA,0.1666666666666666,11-04
TU200G6EA-11-11,,,TU200G6EA,0.1666666666666666,11-11
TU150G12EA-11-05-02,,,TU150G12EA,0.25,11-05-02
TUS90G8EA-11-41-05,,,TUS90G8EA,0.1,11-41-05
SC500G4EA-08-47-03,,,SC500G4EA,0.3333333333333333,08-47-03
SC500G4EA-08-47-01,,,SC500G4EA,0.3333333333333333,08-47-01
SC500G4EA-08-47-04,,,SC500G4EA,0.3333333333333333,08-47-04
SC500G4EA-08-47-02,,,SC500G4EA,0.3333333333333333,08-47-02
OIL900ML4EA-08-32,,,OIL900ML4EA,0.3333333333333333,08-32
OIL900ML4EA-08-32-02,,,OIL900ML4EA,0.3333333333333333,08-32-02
OIL500ML6EA-08-20-05,,,OIL500ML6EA,0.5,08-20-05
OIL500ML6EA-08-20-04,,,OIL500ML6EA,0.5,08-20-04
OIL500ML6EA-08-20-03,,,OIL500ML6EA,0.5,08-20-03
OIL500ML6EA-08-20-01,,,OIL500ML6EA,0.5,08-20-01
OILO450ML2EA-39-80..,,,OILO450ML2EA,0.1666666666666666,39-80..
OILO450ML2EA-08-37-02,,,OILO450ML2EA,0.1666666666666666,08-37-02
OIL1P8L6EA-41-19,,,OIL1P8L6EA,0.3333333333333333,41-19
OIL1P8L5EA-08-28,,,OIL1P8L5EA,0.5,08-28
SPCM340G5EA-15-04,,,SPCM340G5EA,0.25,15-04
SPCM340G5EA-15-04-02,,,SPCM340G5EA,0.25,15-04-02
SP340G6EA-23-84,,,SP340G6EA,0.25,23-84
SP340G6EA-16-05,,,SP340G6EA,0.25,16-05
SP340G6EA-57-04,,,SP340G6EA,0.25,57-04
SP340G6EA-16-01,,,SP340G6EA,0.25,16-01
SP200G6EA-23-85-01,,,SP200G6EA,0.25,23-85-01
SP200G6EA-57-02,,,SP200G6EA,0.25,57-02
SP200G6EA-16-06,,,SP200G6EA,0.25,16-06
SP200G6EA-16-02,,,SP200G6EA,0.25,16-02
SP200G5EA-15-03-03,,,SP200G5EA,0.25,15-03-03
SP200G5EA-15-03,,,SP200G5EA,0.25,15-03
SPS200G6EA-15-03-06,,,SPS200G6EA,0.125,15-03-06
SPS340G4EA-15-04-03,,,SPS340G4EA,0.125,15-04-03
SG1KG4EA-15-63,,,SG1KG4EA,0.25,15-63
SG3KG1EA-15-60,,,SG3KG1EA,0.125,15-60
SG1KG5EA-15-47,,,SG1KG5EA,0.25,15-47
SG1KG5EA-15-47-02,,,SG1KG5EA,0.25,15-47-02
SGB3KG1EA-15-60-02,,,SGB3KG1EA,0.125,15-60-02
SGB3KG1EA-15-42-02,,,SGB3KG1EA,0.1666666666666666,15-42-02
SG1KG4EA-15-40-03,,,SG1KG4EA,0.25,15-40-03
CMMS50T1EA-24-11-01,,,CMMS50T1EA,0.25,24-11-01
CMN200T1EA-24-12-10,,,CMN200T1EA,0.25,24-12-10
CMR30T1EA-21-108-02,,,CMR30T1EA,0.25,21-108-02
CMR30T1EA-21-108-05,,,CMR30T1EA,0.25,21-108-05
RAM120G10EA-22-51,,,RAM120G10EA,0.25,22-51
RAM5EA-54-21,,,RAM5EA,0.125,54-21
RAM86G8EA-81-04,,,RAM86G8EA,0.3333333333333333,81-04
RAM5EA-54-07,,,RAM5EA,0.125,54-07
RAM5EA-39-91-01,,,RAM5EA,0.125,39-91-01
RAM5EA-39-91,,,RAM5EA,0.125,39-91
RAM5EA-54-01,,,RAM5EA,0.125,54-01
RAM5EA-54-10,,,RAM5EA,0.125,54-10
SS500G2EA-15-19,,,SS500G2EA,0.1,15-19
SS1KG1EA-15-20,,,SS1KG1EA,0.1,15-20
SS1P2KG3EA-15-87-03,,,SS1P2KG3EA,0.3333333333333333,15-87-03
SS1P2KG3EA-15-87-04,,,SS1P2KG3EA,0.3333333333333333,15-87-04
PD1KG5EA-08-45,,,PD1KG5EA,0.5,08-45
PD1KG5EA-08-46,,,PD1KG5EA,0.5,08-46
RC850G6EA-11-74-02,,,RC850G6EA,0.5,11-74-02
RC850G6EA-11-74-04,,,RC850G6EA,0.5,11-74-04
GB140G12EA-10-02,,,GB140G12EA,0.25,10-02
GB130G12EA-10-07,,,GB130G12EA,0.25,10-07
GB280G6EA-10-14,,,GB280G6EA,0.25,10-14
GB230G6EA-10-01,,,GB230G6EA,0.25,10-01
GB130G12EA-19-17,,,GB130G12EA,0.25,19-17
GB280G6EA-10-29,,,GB280G6EA,0.25,10-29
GB130G12EA-14-15,,,GB130G12EA,0.25,14-15
GB300G6EA-10-00-02,,,GB300G6EA,0.25,10-00-02
GB280G6EA-10-14-02,,,GB280G6EA,0.25,10-14-02
GB230G6EA-46-04-01,,,GB230G6EA,0.25,46-04-01
GB140G12EA-46-04-02,,,GB140G12EA,0.25,46-04-02
GB280G6EA-10-21,,,GB280G6EA,0.25,10-21
YZ285G6EA-11-23,,,YZ285G6EA,0.25,11-23
YZ285G6EA-11-28,,,YZ285G6EA,0.25,11-28
YZ285G6EA-11-28-02,,,YZ285G6EA,0.25,11-28-02
YZ285G6EA-11-24,,,YZ285G6EA,0.25,11-24
FH6-19-20,,,FH6,0.25,19-20
FH6-14-13-01,,,FH6,0.25,14-13-01
FH6-14-13,,,FH6,0.25,14-13
FH6-14-12,,,FH6,0.25,14-12
FH6-14-10,,,FH6,0.25,14-10
FH6-14-02-02,,,FH6,0.25,14-02-02
FH6-14-01,,,FH6,0.25,14-01
FH6-11-17,,,FH6,0.25,11-17
FH6-10-08-02,,,FH6,0.25,10-08-02
FH6-10-04,,,FH6,0.25,10-04
FH6-10-00,,,FH6,0.25,10-00
A6_24-61,,,A6,0.25,24-61
A6_24-62,,,A6,0.25,24-62
A6_24-63,,,A6,0.25,24-63
A6_24-64,,,A6,0.25,24-64
A6_24-65,,,A6,0.25,24-65
KRPY1EA-67-73,,,KRPY1EA,0.125,67-73
KRPY1EA-67-73-01,,,KRPY1EA,0.125,67-73-01
MGG1EA-67-74,,,MGG1EA,0.0625,67-74
MGG1EA-67-74-01,,,MGG1EA,0.0625,67-74-01
MGG1EA-48-34,,,MGG1EA,0.0555555555555555,48-34
NRG1EA-66-07,,,NRG1EA,0.1,66-07
GNRG1EA-66-01,,,GNRG1EA,0.05,66-01
GNRG1EA-66-01-01,,,GNRG1EA,0.05,66-01-01
BT15EA-25-59-03,,,BT15EA,0.167,25-59-03
BT10EA-25-273,,,BT10EA,0.1,25-273
BT10EA-25-40-02,,,BT10EA,0.167,25-40-02
BT10EA-20-10,,,BT10EA,0.1,20-10
BT10EA-20-04,,,BT10EA,0.1,20-04
BT10EA-28-06,,,BT10EA,0.1,28-06
BT10EA-28-50,,,BT10EA,0.1,28-50
BT10EA-38-09-03,,,BT10EA,0.167,38-09-03
BT10EA-20-12-01,,,BT10EA,0.1,20-12-01
BT10EA-28-13,,,BT10EA,0.1,28-13
BT10EA-28-13-05,,,BT10EA,0.1,28-13-05
BT10EA-55-09,,,BT10EA,0.1,55-09
BT10EA-55-01-02,,,BT10EA,0.2,55-01-02
BT10EA-55-01,,,BT10EA,0.2,55-01
BT10EA-81-40,,,BT10EA,0.2,81-40
MMC1EA-65-54,,,MMC1EA,0.1,65-54
MMC1EA-65-53-02,,,MMC1EA,0.125,65-53-02
MMC1EA-65-53-01,,,MMC1EA,0.1,65-53-01
MMC1EA-65-53-02,,,MMC1EA,0.125,65-53-02
IMADE10EA-48-69,,,IMADE10EA,0.2,48-69
IMADE10EA-48-69-01,,,IMADE11EA,0.2,48-69-01
IMADE10EA-48-69-02,,,IMADE12EA,0.2,48-69-02
IMADE10EA-48-69-03,,,IMADE13EA,0.2,48-69-03
IMADE10EA-48-69-04,,,IMADE14EA,0.2,48-69-04
IMADE10EA-48-69-05,,,IMADE15EA,0.2,48-69-05
OIL1P8L6EA-53-01,,,OIL1P8L6EA,0.3333,53-01
PC001323,,,PC,0.0833333333333333,39-126-06
PC003582,,,PC,0.25,21-108-110-11
PC001066,,,PC,0.0208333333333333,10-07
PC001081,,,PC,0.0208333333333333,10-02
PC001958,,,PC,0.1,08-28
PC002457,,,PC,0.0208333333333333,46-04-02
PC003422,,,PC,0.1666666666666666,15-05
PC003913,,,PC,0.0833333333333333,53-01
PC001080,,,PC,0.0416666666666666,10-01
PC002510,,,PC,0.0277777777777777,11-03
PC002511,,,PC,0.0277777777777777,11-04
PC002652,,,PC,0.0208333333333333,11-16
PC002668,,,PC,0.0277777777777777,11-21
PC003265,,,PC,0.0277777777777777,15-07
PC003607,,,PC,0.0333333333333333,15-15-06
PC000346,,,PC,0.0416666666666666,14-10
PC001065,,,PC,0.0416666666666666,10-29
PC001069,,,PC,0.0416666666666666,10-14
PC001070,,,PC,0.0416666666666666,10-14-02
PC001765,,,PC,0.0416666666666666,18-01
PC002390,,,PC,0.0416666666666666,16-01
PC000345,,,PC,0.0416666666666666,14-03.
PC000351,,,PC,0.0416666666666666,14-04
PC001083,,,PC,0.0416666666666666,10-13
PC001767,,,PC,0.0416666666666666,18-02
PC003695,,,PC,0.0416666666666666,14-13-01
PC000356,,,PC,0.0416666666666666,14-01
PC000359,,,PC,0.0416666666666666,14-02-02
PC000362,,,PC,0.0416666666666666,14-12
PC000363,,,PC,0.0416666666666666,14-13
PC001074,,,PC,0.0416666666666666,10-04
PC002456,,,PC,0.0416666666666666,46-04
PC000669,,,PC,0.0833333333333333,01-18
PC001059,,,PC,0.0416666666666666,10-08-02
PC001082,,,PC,0.0416666666666666,10-00
PC002653,,,PC,0.0416666666666666,11-17
PC003739,,,PC,0.0416666666666666,11-74-01
PC003744,,,PC,0.0833333333333333,11-74-04
PC002759,,,PC,0.0416666666666666,17-01
PC002764,,,PC,0.0416666666666666,17-02
PC003742,,,PC,0.0833333333333333,11-74-02
PC004325,,,PC,0.05,42-36
PC004326,,,PC,0.05,42-36-01
PC002891,,,PC,0.125,21-108-110-07
BT10EA-28-43-01,,,BT10EA,0.2,28-43-01
SP300G5EA-15-03-10,,,SP300G5EA,0.25,15-03-10
CMN200T1EA-21-108-110-13,,,CMN200T1EA,0.25,21-108-110-13
PC004307,,,PC,0.0833333333333333,95-256-09-01
PC005526,,,PC,0.0833333333333333,11-222-08-01
PC004737,,,PC,0.0833333333333333,306-69-08-01
PC004740,,,PC,0.0833333333333333,306-33-08-01
PC004298,,,PC,0.0833333333333333,18-311-08-01
PC004299,,,PC,0.0833333333333333,18-311-08-02
PC004300,,,PC,0.0833333333333333,18-311-08-03
PC004301,,,PC,0.0833333333333333,18-311-08-04
PC005008,,,PC,0.1666666666666666,243-238-08-02
PC005548,,,PC,0.1,110-166-07-01
PC004376,,,PC,0.0833333333333333,97-35-01-01
PC004341,,,PC,0.0416666666666666,156-191-06-01
PC005332,,,PC,0.0416666666666666,156-274-06-01
PC005045,,,PC,0.25,241-134-50-01
PC005735,,,PC,0.25,241-135-50-01
PC005722,,,PC,0.3333333333333333,638-134-50-01
PC004841,,,PC,0.0833333333333333,271-34-05-02
PC004901,,,PC,0.0833333333333333,254-173-01-01
PC004900,,,PC,0.0833333333333333,254-173-01-02
PC004349,,,PC,0.0833333333333333,86-66-05-02
PC004336,,,PC,0.0833333333333333,86-66-05-0211
PC005314,,,PC,0.0166666666666666,159-02-01-02
PC005101,,,PC,0.0833333333333333,213-161-05-01
PC004536,,,PC,0.0416666666666666,68-177-05-05
PC004306,,,PC,0.0416666666666666,96-177-05-01
PC005759,,,PC,0.0416666666666666,266-177-10-04
PC004852,,,PC,0.05,270-175-05-01
PC004850,,,PC,0.05,270-175-05-03
PC004318,,,PC,0.0833333333333333,98-40-05-01
PC004293,,,PC,0.0416666666666666,18-48-04-01
PC005416,,,PC,0.0416666666666666,149-100-04-01
PC004435,,,PC,0.05,94-01-04-07
PC005697,,,PC,0.05,94-01-04-09
PC005698,,,PC,0.05,94-01-04-10
PC005525,,,PC,0.1666666666666666,11-222-30-01
PC000041,,,PC,0.1666666666666666,13-02.
PC005201,,,PC,0.1666666666666666,17-33-30-01
PC005183,,,PC,0.1666666666666666,17-69-30-01
PC004294,,,PC,0.1666666666666666,18-131-30-01
PC004337,,,PC,0.1666666666666666,27-261-30-03
PC005715,,,PC,0.1666666666666666,27-261-30-04
PC004723,,,PC,0.1666666666666666,32-17-30-01
PC004562,,,PC,0.1666666666666666,52-176-30-01
PC004559,,,PC,0.1666666666666666,52-272-30-01
PC005562,,,PC,0.1666666666666666,103-15-30-01
PC005415,,,PC,0.1666666666666666,149-100-30-01
PC005159,,,PC,0.1666666666666666,190-15-30-01
PC004948,,,PC,0.1666666666666666,246-100-30-01
PC004947,,,PC,0.1666666666666666,246-100-30-02
PC004946,,,PC,0.1666666666666666,246-100-30-03
PC004935,,,PC,0.1666666666666666,246-151-30-02
PC004931,,,PC,0.1666666666666666,246-219-30-01
PC004930,,,PC,0.1666666666666666,246-219-30-02
PC004929,,,PC,0.1666666666666666,246-219-30-03
PC004869,,,PC,0.1666666666666666,265-12-30-01
PC004813,,,PC,0.1666666666666666,277-15-30-02
PC004739,,,PC,0.1666666666666666,306-33-30-01
PC004308,,,PC,0.0833333333333333,94-28-03-01
PC002758,,,PC,0.1666666666666666,17-04
PC002105,,,PC,0.0416666666666666,23-85
PC004738,,,PC,0.1666666666666666,306-33-30-02
PC005708,,,PC,0.25,215-238-09-03
PC004718,,,PC,0.1666666666666666,32-43-30-01
PC004312,,,PC,0.125,36-152-20-02
PC004342,,,PC,0.1666666666666666,11-89-20-01
PC005713,,,PC,0.1666666666666666,15-83
PC004942,,,PC,0.1666666666666666,246-108-10-01
PC004941,,,PC,0.1666666666666666,246-108-20-01
PC004295,,,PC,0.1666666666666666,18-220-20-01
PC005329,,,PC,0.0833333333333333,156-300-02-01
PC004310,,,PC,0.1666666666666666,93-121-02-01
PC005253,,,PC,0.1666666666666666,161-308-02-02
PC005182,,,PC,0.0333333333333333,177-311-02-01
PC004425,,,PC,0.0666666666666666,94-35-02-01
PC004317,,,PC,0.0833333333333333,97-25-02-01
PC004292,,,PC,0.1666666666666666,18-03-20-01
PC004340,,,PC,0.1666666666666666,32-176-30-02
PC004937,,,PC,0.1666666666666666,246-151-20-01
PC004296,,,PC,0.1666666666666666,18-216-20-01
PC004297,,,PC,0.1666666666666666,18-48-20-01
PC004857,,,PC,0.1666666666666666,266-42-20-01
PC004453,,,PC,0.125,92-288-20-02
PC004344,,,PC,0.125,92-288-20-03
PC005756,,,PC,0.125,92-288-86-01
PC005757,,,PC,0.125,92-288-86-02
PC005247,,,PC,0.1666666666666666,161-308-20-04
PC005239,,,PC,0.1666666666666666,161-98-20-02
PC004793,,,PC,0.125,290-89-10-08
PC004343,,,PC,0.1666666666666666,11-61-09-01
PC004903,,,PC,0.1666666666666666,254-110-10-01
PC004313,,,PC,0.1,15-244-10-01
PC004605,,,PC,0.1,39-39-10-02
PC004648,,,PC,0.1,39-213-10-01
PC004319,,,PC,0.1,99-79-10-01
PC004949,,,PC,0.1,246-06-10-01
PC005330,,,PC,0.0416666666666666,156-300-01-01
PC005245,,,PC,1.0,16-167-150-01
PC004429,,,PC,0.0833333333333333,94-221-01-01
PC005041,,,PC,1.0,242-327-130-01
PC005218,,,PC,1.0,165-81-130-01
PC005616,,,PC,1.0,07-192-120-01
PC004430,,,PC,0.0833333333333333,94-144-01-01
PC005780,,,PC,1.0,152-555-89-99
PC005316,,,PC,0.125,15-88-10-01
PC005723,,,PC,0.125,15-245-150-02
PC005237,,,PC,0.1666666666666666,16-230-10-01
PC004589,,,PC,0.1666666666666666,39-88-10-02
PC004823,,,PC,0.1,274-245-10-01
PC000355,,,PC,0.1666666666666666,14-25
PC005318,,,PC,0.1666666666666666,15-86-10-01
PC005875,,,PC,0.1,123-25-55-1
"PC004305
",,,PC,0.05,62-39-03
"PC004304
",,,PC,0.05,62-39-02
"PC004303
",,,PC,0.05,62-39
"PC004302
",,,PC,0.05,62-39-01
PC005904,,,PC,0.1666666666666666,278-15-30-01
PC003738,,,PC,0.1666666666666666,11-74
PC003745,,,PC,0.1666666666666666,11-74-05
